campaign,result_file,case,label,environment_overrides_json,environment_recorded,threads,cpus,profiled,output_mode,measured_default_workers,phase_budget,requested_phase_cap,inferred_effective_phase_workers,inferred_phase_cap_active,worker_evidence,binary_instrumented,complete_case_variant,binary_sha256,source_commit,source_lineage,source_base_anchor,source_tree_sha1,provenance_evidence,output_sha256,output_hash_scope,raw_result_sha256,command_json,cwd,sample_count,wall_p50_ms,wall_p95_ms,wall_p99_ms,wall_max_ms,user_cpu_median_ms,sys_cpu_median_ms,total_cpu_median_ms,peak_rss_median_mib,peak_rss_max_mib
next-20261006,confirm-clang-latest.json,clang,latest-control,{},True,default,32-63,False,reused,,,,,,,False,True,7bbec3c1526448e4e5426c2dada974e9c2017bfb531ca91de7b70dd6769b06ef,f1dec0f067198959a1339e761f27f27ccc4179d1,latest_upstream_75200_control,75200f107ee958227e87a96e67ad491567a4854a,477ec9dc04c08e57857d990b550b9e582cd1103b,Build agent frozen binary; validation/latest-control/ logs; original binaries untouched,3fa34d9efa75ab05e4a553e9116f5943bd6a3defa8ba3b3c017b1aef37216c88,last measured link for case/label,41c2f4607d5078eafbc9005b5806043e7710f6e8a6561c64ea12ef2cab58f7f1,"[""taskset"",""-c"",""32-63"",""/home/callen/work/mold-next-20261006/bin/latest-control"",""@response.txt"",""-o"",""codex-next.out"",""--no-fork""]",/home/callen/work/mold-bench/wl/clang.d,80,293.8914489932358,303.8356862962246,339.3970928154886,339.3970928154886,2068.8615,5223.0560000000005,7268.798500000001,4705.474609375,4735.79296875
next-20261006,confirm-clang-latest.json,clang,latest-p1,{},True,default,32-63,False,reused,,,,,,,False,True,8179754f5ed1dbdea1b6310fea377e78faafc3098bd15b6a95824596962d9a5e,e41a4bd5ecfd23d318d4ce4a0a089f2e35a60e95,latest_upstream_75200_p1_only,75200f107ee958227e87a96e67ad491567a4854a,764bd5b40739e1abb08adef1b841a1341a52b801,Build agent separately frozen latest-p1 isolation binary; same Cargo.lock and build flags as latest control/combined,3fa34d9efa75ab05e4a553e9116f5943bd6a3defa8ba3b3c017b1aef37216c88,last measured link for case/label,41c2f4607d5078eafbc9005b5806043e7710f6e8a6561c64ea12ef2cab58f7f1,"[""taskset"",""-c"",""32-63"",""/home/callen/work/mold-next-20261006/bin/latest-p1"",""@response.txt"",""-o"",""codex-next.out"",""--no-fork""]",/home/callen/work/mold-bench/wl/clang.d,80,294.1749549936503,306.44696298986673,325.7585968822241,325.7585968822241,2067.8140000000003,5569.4215,7628.5785,4706.384765625,4733.8203125
next-20261006,confirm-clang-latest.json,clang,latest-omnibus,{},True,default,32-63,False,reused,,,,,,,False,True,0257d93ddd1a92d5990d92294b8ae6d252bacff30dcb492f8755a8905d90d60b,8e522e5217adea17329e8e2eeb753fc482de4b16,latest_upstream_75200_candidate,75200f107ee958227e87a96e67ad491567a4854a,685c311da42ed34e451e851da1e1170fcedadf07,Build agent frozen binary; validation/latest-omnibus/ logs; original binaries untouched,3fa34d9efa75ab05e4a553e9116f5943bd6a3defa8ba3b3c017b1aef37216c88,last measured link for case/label,41c2f4607d5078eafbc9005b5806043e7710f6e8a6561c64ea12ef2cab58f7f1,"[""taskset"",""-c"",""32-63"",""/home/callen/work/mold-next-20261006/bin/latest-omnibus"",""@response.txt"",""-o"",""codex-next.out"",""--no-fork""]",/home/callen/work/mold-bench/wl/clang.d,80,271.9906985294074,283.72902516275644,303.09200705960393,303.09200705960393,2131.7619999999997,3965.784,6091.375,4704.796875,4731.58984375
next-20261006,confirm-g1-h1.json,lld,baseline,{},True,default,32-63,False,reused,32,,,,,topics/s2-assignment-counts/counts.json,False,True,529467bd57e056195fb71065d51881e0265e4bfabd6d879b2563a2ec9172f184,f8638be95ae14954ec3b1029e6008128d7a27f1b,original_topic_baseline,f8638be95ae14954ec3b1029e6008128d7a27f1b,006bcd0f9f50ce2c1d0660c43cf9b03f51534970,parent frozen baseline,5de7d2ef5dc164818fdbdb3d53d1f433c4bf90a9755bdce13b88e694fafcb763,last measured link for case/label,ceba7b9f2c0af26ecc4f648512d86d04440b308c37cd136681c0117003175dc9,"[""taskset"",""-c"",""32-63"",""/home/callen/work/mold-next-20261006/bin/baseline"",""@response.txt"",""-o"",""codex-next.out"",""--no-fork""]",/home/callen/work/mold-bench/wl/lld/cur,50,199.82180721126497,208.23312597349286,209.44011630490422,209.44011630490422,1247.298,3247.121,4498.1225,2718.49609375,2749.71875
next-20261006,confirm-g1-h1.json,lld,g1,{},True,default,32-63,False,reused,32,,,,,topics/s2-assignment-counts/counts.json,False,True,83c8aa3650b328a8e8c44fbc07d08d7d73452ca20a166b04196c0a7ba1f0a57d,25c7f28ff8360e5aeba3c1a8880eb318dbf39d5c,original_topic_baseline,f8638be95ae14954ec3b1029e6008128d7a27f1b,5d19bcb07e6292da267d829d8037e8e439b7a1bc,topics/g1.md,5de7d2ef5dc164818fdbdb3d53d1f433c4bf90a9755bdce13b88e694fafcb763,last measured link for case/label,ceba7b9f2c0af26ecc4f648512d86d04440b308c37cd136681c0117003175dc9,"[""taskset"",""-c"",""32-63"",""/home/callen/work/mold-next-20261006/bin/g1"",""@response.txt"",""-o"",""codex-next.out"",""--no-fork""]",/home/callen/work/mold-bench/wl/lld/cur,50,201.05599728412926,210.87598334997892,224.92058714851737,224.92058714851737,1266.9765000000002,3352.8815,4612.728000000001,2727.416015625,2755.14453125
next-20261006,confirm-g1-h1.json,lld,h1,{},True,default,32-63,False,reused,32,,,,,topics/s2-assignment-counts/counts.json,False,True,63323bbb928fc45b6b090c9f6e2e3aad23170c9401f239ca289e37d9c5614d6b,e3347c30bc6d4827a62357599fb9ac5ae528d08f,original_topic_baseline,f8638be95ae14954ec3b1029e6008128d7a27f1b,7077d37395f4314f588452ee4bbe6798f287dbad,topics/h1.md,5de7d2ef5dc164818fdbdb3d53d1f433c4bf90a9755bdce13b88e694fafcb763,last measured link for case/label,ceba7b9f2c0af26ecc4f648512d86d04440b308c37cd136681c0117003175dc9,"[""taskset"",""-c"",""32-63"",""/home/callen/work/mold-next-20261006/bin/h1"",""@response.txt"",""-o"",""codex-next.out"",""--no-fork""]",/home/callen/work/mold-bench/wl/lld/cur,50,185.55433256551623,191.88912212848663,199.98781196773052,199.98781196773052,1308.0059999999999,2589.874,3936.4145,2725.94921875,2755.76953125
next-20261006,confirm-g1-h1.json,clang,baseline,{},True,default,32-63,False,reused,32,,,,,topics/s2-assignment-counts/counts.json,False,True,529467bd57e056195fb71065d51881e0265e4bfabd6d879b2563a2ec9172f184,f8638be95ae14954ec3b1029e6008128d7a27f1b,original_topic_baseline,f8638be95ae14954ec3b1029e6008128d7a27f1b,006bcd0f9f50ce2c1d0660c43cf9b03f51534970,parent frozen baseline,3fa34d9efa75ab05e4a553e9116f5943bd6a3defa8ba3b3c017b1aef37216c88,last measured link for case/label,ceba7b9f2c0af26ecc4f648512d86d04440b308c37cd136681c0117003175dc9,"[""taskset"",""-c"",""32-63"",""/home/callen/work/mold-next-20261006/bin/baseline"",""@response.txt"",""-o"",""codex-next.out"",""--no-fork""]",/home/callen/work/mold-bench/wl/clang.d,50,299.48986135423183,312.0070300064981,316.53496995568275,316.53496995568275,2036.071,5407.443499999999,7382.5615,4704.708984375,4733.2265625
next-20261006,confirm-g1-h1.json,clang,g1,{},True,default,32-63,False,reused,32,,,,,topics/s2-assignment-counts/counts.json,False,True,83c8aa3650b328a8e8c44fbc07d08d7d73452ca20a166b04196c0a7ba1f0a57d,25c7f28ff8360e5aeba3c1a8880eb318dbf39d5c,original_topic_baseline,f8638be95ae14954ec3b1029e6008128d7a27f1b,5d19bcb07e6292da267d829d8037e8e439b7a1bc,topics/g1.md,3fa34d9efa75ab05e4a553e9116f5943bd6a3defa8ba3b3c017b1aef37216c88,last measured link for case/label,ceba7b9f2c0af26ecc4f648512d86d04440b308c37cd136681c0117003175dc9,"[""taskset"",""-c"",""32-63"",""/home/callen/work/mold-next-20261006/bin/g1"",""@response.txt"",""-o"",""codex-next.out"",""--no-fork""]",/home/callen/work/mold-bench/wl/clang.d,50,301.50996265001595,313.1133783608675,354.31843996047974,354.31843996047974,2065.0785,5231.704,7240.017,4703.88671875,4738.41796875
next-20261006,confirm-g1-h1.json,clang,h1,{},True,default,32-63,False,reused,32,,,,,topics/s2-assignment-counts/counts.json,False,True,63323bbb928fc45b6b090c9f6e2e3aad23170c9401f239ca289e37d9c5614d6b,e3347c30bc6d4827a62357599fb9ac5ae528d08f,original_topic_baseline,f8638be95ae14954ec3b1029e6008128d7a27f1b,7077d37395f4314f588452ee4bbe6798f287dbad,topics/h1.md,3fa34d9efa75ab05e4a553e9116f5943bd6a3defa8ba3b3c017b1aef37216c88,last measured link for case/label,ceba7b9f2c0af26ecc4f648512d86d04440b308c37cd136681c0117003175dc9,"[""taskset"",""-c"",""32-63"",""/home/callen/work/mold-next-20261006/bin/h1"",""@response.txt"",""-o"",""codex-next.out"",""--no-fork""]",/home/callen/work/mold-bench/wl/clang.d,50,275.07810248062015,286.8814589455724,295.3972420655191,295.3972420655191,2131.721,3175.018,5296.17,4704.814453125,4734.03515625
next-20261006,confirm-g1-h1.json,ra,baseline,{},True,default,32-63,False,reused,32,,,,,topics/s2-assignment-counts/counts.json,False,True,529467bd57e056195fb71065d51881e0265e4bfabd6d879b2563a2ec9172f184,f8638be95ae14954ec3b1029e6008128d7a27f1b,original_topic_baseline,f8638be95ae14954ec3b1029e6008128d7a27f1b,006bcd0f9f50ce2c1d0660c43cf9b03f51534970,parent frozen baseline,c54bb48368d1b75376996429c790ab2e8895d835a4a9c466d93bfa77274d4947,last measured link for case/label,ceba7b9f2c0af26ecc4f648512d86d04440b308c37cd136681c0117003175dc9,"[""taskset"",""-c"",""32-63"",""/home/callen/work/mold-next-20261006/bin/baseline"",""@response.txt"",""-o"",""codex-next.out"",""--no-fork""]",/home/callen/work/mold-bench/wl/ra.d,50,127.662522951141,144.81166005134583,153.0493521131575,153.0493521131575,2057.1785,378.42049999999995,2442.4389999999994,2016.90625,2034.92578125
next-20261006,confirm-g1-h1.json,ra,g1,{},True,default,32-63,False,reused,32,,,,,topics/s2-assignment-counts/counts.json,False,True,83c8aa3650b328a8e8c44fbc07d08d7d73452ca20a166b04196c0a7ba1f0a57d,25c7f28ff8360e5aeba3c1a8880eb318dbf39d5c,original_topic_baseline,f8638be95ae14954ec3b1029e6008128d7a27f1b,5d19bcb07e6292da267d829d8037e8e439b7a1bc,topics/g1.md,c54bb48368d1b75376996429c790ab2e8895d835a4a9c466d93bfa77274d4947,last measured link for case/label,ceba7b9f2c0af26ecc4f648512d86d04440b308c37cd136681c0117003175dc9,"[""taskset"",""-c"",""32-63"",""/home/callen/work/mold-next-20261006/bin/g1"",""@response.txt"",""-o"",""codex-next.out"",""--no-fork""]",/home/callen/work/mold-bench/wl/ra.d,50,125.2559560816735,143.837823998183,158.8944005779922,158.8944005779922,2041.509,387.26800000000003,2445.6505,2018.98046875,2031.4140625
next-20261006,confirm-g1-h1.json,ra,h1,{},True,default,32-63,False,reused,32,,,,,topics/s2-assignment-counts/counts.json,False,True,63323bbb928fc45b6b090c9f6e2e3aad23170c9401f239ca289e37d9c5614d6b,e3347c30bc6d4827a62357599fb9ac5ae528d08f,original_topic_baseline,f8638be95ae14954ec3b1029e6008128d7a27f1b,7077d37395f4314f588452ee4bbe6798f287dbad,topics/h1.md,c54bb48368d1b75376996429c790ab2e8895d835a4a9c466d93bfa77274d4947,last measured link for case/label,ceba7b9f2c0af26ecc4f648512d86d04440b308c37cd136681c0117003175dc9,"[""taskset"",""-c"",""32-63"",""/home/callen/work/mold-next-20261006/bin/h1"",""@response.txt"",""-o"",""codex-next.out"",""--no-fork""]",/home/callen/work/mold-bench/wl/ra.d,50,127.26480956189334,152.7508101426065,168.0684038437903,168.0684038437903,2065.1845,376.77099999999996,2451.3450000000003,2018.806640625,2035.6484375
next-20261006,confirm-g1-h1.json,ra-s,baseline,{},True,default,32-63,False,reused,32,,,,,topics/s2-assignment-counts/counts.json,False,True,529467bd57e056195fb71065d51881e0265e4bfabd6d879b2563a2ec9172f184,f8638be95ae14954ec3b1029e6008128d7a27f1b,original_topic_baseline,f8638be95ae14954ec3b1029e6008128d7a27f1b,006bcd0f9f50ce2c1d0660c43cf9b03f51534970,parent frozen baseline,5b7b53af257f19a253831ab081923075b0f10190728da4aa399eab3b15860b6c,last measured link for case/label,ceba7b9f2c0af26ecc4f648512d86d04440b308c37cd136681c0117003175dc9,"[""taskset"",""-c"",""32-63"",""/home/callen/work/mold-next-20261006/bin/baseline"",""@response.txt"",""-o"",""codex-next.out"",""--no-fork"",""--strip-debug""]",/home/callen/work/mold-bench/wl/ra.d,50,111.67093808762729,130.6105200201273,155.92192905023694,155.92192905023694,1614.538,322.0045,1928.1484999999998,1413.83984375,1437.1875
next-20261006,confirm-g1-h1.json,ra-s,g1,{},True,default,32-63,False,reused,32,,,,,topics/s2-assignment-counts/counts.json,False,True,83c8aa3650b328a8e8c44fbc07d08d7d73452ca20a166b04196c0a7ba1f0a57d,25c7f28ff8360e5aeba3c1a8880eb318dbf39d5c,original_topic_baseline,f8638be95ae14954ec3b1029e6008128d7a27f1b,5d19bcb07e6292da267d829d8037e8e439b7a1bc,topics/g1.md,5b7b53af257f19a253831ab081923075b0f10190728da4aa399eab3b15860b6c,last measured link for case/label,ceba7b9f2c0af26ecc4f648512d86d04440b308c37cd136681c0117003175dc9,"[""taskset"",""-c"",""32-63"",""/home/callen/work/mold-next-20261006/bin/g1"",""@response.txt"",""-o"",""codex-next.out"",""--no-fork"",""--strip-debug""]",/home/callen/work/mold-bench/wl/ra.d,50,110.21946091204882,124.15237026289105,128.43285501003265,128.43285501003265,1603.341,322.4865,1934.8505,1416.724609375,1438.01953125
next-20261006,confirm-g1-h1.json,ra-s,h1,{},True,default,32-63,False,reused,32,,,,,topics/s2-assignment-counts/counts.json,False,True,63323bbb928fc45b6b090c9f6e2e3aad23170c9401f239ca289e37d9c5614d6b,e3347c30bc6d4827a62357599fb9ac5ae528d08f,original_topic_baseline,f8638be95ae14954ec3b1029e6008128d7a27f1b,7077d37395f4314f588452ee4bbe6798f287dbad,topics/h1.md,5b7b53af257f19a253831ab081923075b0f10190728da4aa399eab3b15860b6c,last measured link for case/label,ceba7b9f2c0af26ecc4f648512d86d04440b308c37cd136681c0117003175dc9,"[""taskset"",""-c"",""32-63"",""/home/callen/work/mold-next-20261006/bin/h1"",""@response.txt"",""-o"",""codex-next.out"",""--no-fork"",""--strip-debug""]",/home/callen/work/mold-bench/wl/ra.d,50,111.93009209819138,133.8652092963457,139.9466865696013,139.9466865696013,1627.105,317.101,1936.8315,1414.974609375,1433.57421875
next-20261006,final-phases-latest.json,hello,latest-omnibus,{},True,default,32-63,True,reused,,,,,,,True,True,077b9de49b3ef25e46128bc78da9c9977efc9ba6e0a131389d6474ee37881155,5edabcfadbd9ff94ff4d9c778882e200f185a34a,latest_upstream_75200_candidate_instrumented,75200f107ee958227e87a96e67ad491567a4854a,66daf46aea5df8da242e5b380d4003a38424ba2b,Profiling agent frozen manifest-latest.json; interval instrumentation matches prior patch identity,7277a7318c05b3cb221c9ddc1995bba0deea7b291589fb6ce0ccf8f3857e3d80,last measured link for case/label,3bae0d2879604eec052992be5dacbe64116f5e86e7f96124d75fd0c6d18114c2,"[""taskset"",""-c"",""32-63"",""/home/callen/work/mold-next-20261006/bin/latest-omnibus-profile"",""@response.txt"",""-o"",""codex-next.out"",""--no-fork"",""--perf""]",/home/callen/work/mold-bench/wl/hello/cur,12,3.6981836892664433,4.433734808117151,4.433734808117151,4.433734808117151,1.418,2.327,3.5725,17.19140625,17.19140625
next-20261006,final-phases-latest.json,hello,latest-control,{},True,default,32-63,True,reused,,,,,,,True,True,d15be68a45325b7a1708ff14b87c0ec4ac7b8e1a143c232832b19076606fe12e,9acc87021b8923bb8562178ee3410d62852f0e62,latest_upstream_75200_control_instrumented,75200f107ee958227e87a96e67ad491567a4854a,bf4aa22d83f5a55f893ae8833fd9fcff1a7e82f8,Profiling agent frozen manifest-latest.json; interval instrumentation matches prior patch identity,7277a7318c05b3cb221c9ddc1995bba0deea7b291589fb6ce0ccf8f3857e3d80,last measured link for case/label,3bae0d2879604eec052992be5dacbe64116f5e86e7f96124d75fd0c6d18114c2,"[""taskset"",""-c"",""32-63"",""/home/callen/work/mold-next-20261006/bin/latest-control-profile"",""@response.txt"",""-o"",""codex-next.out"",""--no-fork"",""--perf""]",/home/callen/work/mold-bench/wl/hello/cur,12,4.11890191026032,4.333943128585815,4.333943128585815,4.333943128585815,1.9835,1.9835,4.011000000000001,17.19140625,17.19140625
next-20261006,final-phases-latest.json,rhello,latest-omnibus,{},True,default,32-63,True,reused,,,,,,,True,True,077b9de49b3ef25e46128bc78da9c9977efc9ba6e0a131389d6474ee37881155,5edabcfadbd9ff94ff4d9c778882e200f185a34a,latest_upstream_75200_candidate_instrumented,75200f107ee958227e87a96e67ad491567a4854a,66daf46aea5df8da242e5b380d4003a38424ba2b,Profiling agent frozen manifest-latest.json; interval instrumentation matches prior patch identity,967631a389972f215d294980db400e57627ca2a4fdc60a7316b5bbeb7cf998b6,last measured link for case/label,3bae0d2879604eec052992be5dacbe64116f5e86e7f96124d75fd0c6d18114c2,"[""taskset"",""-c"",""32-63"",""/home/callen/work/mold-next-20261006/bin/latest-omnibus-profile"",""@response.txt"",""-o"",""codex-next.out"",""--no-fork"",""--perf""]",/home/callen/work/mold-bench/wl/rhello/cur,12,11.96348574012518,12.345274910330772,12.345274910330772,12.345274910330772,11.125999999999998,7.2204999999999995,18.355999999999998,46.328125,47.703125
next-20261006,final-phases-latest.json,rhello,latest-control,{},True,default,32-63,True,reused,,,,,,,True,True,d15be68a45325b7a1708ff14b87c0ec4ac7b8e1a143c232832b19076606fe12e,9acc87021b8923bb8562178ee3410d62852f0e62,latest_upstream_75200_control_instrumented,75200f107ee958227e87a96e67ad491567a4854a,bf4aa22d83f5a55f893ae8833fd9fcff1a7e82f8,Profiling agent frozen manifest-latest.json; interval instrumentation matches prior patch identity,967631a389972f215d294980db400e57627ca2a4fdc60a7316b5bbeb7cf998b6,last measured link for case/label,3bae0d2879604eec052992be5dacbe64116f5e86e7f96124d75fd0c6d18114c2,"[""taskset"",""-c"",""32-63"",""/home/callen/work/mold-next-20261006/bin/latest-control-profile"",""@response.txt"",""-o"",""codex-next.out"",""--no-fork"",""--perf""]",/home/callen/work/mold-bench/wl/rhello/cur,12,11.928472900763154,12.565488927066326,12.565488927066326,12.565488927066326,11.462,6.6995,18.423,46.25,46.83984375
next-20261006,final-phases-latest.json,tblgen,latest-omnibus,{},True,default,32-63,True,reused,,,,,,,True,True,077b9de49b3ef25e46128bc78da9c9977efc9ba6e0a131389d6474ee37881155,5edabcfadbd9ff94ff4d9c778882e200f185a34a,latest_upstream_75200_candidate_instrumented,75200f107ee958227e87a96e67ad491567a4854a,66daf46aea5df8da242e5b380d4003a38424ba2b,Profiling agent frozen manifest-latest.json; interval instrumentation matches prior patch identity,63b068abefeb622662818685a0794d8e5c7e8a5d651213eda3577810ea3369cd,last measured link for case/label,3bae0d2879604eec052992be5dacbe64116f5e86e7f96124d75fd0c6d18114c2,"[""taskset"",""-c"",""32-63"",""/home/callen/work/mold-next-20261006/bin/latest-omnibus-profile"",""@response.txt"",""-o"",""codex-next.out"",""--no-fork"",""--perf""]",/home/callen/work/mold-bench/wl/tblgen/cur,12,18.446102272719145,18.968820106238127,18.968820106238127,18.968820106238127,70.01499999999999,46.658,116.609,177.28125,180.3828125
next-20261006,final-phases-latest.json,tblgen,latest-control,{},True,default,32-63,True,reused,,,,,,,True,True,d15be68a45325b7a1708ff14b87c0ec4ac7b8e1a143c232832b19076606fe12e,9acc87021b8923bb8562178ee3410d62852f0e62,latest_upstream_75200_control_instrumented,75200f107ee958227e87a96e67ad491567a4854a,bf4aa22d83f5a55f893ae8833fd9fcff1a7e82f8,Profiling agent frozen manifest-latest.json; interval instrumentation matches prior patch identity,63b068abefeb622662818685a0794d8e5c7e8a5d651213eda3577810ea3369cd,last measured link for case/label,3bae0d2879604eec052992be5dacbe64116f5e86e7f96124d75fd0c6d18114c2,"[""taskset"",""-c"",""32-63"",""/home/callen/work/mold-next-20261006/bin/latest-control-profile"",""@response.txt"",""-o"",""codex-next.out"",""--no-fork"",""--perf""]",/home/callen/work/mold-bench/wl/tblgen/cur,12,18.872814951464534,19.93481582030654,19.93481582030654,19.93481582030654,72.05799999999999,49.4215,121.8675,178.09375,181.08984375
next-20261006,final-phases-latest.json,lld,latest-omnibus,{},True,default,32-63,True,reused,,,,,,,True,True,077b9de49b3ef25e46128bc78da9c9977efc9ba6e0a131389d6474ee37881155,5edabcfadbd9ff94ff4d9c778882e200f185a34a,latest_upstream_75200_candidate_instrumented,75200f107ee958227e87a96e67ad491567a4854a,66daf46aea5df8da242e5b380d4003a38424ba2b,Profiling agent frozen manifest-latest.json; interval instrumentation matches prior patch identity,5de7d2ef5dc164818fdbdb3d53d1f433c4bf90a9755bdce13b88e694fafcb763,last measured link for case/label,3bae0d2879604eec052992be5dacbe64116f5e86e7f96124d75fd0c6d18114c2,"[""taskset"",""-c"",""32-63"",""/home/callen/work/mold-next-20261006/bin/latest-omnibus-profile"",""@response.txt"",""-o"",""codex-next.out"",""--no-fork"",""--perf""]",/home/callen/work/mold-bench/wl/lld/cur,12,78.68310646153986,84.33304075151682,84.33304075151682,84.33304075151682,1456.998,335.3805,1791.2399999999998,2724.8359375,2735.484375
next-20261006,final-phases-latest.json,lld,latest-control,{},True,default,32-63,True,reused,,,,,,,True,True,d15be68a45325b7a1708ff14b87c0ec4ac7b8e1a143c232832b19076606fe12e,9acc87021b8923bb8562178ee3410d62852f0e62,latest_upstream_75200_control_instrumented,75200f107ee958227e87a96e67ad491567a4854a,bf4aa22d83f5a55f893ae8833fd9fcff1a7e82f8,Profiling agent frozen manifest-latest.json; interval instrumentation matches prior patch identity,5de7d2ef5dc164818fdbdb3d53d1f433c4bf90a9755bdce13b88e694fafcb763,last measured link for case/label,3bae0d2879604eec052992be5dacbe64116f5e86e7f96124d75fd0c6d18114c2,"[""taskset"",""-c"",""32-63"",""/home/callen/work/mold-next-20261006/bin/latest-control-profile"",""@response.txt"",""-o"",""codex-next.out"",""--no-fork"",""--perf""]",/home/callen/work/mold-bench/wl/lld/cur,12,79.41101072356105,83.33257399499416,83.33257399499416,83.33257399499416,1476.104,331.405,1804.6844999999998,2723.498046875,2740.4140625
next-20261006,final-phases-latest.json,clang,latest-omnibus,{},True,default,32-63,True,reused,,,,,,,True,True,077b9de49b3ef25e46128bc78da9c9977efc9ba6e0a131389d6474ee37881155,5edabcfadbd9ff94ff4d9c778882e200f185a34a,latest_upstream_75200_candidate_instrumented,75200f107ee958227e87a96e67ad491567a4854a,66daf46aea5df8da242e5b380d4003a38424ba2b,Profiling agent frozen manifest-latest.json; interval instrumentation matches prior patch identity,3fa34d9efa75ab05e4a553e9116f5943bd6a3defa8ba3b3c017b1aef37216c88,last measured link for case/label,3bae0d2879604eec052992be5dacbe64116f5e86e7f96124d75fd0c6d18114c2,"[""taskset"",""-c"",""32-63"",""/home/callen/work/mold-next-20261006/bin/latest-omnibus-profile"",""@response.txt"",""-o"",""codex-next.out"",""--no-fork"",""--perf""]",/home/callen/work/mold-bench/wl/clang.d,12,271.826104959473,284.47556495666504,284.47556495666504,284.47556495666504,2169.2645,4484.208500000001,6634.901999999999,4706.0078125,4729.05078125
next-20261006,final-phases-latest.json,clang,latest-control,{},True,default,32-63,True,reused,,,,,,,True,True,d15be68a45325b7a1708ff14b87c0ec4ac7b8e1a143c232832b19076606fe12e,9acc87021b8923bb8562178ee3410d62852f0e62,latest_upstream_75200_control_instrumented,75200f107ee958227e87a96e67ad491567a4854a,bf4aa22d83f5a55f893ae8833fd9fcff1a7e82f8,Profiling agent frozen manifest-latest.json; interval instrumentation matches prior patch identity,3fa34d9efa75ab05e4a553e9116f5943bd6a3defa8ba3b3c017b1aef37216c88,last measured link for case/label,3bae0d2879604eec052992be5dacbe64116f5e86e7f96124d75fd0c6d18114c2,"[""taskset"",""-c"",""32-63"",""/home/callen/work/mold-next-20261006/bin/latest-control-profile"",""@response.txt"",""-o"",""codex-next.out"",""--no-fork"",""--perf""]",/home/callen/work/mold-bench/wl/clang.d,12,296.1214550305158,309.77201322093606,309.77201322093606,309.77201322093606,2141.1835,6196.4365,8343.099,4703.107421875,4725.7890625
next-20261006,final-phases-latest.json,clang-s,latest-omnibus,{},True,default,32-63,True,reused,,,,,,,True,True,077b9de49b3ef25e46128bc78da9c9977efc9ba6e0a131389d6474ee37881155,5edabcfadbd9ff94ff4d9c778882e200f185a34a,latest_upstream_75200_candidate_instrumented,75200f107ee958227e87a96e67ad491567a4854a,66daf46aea5df8da242e5b380d4003a38424ba2b,Profiling agent frozen manifest-latest.json; interval instrumentation matches prior patch identity,982ccb2f6847c86c8c5fc9e63631c3b3fb4276b3ecf4a808c55100a032a80c28,last measured link for case/label,3bae0d2879604eec052992be5dacbe64116f5e86e7f96124d75fd0c6d18114c2,"[""taskset"",""-c"",""32-63"",""/home/callen/work/mold-next-20261006/bin/latest-omnibus-profile"",""@response.txt"",""-o"",""codex-next.out"",""--no-fork"",""--strip-debug"",""--perf""]",/home/callen/work/mold-bench/wl/clang.d,12,56.62842676974833,62.12884373962879,62.12884373962879,62.12884373962879,922.9865,253.1445,1167.659,1370.435546875,1387.3515625
next-20261006,final-phases-latest.json,clang-s,latest-control,{},True,default,32-63,True,reused,,,,,,,True,True,d15be68a45325b7a1708ff14b87c0ec4ac7b8e1a143c232832b19076606fe12e,9acc87021b8923bb8562178ee3410d62852f0e62,latest_upstream_75200_control_instrumented,75200f107ee958227e87a96e67ad491567a4854a,bf4aa22d83f5a55f893ae8833fd9fcff1a7e82f8,Profiling agent frozen manifest-latest.json; interval instrumentation matches prior patch identity,982ccb2f6847c86c8c5fc9e63631c3b3fb4276b3ecf4a808c55100a032a80c28,last measured link for case/label,3bae0d2879604eec052992be5dacbe64116f5e86e7f96124d75fd0c6d18114c2,"[""taskset"",""-c"",""32-63"",""/home/callen/work/mold-next-20261006/bin/latest-control-profile"",""@response.txt"",""-o"",""codex-next.out"",""--no-fork"",""--strip-debug"",""--perf""]",/home/callen/work/mold-bench/wl/clang.d,12,55.44514092616737,57.63854272663593,57.63854272663593,57.63854272663593,909.3989999999999,255.26850000000002,1140.378,1366.984375,1382.75
next-20261006,final-phases-latest.json,ra,latest-omnibus,{},True,default,32-63,True,reused,,,,,,,True,True,077b9de49b3ef25e46128bc78da9c9977efc9ba6e0a131389d6474ee37881155,5edabcfadbd9ff94ff4d9c778882e200f185a34a,latest_upstream_75200_candidate_instrumented,75200f107ee958227e87a96e67ad491567a4854a,66daf46aea5df8da242e5b380d4003a38424ba2b,Profiling agent frozen manifest-latest.json; interval instrumentation matches prior patch identity,c54bb48368d1b75376996429c790ab2e8895d835a4a9c466d93bfa77274d4947,last measured link for case/label,3bae0d2879604eec052992be5dacbe64116f5e86e7f96124d75fd0c6d18114c2,"[""taskset"",""-c"",""32-63"",""/home/callen/work/mold-next-20261006/bin/latest-omnibus-profile"",""@response.txt"",""-o"",""codex-next.out"",""--no-fork"",""--perf""]",/home/callen/work/mold-bench/wl/ra.d,12,122.85272125154734,133.24261596426368,133.24261596426368,133.24261596426368,2113.2155000000002,370.8555,2490.657,2022.041015625,2039.90625
next-20261006,final-phases-latest.json,ra,latest-control,{},True,default,32-63,True,reused,,,,,,,True,True,d15be68a45325b7a1708ff14b87c0ec4ac7b8e1a143c232832b19076606fe12e,9acc87021b8923bb8562178ee3410d62852f0e62,latest_upstream_75200_control_instrumented,75200f107ee958227e87a96e67ad491567a4854a,bf4aa22d83f5a55f893ae8833fd9fcff1a7e82f8,Profiling agent frozen manifest-latest.json; interval instrumentation matches prior patch identity,c54bb48368d1b75376996429c790ab2e8895d835a4a9c466d93bfa77274d4947,last measured link for case/label,3bae0d2879604eec052992be5dacbe64116f5e86e7f96124d75fd0c6d18114c2,"[""taskset"",""-c"",""32-63"",""/home/callen/work/mold-next-20261006/bin/latest-control-profile"",""@response.txt"",""-o"",""codex-next.out"",""--no-fork"",""--perf""]",/home/callen/work/mold-bench/wl/ra.d,12,125.08722604252398,140.44814510270953,140.44814510270953,140.44814510270953,2105.414,410.13349999999997,2505.374,2025.892578125,2050.0625
next-20261006,final-phases-latest.json,ra-s,latest-omnibus,{},True,default,32-63,True,reused,,,,,,,True,True,077b9de49b3ef25e46128bc78da9c9977efc9ba6e0a131389d6474ee37881155,5edabcfadbd9ff94ff4d9c778882e200f185a34a,latest_upstream_75200_candidate_instrumented,75200f107ee958227e87a96e67ad491567a4854a,66daf46aea5df8da242e5b380d4003a38424ba2b,Profiling agent frozen manifest-latest.json; interval instrumentation matches prior patch identity,5b7b53af257f19a253831ab081923075b0f10190728da4aa399eab3b15860b6c,last measured link for case/label,3bae0d2879604eec052992be5dacbe64116f5e86e7f96124d75fd0c6d18114c2,"[""taskset"",""-c"",""32-63"",""/home/callen/work/mold-next-20261006/bin/latest-omnibus-profile"",""@response.txt"",""-o"",""codex-next.out"",""--no-fork"",""--strip-debug"",""--perf""]",/home/callen/work/mold-bench/wl/ra.d,12,118.68197727017105,135.76258765533566,135.76258765533566,135.76258765533566,1554.3579999999997,299.5295,1874.4924999999998,1420.197265625,1430.703125
next-20261006,final-phases-latest.json,ra-s,latest-control,{},True,default,32-63,True,reused,,,,,,,True,True,d15be68a45325b7a1708ff14b87c0ec4ac7b8e1a143c232832b19076606fe12e,9acc87021b8923bb8562178ee3410d62852f0e62,latest_upstream_75200_control_instrumented,75200f107ee958227e87a96e67ad491567a4854a,bf4aa22d83f5a55f893ae8833fd9fcff1a7e82f8,Profiling agent frozen manifest-latest.json; interval instrumentation matches prior patch identity,5b7b53af257f19a253831ab081923075b0f10190728da4aa399eab3b15860b6c,last measured link for case/label,3bae0d2879604eec052992be5dacbe64116f5e86e7f96124d75fd0c6d18114c2,"[""taskset"",""-c"",""32-63"",""/home/callen/work/mold-next-20261006/bin/latest-control-profile"",""@response.txt"",""-o"",""codex-next.out"",""--no-fork"",""--strip-debug"",""--perf""]",/home/callen/work/mold-bench/wl/ra.d,12,117.97952558845282,132.11006810888648,132.11006810888648,132.11006810888648,1594.0415000000003,316.92949999999996,1886.775,1421.884765625,1432.0859375
next-20261006,final-phases.json,hello,omnibus,{},True,default,32-63,True,reused,,,,,,,True,True,90661b040627894ee5e112b2b12b302460222df3bdde49a9f3dd3e677c86eb16,88b76de5f7c0f649179ae9997f9c3ae955309e2a,upstream_rebased_candidate_instrumented,1347ca95c906db060ecfbf838a792c5739970294,733479e5099a97800ab09ef46317f9212f191d43,Coordinator frozen final phase diagnostic binary; separate interval/input-cleanup instrumentation commit,7277a7318c05b3cb221c9ddc1995bba0deea7b291589fb6ce0ccf8f3857e3d80,last measured link for case/label,2c8346c98eee825eb44f6852df2bfc5c20bcb62b31773c161386a9c9fdd40529,"[""taskset"",""-c"",""32-63"",""/home/callen/work/mold-next-20261006/bin/omnibus-profile"",""@response.txt"",""-o"",""codex-next.out"",""--no-fork"",""--perf""]",/home/callen/work/mold-bench/wl/hello/cur,12,3.6149746738374233,3.900849260389805,3.900849260389805,3.900849260389805,1.944,1.528,3.4965,17.25390625,17.25390625
next-20261006,final-phases.json,hello,current,{},True,default,32-63,True,reused,,,,,,,True,True,c93e0ce3a99f4de74d0bb2c16465286b4a0d89b288bbd5813376320d622b7c52,d048c042adb4131449fb4462e724d5b7b0fa6f40,upstream_rebased_control_instrumented,1347ca95c906db060ecfbf838a792c5739970294,5cfc4f2fef2d0f2ad7a9e09f4041425850e48d8d,Coordinator frozen final phase diagnostic binary; separate interval/input-cleanup instrumentation commit,7277a7318c05b3cb221c9ddc1995bba0deea7b291589fb6ce0ccf8f3857e3d80,last measured link for case/label,2c8346c98eee825eb44f6852df2bfc5c20bcb62b31773c161386a9c9fdd40529,"[""taskset"",""-c"",""32-63"",""/home/callen/work/mold-next-20261006/bin/current-profile"",""@response.txt"",""-o"",""codex-next.out"",""--no-fork"",""--perf""]",/home/callen/work/mold-bench/wl/hello/cur,12,3.9861074183136225,4.869708325713873,4.869708325713873,4.869708325713873,2.1795,1.7534999999999998,3.886,17.25390625,17.25390625
next-20261006,final-phases.json,rhello,omnibus,{},True,default,32-63,True,reused,,,,,,,True,True,90661b040627894ee5e112b2b12b302460222df3bdde49a9f3dd3e677c86eb16,88b76de5f7c0f649179ae9997f9c3ae955309e2a,upstream_rebased_candidate_instrumented,1347ca95c906db060ecfbf838a792c5739970294,733479e5099a97800ab09ef46317f9212f191d43,Coordinator frozen final phase diagnostic binary; separate interval/input-cleanup instrumentation commit,967631a389972f215d294980db400e57627ca2a4fdc60a7316b5bbeb7cf998b6,last measured link for case/label,2c8346c98eee825eb44f6852df2bfc5c20bcb62b31773c161386a9c9fdd40529,"[""taskset"",""-c"",""32-63"",""/home/callen/work/mold-next-20261006/bin/omnibus-profile"",""@response.txt"",""-o"",""codex-next.out"",""--no-fork"",""--perf""]",/home/callen/work/mold-bench/wl/rhello/cur,12,12.076162034645677,12.555009219795465,12.555009219795465,12.555009219795465,9.913499999999999,8.238,18.4695,46.31640625,47.9296875
next-20261006,final-phases.json,rhello,current,{},True,default,32-63,True,reused,,,,,,,True,True,c93e0ce3a99f4de74d0bb2c16465286b4a0d89b288bbd5813376320d622b7c52,d048c042adb4131449fb4462e724d5b7b0fa6f40,upstream_rebased_control_instrumented,1347ca95c906db060ecfbf838a792c5739970294,5cfc4f2fef2d0f2ad7a9e09f4041425850e48d8d,Coordinator frozen final phase diagnostic binary; separate interval/input-cleanup instrumentation commit,967631a389972f215d294980db400e57627ca2a4fdc60a7316b5bbeb7cf998b6,last measured link for case/label,2c8346c98eee825eb44f6852df2bfc5c20bcb62b31773c161386a9c9fdd40529,"[""taskset"",""-c"",""32-63"",""/home/callen/work/mold-next-20261006/bin/current-profile"",""@response.txt"",""-o"",""codex-next.out"",""--no-fork"",""--perf""]",/home/callen/work/mold-bench/wl/rhello/cur,12,11.59997470676899,12.567488010972738,12.567488010972738,12.567488010972738,10.9255,6.957999999999999,17.89,46.544921875,47.0859375
next-20261006,final-phases.json,tblgen,omnibus,{},True,default,32-63,True,reused,,,,,,,True,True,90661b040627894ee5e112b2b12b302460222df3bdde49a9f3dd3e677c86eb16,88b76de5f7c0f649179ae9997f9c3ae955309e2a,upstream_rebased_candidate_instrumented,1347ca95c906db060ecfbf838a792c5739970294,733479e5099a97800ab09ef46317f9212f191d43,Coordinator frozen final phase diagnostic binary; separate interval/input-cleanup instrumentation commit,63b068abefeb622662818685a0794d8e5c7e8a5d651213eda3577810ea3369cd,last measured link for case/label,2c8346c98eee825eb44f6852df2bfc5c20bcb62b31773c161386a9c9fdd40529,"[""taskset"",""-c"",""32-63"",""/home/callen/work/mold-next-20261006/bin/omnibus-profile"",""@response.txt"",""-o"",""codex-next.out"",""--no-fork"",""--perf""]",/home/callen/work/mold-bench/wl/tblgen/cur,12,18.38469784706831,18.968319054692984,18.968319054692984,18.968319054692984,72.4425,43.48049999999999,115.68349999999998,176.595703125,180.26171875
next-20261006,final-phases.json,tblgen,current,{},True,default,32-63,True,reused,,,,,,,True,True,c93e0ce3a99f4de74d0bb2c16465286b4a0d89b288bbd5813376320d622b7c52,d048c042adb4131449fb4462e724d5b7b0fa6f40,upstream_rebased_control_instrumented,1347ca95c906db060ecfbf838a792c5739970294,5cfc4f2fef2d0f2ad7a9e09f4041425850e48d8d,Coordinator frozen final phase diagnostic binary; separate interval/input-cleanup instrumentation commit,63b068abefeb622662818685a0794d8e5c7e8a5d651213eda3577810ea3369cd,last measured link for case/label,2c8346c98eee825eb44f6852df2bfc5c20bcb62b31773c161386a9c9fdd40529,"[""taskset"",""-c"",""32-63"",""/home/callen/work/mold-next-20261006/bin/current-profile"",""@response.txt"",""-o"",""codex-next.out"",""--no-fork"",""--perf""]",/home/callen/work/mold-bench/wl/tblgen/cur,12,18.249026965349913,19.632496871054173,19.632496871054173,19.632496871054173,65.0525,48.4045,117.149,176.494140625,181.83203125
next-20261006,final-phases.json,lld,omnibus,{},True,default,32-63,True,reused,,,,,,,True,True,90661b040627894ee5e112b2b12b302460222df3bdde49a9f3dd3e677c86eb16,88b76de5f7c0f649179ae9997f9c3ae955309e2a,upstream_rebased_candidate_instrumented,1347ca95c906db060ecfbf838a792c5739970294,733479e5099a97800ab09ef46317f9212f191d43,Coordinator frozen final phase diagnostic binary; separate interval/input-cleanup instrumentation commit,5de7d2ef5dc164818fdbdb3d53d1f433c4bf90a9755bdce13b88e694fafcb763,last measured link for case/label,2c8346c98eee825eb44f6852df2bfc5c20bcb62b31773c161386a9c9fdd40529,"[""taskset"",""-c"",""32-63"",""/home/callen/work/mold-next-20261006/bin/omnibus-profile"",""@response.txt"",""-o"",""codex-next.out"",""--no-fork"",""--perf""]",/home/callen/work/mold-bench/wl/lld/cur,12,84.01704602874815,91.1478097550571,91.1478097550571,91.1478097550571,1437.1275,348.29200000000003,1772.674,2728.5078125,2755.88671875
next-20261006,final-phases.json,lld,current,{},True,default,32-63,True,reused,,,,,,,True,True,c93e0ce3a99f4de74d0bb2c16465286b4a0d89b288bbd5813376320d622b7c52,d048c042adb4131449fb4462e724d5b7b0fa6f40,upstream_rebased_control_instrumented,1347ca95c906db060ecfbf838a792c5739970294,5cfc4f2fef2d0f2ad7a9e09f4041425850e48d8d,Coordinator frozen final phase diagnostic binary; separate interval/input-cleanup instrumentation commit,5de7d2ef5dc164818fdbdb3d53d1f433c4bf90a9755bdce13b88e694fafcb763,last measured link for case/label,2c8346c98eee825eb44f6852df2bfc5c20bcb62b31773c161386a9c9fdd40529,"[""taskset"",""-c"",""32-63"",""/home/callen/work/mold-next-20261006/bin/current-profile"",""@response.txt"",""-o"",""codex-next.out"",""--no-fork"",""--perf""]",/home/callen/work/mold-bench/wl/lld/cur,12,81.55761938542128,94.08095991238952,94.08095991238952,94.08095991238952,1458.4125,335.85,1808.4485,2729.912109375,2744.890625
next-20261006,final-phases.json,clang,omnibus,{},True,default,32-63,True,reused,,,,,,,True,True,90661b040627894ee5e112b2b12b302460222df3bdde49a9f3dd3e677c86eb16,88b76de5f7c0f649179ae9997f9c3ae955309e2a,upstream_rebased_candidate_instrumented,1347ca95c906db060ecfbf838a792c5739970294,733479e5099a97800ab09ef46317f9212f191d43,Coordinator frozen final phase diagnostic binary; separate interval/input-cleanup instrumentation commit,3fa34d9efa75ab05e4a553e9116f5943bd6a3defa8ba3b3c017b1aef37216c88,last measured link for case/label,2c8346c98eee825eb44f6852df2bfc5c20bcb62b31773c161386a9c9fdd40529,"[""taskset"",""-c"",""32-63"",""/home/callen/work/mold-next-20261006/bin/omnibus-profile"",""@response.txt"",""-o"",""codex-next.out"",""--no-fork"",""--perf""]",/home/callen/work/mold-bench/wl/clang.d,12,168.74773055315018,193.85897321626544,193.85897321626544,193.85897321626544,2185.849,1104.4525,3265.1504999999997,4704.23828125,4711.3046875
next-20261006,final-phases.json,clang,current,{},True,default,32-63,True,reused,,,,,,,True,True,c93e0ce3a99f4de74d0bb2c16465286b4a0d89b288bbd5813376320d622b7c52,d048c042adb4131449fb4462e724d5b7b0fa6f40,upstream_rebased_control_instrumented,1347ca95c906db060ecfbf838a792c5739970294,5cfc4f2fef2d0f2ad7a9e09f4041425850e48d8d,Coordinator frozen final phase diagnostic binary; separate interval/input-cleanup instrumentation commit,3fa34d9efa75ab05e4a553e9116f5943bd6a3defa8ba3b3c017b1aef37216c88,last measured link for case/label,2c8346c98eee825eb44f6852df2bfc5c20bcb62b31773c161386a9c9fdd40529,"[""taskset"",""-c"",""32-63"",""/home/callen/work/mold-next-20261006/bin/current-profile"",""@response.txt"",""-o"",""codex-next.out"",""--no-fork"",""--perf""]",/home/callen/work/mold-bench/wl/clang.d,12,170.7006071228534,192.18344101682305,192.18344101682305,192.18344101682305,2127.407,1378.1885000000002,3499.442,4699.291015625,4736.5546875
next-20261006,final-phases.json,clang-s,omnibus,{},True,default,32-63,True,reused,,,,,,,True,True,90661b040627894ee5e112b2b12b302460222df3bdde49a9f3dd3e677c86eb16,88b76de5f7c0f649179ae9997f9c3ae955309e2a,upstream_rebased_candidate_instrumented,1347ca95c906db060ecfbf838a792c5739970294,733479e5099a97800ab09ef46317f9212f191d43,Coordinator frozen final phase diagnostic binary; separate interval/input-cleanup instrumentation commit,982ccb2f6847c86c8c5fc9e63631c3b3fb4276b3ecf4a808c55100a032a80c28,last measured link for case/label,2c8346c98eee825eb44f6852df2bfc5c20bcb62b31773c161386a9c9fdd40529,"[""taskset"",""-c"",""32-63"",""/home/callen/work/mold-next-20261006/bin/omnibus-profile"",""@response.txt"",""-o"",""codex-next.out"",""--no-fork"",""--strip-debug"",""--perf""]",/home/callen/work/mold-bench/wl/clang.d,12,59.97380753979087,70.30174229294062,70.30174229294062,70.30174229294062,844.3664999999999,234.50449999999998,1095.3204999999998,1359.474609375,1383.16015625
next-20261006,final-phases.json,clang-s,current,{},True,default,32-63,True,reused,,,,,,,True,True,c93e0ce3a99f4de74d0bb2c16465286b4a0d89b288bbd5813376320d622b7c52,d048c042adb4131449fb4462e724d5b7b0fa6f40,upstream_rebased_control_instrumented,1347ca95c906db060ecfbf838a792c5739970294,5cfc4f2fef2d0f2ad7a9e09f4041425850e48d8d,Coordinator frozen final phase diagnostic binary; separate interval/input-cleanup instrumentation commit,982ccb2f6847c86c8c5fc9e63631c3b3fb4276b3ecf4a808c55100a032a80c28,last measured link for case/label,2c8346c98eee825eb44f6852df2bfc5c20bcb62b31773c161386a9c9fdd40529,"[""taskset"",""-c"",""32-63"",""/home/callen/work/mold-next-20261006/bin/current-profile"",""@response.txt"",""-o"",""codex-next.out"",""--no-fork"",""--strip-debug"",""--perf""]",/home/callen/work/mold-bench/wl/clang.d,12,62.394069507718086,75.10624080896378,75.10624080896378,75.10624080896378,854.8389999999999,229.214,1081.9589999999998,1366.90234375,1385.48046875
next-20261006,final-phases.json,ra,omnibus,{},True,default,32-63,True,reused,,,,,,,True,True,90661b040627894ee5e112b2b12b302460222df3bdde49a9f3dd3e677c86eb16,88b76de5f7c0f649179ae9997f9c3ae955309e2a,upstream_rebased_candidate_instrumented,1347ca95c906db060ecfbf838a792c5739970294,733479e5099a97800ab09ef46317f9212f191d43,Coordinator frozen final phase diagnostic binary; separate interval/input-cleanup instrumentation commit,c54bb48368d1b75376996429c790ab2e8895d835a4a9c466d93bfa77274d4947,last measured link for case/label,2c8346c98eee825eb44f6852df2bfc5c20bcb62b31773c161386a9c9fdd40529,"[""taskset"",""-c"",""32-63"",""/home/callen/work/mold-next-20261006/bin/omnibus-profile"",""@response.txt"",""-o"",""codex-next.out"",""--no-fork"",""--perf""]",/home/callen/work/mold-bench/wl/ra.d,12,135.19057631492615,144.0826030448079,144.0826030448079,144.0826030448079,2038.817,368.64149999999995,2398.371,2016.521484375,2053.4921875
next-20261006,final-phases.json,ra,current,{},True,default,32-63,True,reused,,,,,,,True,True,c93e0ce3a99f4de74d0bb2c16465286b4a0d89b288bbd5813376320d622b7c52,d048c042adb4131449fb4462e724d5b7b0fa6f40,upstream_rebased_control_instrumented,1347ca95c906db060ecfbf838a792c5739970294,5cfc4f2fef2d0f2ad7a9e09f4041425850e48d8d,Coordinator frozen final phase diagnostic binary; separate interval/input-cleanup instrumentation commit,c54bb48368d1b75376996429c790ab2e8895d835a4a9c466d93bfa77274d4947,last measured link for case/label,2c8346c98eee825eb44f6852df2bfc5c20bcb62b31773c161386a9c9fdd40529,"[""taskset"",""-c"",""32-63"",""/home/callen/work/mold-next-20261006/bin/current-profile"",""@response.txt"",""-o"",""codex-next.out"",""--no-fork"",""--perf""]",/home/callen/work/mold-bench/wl/ra.d,12,132.39063858054578,147.66043098643422,147.66043098643422,147.66043098643422,2065.127,374.7645,2427.8275,2017.609375,2031.00390625
next-20261006,final-phases.json,ra-s,omnibus,{},True,default,32-63,True,reused,,,,,,,True,True,90661b040627894ee5e112b2b12b302460222df3bdde49a9f3dd3e677c86eb16,88b76de5f7c0f649179ae9997f9c3ae955309e2a,upstream_rebased_candidate_instrumented,1347ca95c906db060ecfbf838a792c5739970294,733479e5099a97800ab09ef46317f9212f191d43,Coordinator frozen final phase diagnostic binary; separate interval/input-cleanup instrumentation commit,5b7b53af257f19a253831ab081923075b0f10190728da4aa399eab3b15860b6c,last measured link for case/label,2c8346c98eee825eb44f6852df2bfc5c20bcb62b31773c161386a9c9fdd40529,"[""taskset"",""-c"",""32-63"",""/home/callen/work/mold-next-20261006/bin/omnibus-profile"",""@response.txt"",""-o"",""codex-next.out"",""--no-fork"",""--strip-debug"",""--perf""]",/home/callen/work/mold-bench/wl/ra.d,12,115.08023529313505,158.7743228301406,158.7743228301406,158.7743228301406,1631.466,322.8165,2008.6475,1414.38671875,1420.71484375
next-20261006,final-phases.json,ra-s,current,{},True,default,32-63,True,reused,,,,,,,True,True,c93e0ce3a99f4de74d0bb2c16465286b4a0d89b288bbd5813376320d622b7c52,d048c042adb4131449fb4462e724d5b7b0fa6f40,upstream_rebased_control_instrumented,1347ca95c906db060ecfbf838a792c5739970294,5cfc4f2fef2d0f2ad7a9e09f4041425850e48d8d,Coordinator frozen final phase diagnostic binary; separate interval/input-cleanup instrumentation commit,5b7b53af257f19a253831ab081923075b0f10190728da4aa399eab3b15860b6c,last measured link for case/label,2c8346c98eee825eb44f6852df2bfc5c20bcb62b31773c161386a9c9fdd40529,"[""taskset"",""-c"",""32-63"",""/home/callen/work/mold-next-20261006/bin/current-profile"",""@response.txt"",""-o"",""codex-next.out"",""--no-fork"",""--strip-debug"",""--perf""]",/home/callen/work/mold-bench/wl/ra.d,12,114.51002047397196,117.90168099105358,117.90168099105358,117.90168099105358,1637.8335,307.854,1924.5245,1415.10546875,1430.3984375
next-20261006,omnibus-fresh.json,hello,omnibus,{},True,default,32-63,False,fresh,,,,,,,False,True,4422ead1df414794d40e4a4aee1e5af3696d2fcec6d118bf965fe36f465f41b7,80f062238e88d941a6b16e175477dff42e2ace4c,upstream_rebased_candidate,1347ca95c906db060ecfbf838a792c5739970294,0adae45861f04d5571a37ec3f357f6891a3d14d8,parent provisional omnibus rebased onto upstream1347ca95,7277a7318c05b3cb221c9ddc1995bba0deea7b291589fb6ce0ccf8f3857e3d80,last measured link for case/label,f8192f5669a89c756a669b76bf7ce1628c875828876983f70b8a4441e018a721,"[""taskset"",""-c"",""32-63"",""/home/callen/work/mold-next-20261006/bin/omnibus"",""@response.txt"",""-o"",""codex-next.out"",""--no-fork""]",/home/callen/work/mold-bench/wl/hello/cur,50,3.898924682289362,6.710761226713657,7.960096001625061,7.960096001625061,1.895,1.858,3.669,17.19921875,17.19921875
next-20261006,omnibus-fresh.json,hello,current,{},True,default,32-63,False,fresh,,,,,,,False,True,11b05349574ccca4347d85b24540d5e0b7f11066b9768d971994088f3c14d0da,d5f03691582bc6e425d122c5592d0b33448ff7eb,upstream_rebased_control,1347ca95c906db060ecfbf838a792c5739970294,787d8f02f48dcf63d4b2373c501b938d2c045c89,parent final control rebased onto upstream1347ca95,7277a7318c05b3cb221c9ddc1995bba0deea7b291589fb6ce0ccf8f3857e3d80,last measured link for case/label,f8192f5669a89c756a669b76bf7ce1628c875828876983f70b8a4441e018a721,"[""taskset"",""-c"",""32-63"",""/home/callen/work/mold-next-20261006/bin/current"",""@response.txt"",""-o"",""codex-next.out"",""--no-fork""]",/home/callen/work/mold-bench/wl/hello/cur,50,4.377786302939057,5.973082035779953,8.13355902209878,8.13355902209878,2.322,1.991,4.1274999999999995,17.19921875,17.19921875
next-20261006,omnibus-fresh.json,rhello,omnibus,{},True,default,32-63,False,fresh,,,,,,,False,True,4422ead1df414794d40e4a4aee1e5af3696d2fcec6d118bf965fe36f465f41b7,80f062238e88d941a6b16e175477dff42e2ace4c,upstream_rebased_candidate,1347ca95c906db060ecfbf838a792c5739970294,0adae45861f04d5571a37ec3f357f6891a3d14d8,parent provisional omnibus rebased onto upstream1347ca95,967631a389972f215d294980db400e57627ca2a4fdc60a7316b5bbeb7cf998b6,last measured link for case/label,f8192f5669a89c756a669b76bf7ce1628c875828876983f70b8a4441e018a721,"[""taskset"",""-c"",""32-63"",""/home/callen/work/mold-next-20261006/bin/omnibus"",""@response.txt"",""-o"",""codex-next.out"",""--no-fork""]",/home/callen/work/mold-bench/wl/rhello/cur,50,12.677978491410613,13.916241936385632,15.099226962774992,15.099226962774992,10.55,9.1385,19.502,46.234375,48.140625
next-20261006,omnibus-fresh.json,rhello,current,{},True,default,32-63,False,fresh,,,,,,,False,True,11b05349574ccca4347d85b24540d5e0b7f11066b9768d971994088f3c14d0da,d5f03691582bc6e425d122c5592d0b33448ff7eb,upstream_rebased_control,1347ca95c906db060ecfbf838a792c5739970294,787d8f02f48dcf63d4b2373c501b938d2c045c89,parent final control rebased onto upstream1347ca95,967631a389972f215d294980db400e57627ca2a4fdc60a7316b5bbeb7cf998b6,last measured link for case/label,f8192f5669a89c756a669b76bf7ce1628c875828876983f70b8a4441e018a721,"[""taskset"",""-c"",""32-63"",""/home/callen/work/mold-next-20261006/bin/current"",""@response.txt"",""-o"",""codex-next.out"",""--no-fork""]",/home/callen/work/mold-bench/wl/rhello/cur,50,12.909919954836369,14.112949836999178,14.422609936445951,14.422609936445951,11.128499999999999,8.709499999999998,20.118499999999997,46.16796875,48.20703125
next-20261006,omnibus-fresh.json,tblgen,omnibus,{},True,default,32-63,False,fresh,,,,,,,False,True,4422ead1df414794d40e4a4aee1e5af3696d2fcec6d118bf965fe36f465f41b7,80f062238e88d941a6b16e175477dff42e2ace4c,upstream_rebased_candidate,1347ca95c906db060ecfbf838a792c5739970294,0adae45861f04d5571a37ec3f357f6891a3d14d8,parent provisional omnibus rebased onto upstream1347ca95,63b068abefeb622662818685a0794d8e5c7e8a5d651213eda3577810ea3369cd,last measured link for case/label,f8192f5669a89c756a669b76bf7ce1628c875828876983f70b8a4441e018a721,"[""taskset"",""-c"",""32-63"",""/home/callen/work/mold-next-20261006/bin/omnibus"",""@response.txt"",""-o"",""codex-next.out"",""--no-fork""]",/home/callen/work/mold-bench/wl/tblgen/cur,50,21.195525070652366,22.60599471628666,23.77599012106657,23.77599012106657,69.372,79.35899999999998,148.43099999999998,177.984375,182.37890625
next-20261006,omnibus-fresh.json,tblgen,current,{},True,default,32-63,False,fresh,,,,,,,False,True,11b05349574ccca4347d85b24540d5e0b7f11066b9768d971994088f3c14d0da,d5f03691582bc6e425d122c5592d0b33448ff7eb,upstream_rebased_control,1347ca95c906db060ecfbf838a792c5739970294,787d8f02f48dcf63d4b2373c501b938d2c045c89,parent final control rebased onto upstream1347ca95,63b068abefeb622662818685a0794d8e5c7e8a5d651213eda3577810ea3369cd,last measured link for case/label,f8192f5669a89c756a669b76bf7ce1628c875828876983f70b8a4441e018a721,"[""taskset"",""-c"",""32-63"",""/home/callen/work/mold-next-20261006/bin/current"",""@response.txt"",""-o"",""codex-next.out"",""--no-fork""]",/home/callen/work/mold-bench/wl/tblgen/cur,50,21.607580361887813,22.43277197703719,22.668038960546255,22.668038960546255,71.83449999999999,78.02099999999999,150.8415,177.34375,181.1171875
next-20261006,omnibus-fresh.json,lld,omnibus,{},True,default,32-63,False,fresh,,,,,,,False,True,4422ead1df414794d40e4a4aee1e5af3696d2fcec6d118bf965fe36f465f41b7,80f062238e88d941a6b16e175477dff42e2ace4c,upstream_rebased_candidate,1347ca95c906db060ecfbf838a792c5739970294,0adae45861f04d5571a37ec3f357f6891a3d14d8,parent provisional omnibus rebased onto upstream1347ca95,5de7d2ef5dc164818fdbdb3d53d1f433c4bf90a9755bdce13b88e694fafcb763,last measured link for case/label,f8192f5669a89c756a669b76bf7ce1628c875828876983f70b8a4441e018a721,"[""taskset"",""-c"",""32-63"",""/home/callen/work/mold-next-20261006/bin/omnibus"",""@response.txt"",""-o"",""codex-next.out"",""--no-fork""]",/home/callen/work/mold-bench/wl/lld/cur,50,106.16703797131777,137.3057528398931,147.3271162249148,147.3271162249148,1369.309,516.4805,1885.7505,2724.421875,2758.84765625
next-20261006,omnibus-fresh.json,lld,current,{},True,default,32-63,False,fresh,,,,,,,False,True,11b05349574ccca4347d85b24540d5e0b7f11066b9768d971994088f3c14d0da,d5f03691582bc6e425d122c5592d0b33448ff7eb,upstream_rebased_control,1347ca95c906db060ecfbf838a792c5739970294,787d8f02f48dcf63d4b2373c501b938d2c045c89,parent final control rebased onto upstream1347ca95,5de7d2ef5dc164818fdbdb3d53d1f433c4bf90a9755bdce13b88e694fafcb763,last measured link for case/label,f8192f5669a89c756a669b76bf7ce1628c875828876983f70b8a4441e018a721,"[""taskset"",""-c"",""32-63"",""/home/callen/work/mold-next-20261006/bin/current"",""@response.txt"",""-o"",""codex-next.out"",""--no-fork""]",/home/callen/work/mold-bench/wl/lld/cur,50,105.59720336459577,141.50668680667877,147.65289006754756,147.65289006754756,1359.8935000000001,537.2895,1892.9445,2724.431640625,2759.0
next-20261006,omnibus-fresh.json,clang,omnibus,{},True,default,32-63,False,fresh,,,,,,,False,True,4422ead1df414794d40e4a4aee1e5af3696d2fcec6d118bf965fe36f465f41b7,80f062238e88d941a6b16e175477dff42e2ace4c,upstream_rebased_candidate,1347ca95c906db060ecfbf838a792c5739970294,0adae45861f04d5571a37ec3f357f6891a3d14d8,parent provisional omnibus rebased onto upstream1347ca95,3fa34d9efa75ab05e4a553e9116f5943bd6a3defa8ba3b3c017b1aef37216c88,last measured link for case/label,f8192f5669a89c756a669b76bf7ce1628c875828876983f70b8a4441e018a721,"[""taskset"",""-c"",""32-63"",""/home/callen/work/mold-next-20261006/bin/omnibus"",""@response.txt"",""-o"",""codex-next.out"",""--no-fork""]",/home/callen/work/mold-bench/wl/clang.d,50,155.4741074796766,220.62422381713986,661.4543776959181,661.4543776959181,2293.1629999999996,887.8285,3195.081,4706.044921875,4738.6484375
next-20261006,omnibus-fresh.json,clang,current,{},True,default,32-63,False,fresh,,,,,,,False,True,11b05349574ccca4347d85b24540d5e0b7f11066b9768d971994088f3c14d0da,d5f03691582bc6e425d122c5592d0b33448ff7eb,upstream_rebased_control,1347ca95c906db060ecfbf838a792c5739970294,787d8f02f48dcf63d4b2373c501b938d2c045c89,parent final control rebased onto upstream1347ca95,3fa34d9efa75ab05e4a553e9116f5943bd6a3defa8ba3b3c017b1aef37216c88,last measured link for case/label,f8192f5669a89c756a669b76bf7ce1628c875828876983f70b8a4441e018a721,"[""taskset"",""-c"",""32-63"",""/home/callen/work/mold-next-20261006/bin/current"",""@response.txt"",""-o"",""codex-next.out"",""--no-fork""]",/home/callen/work/mold-bench/wl/clang.d,50,152.26954058744013,206.16286573931575,214.61381623521447,214.61381623521447,2301.7655,876.3140000000001,3197.5305,4710.638671875,4738.375
next-20261006,omnibus-fresh.json,clang-s,omnibus,{},True,default,32-63,False,fresh,,,,,,,False,True,4422ead1df414794d40e4a4aee1e5af3696d2fcec6d118bf965fe36f465f41b7,80f062238e88d941a6b16e175477dff42e2ace4c,upstream_rebased_candidate,1347ca95c906db060ecfbf838a792c5739970294,0adae45861f04d5571a37ec3f357f6891a3d14d8,parent provisional omnibus rebased onto upstream1347ca95,982ccb2f6847c86c8c5fc9e63631c3b3fb4276b3ecf4a808c55100a032a80c28,last measured link for case/label,f8192f5669a89c756a669b76bf7ce1628c875828876983f70b8a4441e018a721,"[""taskset"",""-c"",""32-63"",""/home/callen/work/mold-next-20261006/bin/omnibus"",""@response.txt"",""-o"",""codex-next.out"",""--no-fork"",""--strip-debug""]",/home/callen/work/mold-bench/wl/clang.d,50,63.831833424046636,70.0903539545834,73.21136770769954,73.21136770769954,868.7755,382.8255,1253.9975,1372.111328125,1387.421875
next-20261006,omnibus-fresh.json,clang-s,current,{},True,default,32-63,False,fresh,,,,,,,False,True,11b05349574ccca4347d85b24540d5e0b7f11066b9768d971994088f3c14d0da,d5f03691582bc6e425d122c5592d0b33448ff7eb,upstream_rebased_control,1347ca95c906db060ecfbf838a792c5739970294,787d8f02f48dcf63d4b2373c501b938d2c045c89,parent final control rebased onto upstream1347ca95,982ccb2f6847c86c8c5fc9e63631c3b3fb4276b3ecf4a808c55100a032a80c28,last measured link for case/label,f8192f5669a89c756a669b76bf7ce1628c875828876983f70b8a4441e018a721,"[""taskset"",""-c"",""32-63"",""/home/callen/work/mold-next-20261006/bin/current"",""@response.txt"",""-o"",""codex-next.out"",""--no-fork"",""--strip-debug""]",/home/callen/work/mold-bench/wl/clang.d,50,63.57514951378107,71.11714174970984,71.94996532052755,71.94996532052755,862.0425,393.414,1277.292,1369.94140625,1394.80859375
next-20261006,omnibus-fresh.json,ra,omnibus,{},True,default,32-63,False,fresh,,,,,,,False,True,4422ead1df414794d40e4a4aee1e5af3696d2fcec6d118bf965fe36f465f41b7,80f062238e88d941a6b16e175477dff42e2ace4c,upstream_rebased_candidate,1347ca95c906db060ecfbf838a792c5739970294,0adae45861f04d5571a37ec3f357f6891a3d14d8,parent provisional omnibus rebased onto upstream1347ca95,c54bb48368d1b75376996429c790ab2e8895d835a4a9c466d93bfa77274d4947,last measured link for case/label,f8192f5669a89c756a669b76bf7ce1628c875828876983f70b8a4441e018a721,"[""taskset"",""-c"",""32-63"",""/home/callen/work/mold-next-20261006/bin/omnibus"",""@response.txt"",""-o"",""codex-next.out"",""--no-fork""]",/home/callen/work/mold-bench/wl/ra.d,50,155.9204573277384,171.11595068126917,193.9046741463244,193.9046741463244,2019.6124999999997,524.8485,2548.9610000000002,2021.525390625,2035.671875
next-20261006,omnibus-fresh.json,ra,current,{},True,default,32-63,False,fresh,,,,,,,False,True,11b05349574ccca4347d85b24540d5e0b7f11066b9768d971994088f3c14d0da,d5f03691582bc6e425d122c5592d0b33448ff7eb,upstream_rebased_control,1347ca95c906db060ecfbf838a792c5739970294,787d8f02f48dcf63d4b2373c501b938d2c045c89,parent final control rebased onto upstream1347ca95,c54bb48368d1b75376996429c790ab2e8895d835a4a9c466d93bfa77274d4947,last measured link for case/label,f8192f5669a89c756a669b76bf7ce1628c875828876983f70b8a4441e018a721,"[""taskset"",""-c"",""32-63"",""/home/callen/work/mold-next-20261006/bin/current"",""@response.txt"",""-o"",""codex-next.out"",""--no-fork""]",/home/callen/work/mold-bench/wl/ra.d,50,153.12920743599534,176.89122119918466,182.69261298701167,182.69261298701167,2001.7015000000001,540.675,2543.9195,2020.578125,2037.5546875
next-20261006,omnibus-fresh.json,ra-s,omnibus,{},True,default,32-63,False,fresh,,,,,,,False,True,4422ead1df414794d40e4a4aee1e5af3696d2fcec6d118bf965fe36f465f41b7,80f062238e88d941a6b16e175477dff42e2ace4c,upstream_rebased_candidate,1347ca95c906db060ecfbf838a792c5739970294,0adae45861f04d5571a37ec3f357f6891a3d14d8,parent provisional omnibus rebased onto upstream1347ca95,5b7b53af257f19a253831ab081923075b0f10190728da4aa399eab3b15860b6c,last measured link for case/label,f8192f5669a89c756a669b76bf7ce1628c875828876983f70b8a4441e018a721,"[""taskset"",""-c"",""32-63"",""/home/callen/work/mold-next-20261006/bin/omnibus"",""@response.txt"",""-o"",""codex-next.out"",""--no-fork"",""--strip-debug""]",/home/callen/work/mold-bench/wl/ra.d,50,128.86104197241366,144.34549771249294,149.23792984336615,149.23792984336615,1629.161,443.40549999999996,2078.6409999999996,1415.876953125,1443.890625
next-20261006,omnibus-fresh.json,ra-s,current,{},True,default,32-63,False,fresh,,,,,,,False,True,11b05349574ccca4347d85b24540d5e0b7f11066b9768d971994088f3c14d0da,d5f03691582bc6e425d122c5592d0b33448ff7eb,upstream_rebased_control,1347ca95c906db060ecfbf838a792c5739970294,787d8f02f48dcf63d4b2373c501b938d2c045c89,parent final control rebased onto upstream1347ca95,5b7b53af257f19a253831ab081923075b0f10190728da4aa399eab3b15860b6c,last measured link for case/label,f8192f5669a89c756a669b76bf7ce1628c875828876983f70b8a4441e018a721,"[""taskset"",""-c"",""32-63"",""/home/callen/work/mold-next-20261006/bin/current"",""@response.txt"",""-o"",""codex-next.out"",""--no-fork"",""--strip-debug""]",/home/callen/work/mold-bench/wl/ra.d,50,127.93167144991457,143.12445558607578,153.66915287449956,153.66915287449956,1648.5334999999998,460.3745,2106.876,1416.205078125,1439.53515625
next-20261006,omnibus-latest-fresh.json,hello,latest-omnibus,{},True,default,32-63,False,fresh,,,,,,,False,True,0257d93ddd1a92d5990d92294b8ae6d252bacff30dcb492f8755a8905d90d60b,8e522e5217adea17329e8e2eeb753fc482de4b16,latest_upstream_75200_candidate,75200f107ee958227e87a96e67ad491567a4854a,685c311da42ed34e451e851da1e1170fcedadf07,Build agent frozen binary; validation/latest-omnibus/ logs; original binaries untouched,7277a7318c05b3cb221c9ddc1995bba0deea7b291589fb6ce0ccf8f3857e3d80,last measured link for case/label,83c2472d49e6553770aca4ede08e0aea82cb13226dfd5157b8cd75ffc7578ef4,"[""taskset"",""-c"",""32-63"",""/home/callen/work/mold-next-20261006/bin/latest-omnibus"",""@response.txt"",""-o"",""codex-next.out"",""--no-fork""]",/home/callen/work/mold-bench/wl/hello/cur,50,3.4653989132493734,3.7878332659602165,3.8330317474901676,3.8330317474901676,2.1399999999999997,1.137,3.3379999999999996,17.2734375,17.2734375
next-20261006,omnibus-latest-fresh.json,hello,latest-control,{},True,default,32-63,False,fresh,,,,,,,False,True,7bbec3c1526448e4e5426c2dada974e9c2017bfb531ca91de7b70dd6769b06ef,f1dec0f067198959a1339e761f27f27ccc4179d1,latest_upstream_75200_control,75200f107ee958227e87a96e67ad491567a4854a,477ec9dc04c08e57857d990b550b9e582cd1103b,Build agent frozen binary; validation/latest-control/ logs; original binaries untouched,7277a7318c05b3cb221c9ddc1995bba0deea7b291589fb6ce0ccf8f3857e3d80,last measured link for case/label,83c2472d49e6553770aca4ede08e0aea82cb13226dfd5157b8cd75ffc7578ef4,"[""taskset"",""-c"",""32-63"",""/home/callen/work/mold-next-20261006/bin/latest-control"",""@response.txt"",""-o"",""codex-next.out"",""--no-fork""]",/home/callen/work/mold-bench/wl/hello/cur,50,3.923313459381461,4.328752867877483,4.5864940620958805,4.5864940620958805,1.9485,1.904,3.7995,17.2734375,17.2734375
next-20261006,omnibus-latest-fresh.json,rhello,latest-omnibus,{},True,default,32-63,False,fresh,,,,,,,False,True,0257d93ddd1a92d5990d92294b8ae6d252bacff30dcb492f8755a8905d90d60b,8e522e5217adea17329e8e2eeb753fc482de4b16,latest_upstream_75200_candidate,75200f107ee958227e87a96e67ad491567a4854a,685c311da42ed34e451e851da1e1170fcedadf07,Build agent frozen binary; validation/latest-omnibus/ logs; original binaries untouched,967631a389972f215d294980db400e57627ca2a4fdc60a7316b5bbeb7cf998b6,last measured link for case/label,83c2472d49e6553770aca4ede08e0aea82cb13226dfd5157b8cd75ffc7578ef4,"[""taskset"",""-c"",""32-63"",""/home/callen/work/mold-next-20261006/bin/latest-omnibus"",""@response.txt"",""-o"",""codex-next.out"",""--no-fork""]",/home/callen/work/mold-bench/wl/rhello/cur,50,12.190318433567882,12.667987029999495,13.374748639762402,13.374748639762402,9.934000000000001,8.350999999999999,19.076999999999998,46.115234375,48.12890625
next-20261006,omnibus-latest-fresh.json,rhello,latest-control,{},True,default,32-63,False,fresh,,,,,,,False,True,7bbec3c1526448e4e5426c2dada974e9c2017bfb531ca91de7b70dd6769b06ef,f1dec0f067198959a1339e761f27f27ccc4179d1,latest_upstream_75200_control,75200f107ee958227e87a96e67ad491567a4854a,477ec9dc04c08e57857d990b550b9e582cd1103b,Build agent frozen binary; validation/latest-control/ logs; original binaries untouched,967631a389972f215d294980db400e57627ca2a4fdc60a7316b5bbeb7cf998b6,last measured link for case/label,83c2472d49e6553770aca4ede08e0aea82cb13226dfd5157b8cd75ffc7578ef4,"[""taskset"",""-c"",""32-63"",""/home/callen/work/mold-next-20261006/bin/latest-control"",""@response.txt"",""-o"",""codex-next.out"",""--no-fork""]",/home/callen/work/mold-bench/wl/rhello/cur,50,12.186897452920675,13.324061874300241,13.371824752539396,13.371824752539396,10.385,8.5245,19.139499999999998,46.197265625,48.39453125
next-20261006,omnibus-latest-fresh.json,tblgen,latest-omnibus,{},True,default,32-63,False,fresh,,,,,,,False,True,0257d93ddd1a92d5990d92294b8ae6d252bacff30dcb492f8755a8905d90d60b,8e522e5217adea17329e8e2eeb753fc482de4b16,latest_upstream_75200_candidate,75200f107ee958227e87a96e67ad491567a4854a,685c311da42ed34e451e851da1e1170fcedadf07,Build agent frozen binary; validation/latest-omnibus/ logs; original binaries untouched,63b068abefeb622662818685a0794d8e5c7e8a5d651213eda3577810ea3369cd,last measured link for case/label,83c2472d49e6553770aca4ede08e0aea82cb13226dfd5157b8cd75ffc7578ef4,"[""taskset"",""-c"",""32-63"",""/home/callen/work/mold-next-20261006/bin/latest-omnibus"",""@response.txt"",""-o"",""codex-next.out"",""--no-fork""]",/home/callen/work/mold-bench/wl/tblgen/cur,50,21.376661490648985,22.506315261125565,22.84881379455328,22.84881379455328,71.31649999999999,80.243,151.43599999999998,178.02734375,181.84375
next-20261006,omnibus-latest-fresh.json,tblgen,latest-control,{},True,default,32-63,False,fresh,,,,,,,False,True,7bbec3c1526448e4e5426c2dada974e9c2017bfb531ca91de7b70dd6769b06ef,f1dec0f067198959a1339e761f27f27ccc4179d1,latest_upstream_75200_control,75200f107ee958227e87a96e67ad491567a4854a,477ec9dc04c08e57857d990b550b9e582cd1103b,Build agent frozen binary; validation/latest-control/ logs; original binaries untouched,63b068abefeb622662818685a0794d8e5c7e8a5d651213eda3577810ea3369cd,last measured link for case/label,83c2472d49e6553770aca4ede08e0aea82cb13226dfd5157b8cd75ffc7578ef4,"[""taskset"",""-c"",""32-63"",""/home/callen/work/mold-next-20261006/bin/latest-control"",""@response.txt"",""-o"",""codex-next.out"",""--no-fork""]",/home/callen/work/mold-bench/wl/tblgen/cur,50,21.102636121213436,22.425171919167042,64.59528114646673,64.59528114646673,71.70249999999999,78.701,151.23250000000002,178.3828125,184.25
next-20261006,omnibus-latest-fresh.json,lld,latest-omnibus,{},True,default,32-63,False,fresh,,,,,,,False,True,0257d93ddd1a92d5990d92294b8ae6d252bacff30dcb492f8755a8905d90d60b,8e522e5217adea17329e8e2eeb753fc482de4b16,latest_upstream_75200_candidate,75200f107ee958227e87a96e67ad491567a4854a,685c311da42ed34e451e851da1e1170fcedadf07,Build agent frozen binary; validation/latest-omnibus/ logs; original binaries untouched,5de7d2ef5dc164818fdbdb3d53d1f433c4bf90a9755bdce13b88e694fafcb763,last measured link for case/label,83c2472d49e6553770aca4ede08e0aea82cb13226dfd5157b8cd75ffc7578ef4,"[""taskset"",""-c"",""32-63"",""/home/callen/work/mold-next-20261006/bin/latest-omnibus"",""@response.txt"",""-o"",""codex-next.out"",""--no-fork""]",/home/callen/work/mold-bench/wl/lld/cur,50,101.75157501362264,124.41200017929077,125.46153087168932,125.46153087168932,1327.9434999999999,544.7774999999999,1886.8474999999999,2725.1015625,2748.49609375
next-20261006,omnibus-latest-fresh.json,lld,latest-control,{},True,default,32-63,False,fresh,,,,,,,False,True,7bbec3c1526448e4e5426c2dada974e9c2017bfb531ca91de7b70dd6769b06ef,f1dec0f067198959a1339e761f27f27ccc4179d1,latest_upstream_75200_control,75200f107ee958227e87a96e67ad491567a4854a,477ec9dc04c08e57857d990b550b9e582cd1103b,Build agent frozen binary; validation/latest-control/ logs; original binaries untouched,5de7d2ef5dc164818fdbdb3d53d1f433c4bf90a9755bdce13b88e694fafcb763,last measured link for case/label,83c2472d49e6553770aca4ede08e0aea82cb13226dfd5157b8cd75ffc7578ef4,"[""taskset"",""-c"",""32-63"",""/home/callen/work/mold-next-20261006/bin/latest-control"",""@response.txt"",""-o"",""codex-next.out"",""--no-fork""]",/home/callen/work/mold-bench/wl/lld/cur,50,103.14609901979566,126.77807919681072,155.28885694220662,155.28885694220662,1352.9655,537.08,1897.4454999999998,2725.2109375,2750.18359375
next-20261006,omnibus-latest-fresh.json,clang,latest-omnibus,{},True,default,32-63,False,fresh,,,,,,,False,True,0257d93ddd1a92d5990d92294b8ae6d252bacff30dcb492f8755a8905d90d60b,8e522e5217adea17329e8e2eeb753fc482de4b16,latest_upstream_75200_candidate,75200f107ee958227e87a96e67ad491567a4854a,685c311da42ed34e451e851da1e1170fcedadf07,Build agent frozen binary; validation/latest-omnibus/ logs; original binaries untouched,3fa34d9efa75ab05e4a553e9116f5943bd6a3defa8ba3b3c017b1aef37216c88,last measured link for case/label,83c2472d49e6553770aca4ede08e0aea82cb13226dfd5157b8cd75ffc7578ef4,"[""taskset"",""-c"",""32-63"",""/home/callen/work/mold-next-20261006/bin/latest-omnibus"",""@response.txt"",""-o"",""codex-next.out"",""--no-fork""]",/home/callen/work/mold-bench/wl/clang.d,50,157.06373052671552,205.7805946096778,212.82620495185256,212.82620495185256,2212.5685000000003,845.762,3051.2110000000002,4707.6875,4731.1015625
next-20261006,omnibus-latest-fresh.json,clang,latest-control,{},True,default,32-63,False,fresh,,,,,,,False,True,7bbec3c1526448e4e5426c2dada974e9c2017bfb531ca91de7b70dd6769b06ef,f1dec0f067198959a1339e761f27f27ccc4179d1,latest_upstream_75200_control,75200f107ee958227e87a96e67ad491567a4854a,477ec9dc04c08e57857d990b550b9e582cd1103b,Build agent frozen binary; validation/latest-control/ logs; original binaries untouched,3fa34d9efa75ab05e4a553e9116f5943bd6a3defa8ba3b3c017b1aef37216c88,last measured link for case/label,83c2472d49e6553770aca4ede08e0aea82cb13226dfd5157b8cd75ffc7578ef4,"[""taskset"",""-c"",""32-63"",""/home/callen/work/mold-next-20261006/bin/latest-control"",""@response.txt"",""-o"",""codex-next.out"",""--no-fork""]",/home/callen/work/mold-bench/wl/clang.d,50,152.93725696392357,186.7202613502741,203.73962819576263,203.73962819576263,2240.822,837.0899999999999,3062.3889999999997,4706.052734375,4731.2890625
next-20261006,omnibus-latest-fresh.json,clang-s,latest-omnibus,{},True,default,32-63,False,fresh,,,,,,,False,True,0257d93ddd1a92d5990d92294b8ae6d252bacff30dcb492f8755a8905d90d60b,8e522e5217adea17329e8e2eeb753fc482de4b16,latest_upstream_75200_candidate,75200f107ee958227e87a96e67ad491567a4854a,685c311da42ed34e451e851da1e1170fcedadf07,Build agent frozen binary; validation/latest-omnibus/ logs; original binaries untouched,982ccb2f6847c86c8c5fc9e63631c3b3fb4276b3ecf4a808c55100a032a80c28,last measured link for case/label,83c2472d49e6553770aca4ede08e0aea82cb13226dfd5157b8cd75ffc7578ef4,"[""taskset"",""-c"",""32-63"",""/home/callen/work/mold-next-20261006/bin/latest-omnibus"",""@response.txt"",""-o"",""codex-next.out"",""--no-fork"",""--strip-debug""]",/home/callen/work/mold-bench/wl/clang.d,50,62.885574996471405,68.37924476712942,74.76450689136982,74.76450689136982,863.4575,352.638,1218.7055,1368.06640625,1391.03515625
next-20261006,omnibus-latest-fresh.json,clang-s,latest-control,{},True,default,32-63,False,fresh,,,,,,,False,True,7bbec3c1526448e4e5426c2dada974e9c2017bfb531ca91de7b70dd6769b06ef,f1dec0f067198959a1339e761f27f27ccc4179d1,latest_upstream_75200_control,75200f107ee958227e87a96e67ad491567a4854a,477ec9dc04c08e57857d990b550b9e582cd1103b,Build agent frozen binary; validation/latest-control/ logs; original binaries untouched,982ccb2f6847c86c8c5fc9e63631c3b3fb4276b3ecf4a808c55100a032a80c28,last measured link for case/label,83c2472d49e6553770aca4ede08e0aea82cb13226dfd5157b8cd75ffc7578ef4,"[""taskset"",""-c"",""32-63"",""/home/callen/work/mold-next-20261006/bin/latest-control"",""@response.txt"",""-o"",""codex-next.out"",""--no-fork"",""--strip-debug""]",/home/callen/work/mold-bench/wl/clang.d,50,63.05157206952572,70.78416179865599,75.09353710338473,75.09353710338473,835.2334999999999,381.4735,1208.3545,1368.861328125,1393.578125
next-20261006,omnibus-latest-fresh.json,ra,latest-omnibus,{},True,default,32-63,False,fresh,,,,,,,False,True,0257d93ddd1a92d5990d92294b8ae6d252bacff30dcb492f8755a8905d90d60b,8e522e5217adea17329e8e2eeb753fc482de4b16,latest_upstream_75200_candidate,75200f107ee958227e87a96e67ad491567a4854a,685c311da42ed34e451e851da1e1170fcedadf07,Build agent frozen binary; validation/latest-omnibus/ logs; original binaries untouched,c54bb48368d1b75376996429c790ab2e8895d835a4a9c466d93bfa77274d4947,last measured link for case/label,83c2472d49e6553770aca4ede08e0aea82cb13226dfd5157b8cd75ffc7578ef4,"[""taskset"",""-c"",""32-63"",""/home/callen/work/mold-next-20261006/bin/latest-omnibus"",""@response.txt"",""-o"",""codex-next.out"",""--no-fork""]",/home/callen/work/mold-bench/wl/ra.d,50,152.19994401559234,175.04932405427098,190.4376302845776,190.4376302845776,1972.1104999999998,510.079,2486.491,2019.556640625,2037.265625
next-20261006,omnibus-latest-fresh.json,ra,latest-control,{},True,default,32-63,False,fresh,,,,,,,False,True,7bbec3c1526448e4e5426c2dada974e9c2017bfb531ca91de7b70dd6769b06ef,f1dec0f067198959a1339e761f27f27ccc4179d1,latest_upstream_75200_control,75200f107ee958227e87a96e67ad491567a4854a,477ec9dc04c08e57857d990b550b9e582cd1103b,Build agent frozen binary; validation/latest-control/ logs; original binaries untouched,c54bb48368d1b75376996429c790ab2e8895d835a4a9c466d93bfa77274d4947,last measured link for case/label,83c2472d49e6553770aca4ede08e0aea82cb13226dfd5157b8cd75ffc7578ef4,"[""taskset"",""-c"",""32-63"",""/home/callen/work/mold-next-20261006/bin/latest-control"",""@response.txt"",""-o"",""codex-next.out"",""--no-fork""]",/home/callen/work/mold-bench/wl/ra.d,50,149.91200272925198,177.67112283036113,201.66133204475045,201.66133204475045,1983.0355,521.278,2493.8495,2019.16015625,2042.22265625
next-20261006,omnibus-latest-fresh.json,ra-s,latest-omnibus,{},True,default,32-63,False,fresh,,,,,,,False,True,0257d93ddd1a92d5990d92294b8ae6d252bacff30dcb492f8755a8905d90d60b,8e522e5217adea17329e8e2eeb753fc482de4b16,latest_upstream_75200_candidate,75200f107ee958227e87a96e67ad491567a4854a,685c311da42ed34e451e851da1e1170fcedadf07,Build agent frozen binary; validation/latest-omnibus/ logs; original binaries untouched,5b7b53af257f19a253831ab081923075b0f10190728da4aa399eab3b15860b6c,last measured link for case/label,83c2472d49e6553770aca4ede08e0aea82cb13226dfd5157b8cd75ffc7578ef4,"[""taskset"",""-c"",""32-63"",""/home/callen/work/mold-next-20261006/bin/latest-omnibus"",""@response.txt"",""-o"",""codex-next.out"",""--no-fork"",""--strip-debug""]",/home/callen/work/mold-bench/wl/ra.d,50,124.60766779258847,143.67725094780326,172.04520711675286,172.04520711675286,1641.105,446.85249999999996,2079.564,1418.845703125,1432.234375
next-20261006,omnibus-latest-fresh.json,ra-s,latest-control,{},True,default,32-63,False,fresh,,,,,,,False,True,7bbec3c1526448e4e5426c2dada974e9c2017bfb531ca91de7b70dd6769b06ef,f1dec0f067198959a1339e761f27f27ccc4179d1,latest_upstream_75200_control,75200f107ee958227e87a96e67ad491567a4854a,477ec9dc04c08e57857d990b550b9e582cd1103b,Build agent frozen binary; validation/latest-control/ logs; original binaries untouched,5b7b53af257f19a253831ab081923075b0f10190728da4aa399eab3b15860b6c,last measured link for case/label,83c2472d49e6553770aca4ede08e0aea82cb13226dfd5157b8cd75ffc7578ef4,"[""taskset"",""-c"",""32-63"",""/home/callen/work/mold-next-20261006/bin/latest-control"",""@response.txt"",""-o"",""codex-next.out"",""--no-fork"",""--strip-debug""]",/home/callen/work/mold-bench/wl/ra.d,50,126.0710870847106,147.03631587326527,184.7194479778409,184.7194479778409,1617.2175,460.54049999999995,2036.1045,1417.0,1440.19921875
next-20261006,omnibus-latest.json,hello,latest-omnibus,{},True,default,32-63,False,reused,,,,,,,False,True,0257d93ddd1a92d5990d92294b8ae6d252bacff30dcb492f8755a8905d90d60b,8e522e5217adea17329e8e2eeb753fc482de4b16,latest_upstream_75200_candidate,75200f107ee958227e87a96e67ad491567a4854a,685c311da42ed34e451e851da1e1170fcedadf07,Build agent frozen binary; validation/latest-omnibus/ logs; original binaries untouched,7277a7318c05b3cb221c9ddc1995bba0deea7b291589fb6ce0ccf8f3857e3d80,last measured link for case/label,324150875973f136cc1ef6f45a626ac72c2f54f28a7572a6c50d2871a12744cf,"[""taskset"",""-c"",""32-63"",""/home/callen/work/mold-next-20261006/bin/latest-omnibus"",""@response.txt"",""-o"",""codex-next.out"",""--no-fork""]",/home/callen/work/mold-bench/wl/hello/cur,50,3.4779871348291636,3.7979818880558014,3.862550016492605,3.862550016492605,2.0735,1.2065000000000001,3.3815,17.2265625,17.2265625
next-20261006,omnibus-latest.json,hello,latest-control,{},True,default,32-63,False,reused,,,,,,,False,True,7bbec3c1526448e4e5426c2dada974e9c2017bfb531ca91de7b70dd6769b06ef,f1dec0f067198959a1339e761f27f27ccc4179d1,latest_upstream_75200_control,75200f107ee958227e87a96e67ad491567a4854a,477ec9dc04c08e57857d990b550b9e582cd1103b,Build agent frozen binary; validation/latest-control/ logs; original binaries untouched,7277a7318c05b3cb221c9ddc1995bba0deea7b291589fb6ce0ccf8f3857e3d80,last measured link for case/label,324150875973f136cc1ef6f45a626ac72c2f54f28a7572a6c50d2871a12744cf,"[""taskset"",""-c"",""32-63"",""/home/callen/work/mold-next-20261006/bin/latest-control"",""@response.txt"",""-o"",""codex-next.out"",""--no-fork""]",/home/callen/work/mold-bench/wl/hello/cur,50,3.8595411460846663,4.841416142880917,44.17255287989974,44.17255287989974,2.0095,1.919,3.7615,17.2265625,17.2265625
next-20261006,omnibus-latest.json,rhello,latest-omnibus,{},True,default,32-63,False,reused,,,,,,,False,True,0257d93ddd1a92d5990d92294b8ae6d252bacff30dcb492f8755a8905d90d60b,8e522e5217adea17329e8e2eeb753fc482de4b16,latest_upstream_75200_candidate,75200f107ee958227e87a96e67ad491567a4854a,685c311da42ed34e451e851da1e1170fcedadf07,Build agent frozen binary; validation/latest-omnibus/ logs; original binaries untouched,967631a389972f215d294980db400e57627ca2a4fdc60a7316b5bbeb7cf998b6,last measured link for case/label,324150875973f136cc1ef6f45a626ac72c2f54f28a7572a6c50d2871a12744cf,"[""taskset"",""-c"",""32-63"",""/home/callen/work/mold-next-20261006/bin/latest-omnibus"",""@response.txt"",""-o"",""codex-next.out"",""--no-fork""]",/home/callen/work/mold-bench/wl/rhello/cur,50,11.525923619046807,12.106889858841896,12.366243172436953,12.366243172436953,10.7835,7.127,17.7875,46.33984375,49.125
next-20261006,omnibus-latest.json,rhello,latest-control,{},True,default,32-63,False,reused,,,,,,,False,True,7bbec3c1526448e4e5426c2dada974e9c2017bfb531ca91de7b70dd6769b06ef,f1dec0f067198959a1339e761f27f27ccc4179d1,latest_upstream_75200_control,75200f107ee958227e87a96e67ad491567a4854a,477ec9dc04c08e57857d990b550b9e582cd1103b,Build agent frozen binary; validation/latest-control/ logs; original binaries untouched,967631a389972f215d294980db400e57627ca2a4fdc60a7316b5bbeb7cf998b6,last measured link for case/label,324150875973f136cc1ef6f45a626ac72c2f54f28a7572a6c50d2871a12744cf,"[""taskset"",""-c"",""32-63"",""/home/callen/work/mold-next-20261006/bin/latest-control"",""@response.txt"",""-o"",""codex-next.out"",""--no-fork""]",/home/callen/work/mold-bench/wl/rhello/cur,50,11.669896775856614,12.443180195987225,12.697766069322824,12.697766069322824,10.882,7.295999999999999,18.094,46.322265625,48.98046875
next-20261006,omnibus-latest.json,tblgen,latest-omnibus,{},True,default,32-63,False,reused,,,,,,,False,True,0257d93ddd1a92d5990d92294b8ae6d252bacff30dcb492f8755a8905d90d60b,8e522e5217adea17329e8e2eeb753fc482de4b16,latest_upstream_75200_candidate,75200f107ee958227e87a96e67ad491567a4854a,685c311da42ed34e451e851da1e1170fcedadf07,Build agent frozen binary; validation/latest-omnibus/ logs; original binaries untouched,63b068abefeb622662818685a0794d8e5c7e8a5d651213eda3577810ea3369cd,last measured link for case/label,324150875973f136cc1ef6f45a626ac72c2f54f28a7572a6c50d2871a12744cf,"[""taskset"",""-c"",""32-63"",""/home/callen/work/mold-next-20261006/bin/latest-omnibus"",""@response.txt"",""-o"",""codex-next.out"",""--no-fork""]",/home/callen/work/mold-bench/wl/tblgen/cur,50,18.103643786162138,18.929862417280674,19.40878899767995,19.40878899767995,71.1875,42.659499999999994,117.46249999999999,177.984375,181.62890625
next-20261006,omnibus-latest.json,tblgen,latest-control,{},True,default,32-63,False,reused,,,,,,,False,True,7bbec3c1526448e4e5426c2dada974e9c2017bfb531ca91de7b70dd6769b06ef,f1dec0f067198959a1339e761f27f27ccc4179d1,latest_upstream_75200_control,75200f107ee958227e87a96e67ad491567a4854a,477ec9dc04c08e57857d990b550b9e582cd1103b,Build agent frozen binary; validation/latest-control/ logs; original binaries untouched,63b068abefeb622662818685a0794d8e5c7e8a5d651213eda3577810ea3369cd,last measured link for case/label,324150875973f136cc1ef6f45a626ac72c2f54f28a7572a6c50d2871a12744cf,"[""taskset"",""-c"",""32-63"",""/home/callen/work/mold-next-20261006/bin/latest-control"",""@response.txt"",""-o"",""codex-next.out"",""--no-fork""]",/home/callen/work/mold-bench/wl/tblgen/cur,50,18.01101304590702,18.957844004034996,19.420006312429905,19.420006312429905,72.07849999999999,45.111999999999995,117.976,178.5546875,183.6640625
next-20261006,omnibus-latest.json,lld,latest-omnibus,{},True,default,32-63,False,reused,,,,,,,False,True,0257d93ddd1a92d5990d92294b8ae6d252bacff30dcb492f8755a8905d90d60b,8e522e5217adea17329e8e2eeb753fc482de4b16,latest_upstream_75200_candidate,75200f107ee958227e87a96e67ad491567a4854a,685c311da42ed34e451e851da1e1170fcedadf07,Build agent frozen binary; validation/latest-omnibus/ logs; original binaries untouched,5de7d2ef5dc164818fdbdb3d53d1f433c4bf90a9755bdce13b88e694fafcb763,last measured link for case/label,324150875973f136cc1ef6f45a626ac72c2f54f28a7572a6c50d2871a12744cf,"[""taskset"",""-c"",""32-63"",""/home/callen/work/mold-next-20261006/bin/latest-omnibus"",""@response.txt"",""-o"",""codex-next.out"",""--no-fork""]",/home/callen/work/mold-bench/wl/lld/cur,50,80.4758055601269,93.66574790328741,111.22196586802602,111.22196586802602,1449.7839999999999,332.594,1790.6574999999998,2729.26171875,2753.6796875
next-20261006,omnibus-latest.json,lld,latest-control,{},True,default,32-63,False,reused,,,,,,,False,True,7bbec3c1526448e4e5426c2dada974e9c2017bfb531ca91de7b70dd6769b06ef,f1dec0f067198959a1339e761f27f27ccc4179d1,latest_upstream_75200_control,75200f107ee958227e87a96e67ad491567a4854a,477ec9dc04c08e57857d990b550b9e582cd1103b,Build agent frozen binary; validation/latest-control/ logs; original binaries untouched,5de7d2ef5dc164818fdbdb3d53d1f433c4bf90a9755bdce13b88e694fafcb763,last measured link for case/label,324150875973f136cc1ef6f45a626ac72c2f54f28a7572a6c50d2871a12744cf,"[""taskset"",""-c"",""32-63"",""/home/callen/work/mold-next-20261006/bin/latest-control"",""@response.txt"",""-o"",""codex-next.out"",""--no-fork""]",/home/callen/work/mold-bench/wl/lld/cur,50,79.02664598077536,110.02149386331439,116.50321865454316,116.50321865454316,1435.7509999999997,333.87749999999994,1786.9454999999998,2731.158203125,2768.78125
next-20261006,omnibus-latest.json,clang,latest-omnibus,{},True,default,32-63,False,reused,,,,,,,False,True,0257d93ddd1a92d5990d92294b8ae6d252bacff30dcb492f8755a8905d90d60b,8e522e5217adea17329e8e2eeb753fc482de4b16,latest_upstream_75200_candidate,75200f107ee958227e87a96e67ad491567a4854a,685c311da42ed34e451e851da1e1170fcedadf07,Build agent frozen binary; validation/latest-omnibus/ logs; original binaries untouched,3fa34d9efa75ab05e4a553e9116f5943bd6a3defa8ba3b3c017b1aef37216c88,last measured link for case/label,324150875973f136cc1ef6f45a626ac72c2f54f28a7572a6c50d2871a12744cf,"[""taskset"",""-c"",""32-63"",""/home/callen/work/mold-next-20261006/bin/latest-omnibus"",""@response.txt"",""-o"",""codex-next.out"",""--no-fork""]",/home/callen/work/mold-bench/wl/clang.d,50,121.01030140183866,137.49181618914008,138.11358157545328,138.11358157545328,2377.6504999999997,500.031,2883.782,4709.09375,4746.5
next-20261006,omnibus-latest.json,clang,latest-control,{},True,default,32-63,False,reused,,,,,,,False,True,7bbec3c1526448e4e5426c2dada974e9c2017bfb531ca91de7b70dd6769b06ef,f1dec0f067198959a1339e761f27f27ccc4179d1,latest_upstream_75200_control,75200f107ee958227e87a96e67ad491567a4854a,477ec9dc04c08e57857d990b550b9e582cd1103b,Build agent frozen binary; validation/latest-control/ logs; original binaries untouched,3fa34d9efa75ab05e4a553e9116f5943bd6a3defa8ba3b3c017b1aef37216c88,last measured link for case/label,324150875973f136cc1ef6f45a626ac72c2f54f28a7572a6c50d2871a12744cf,"[""taskset"",""-c"",""32-63"",""/home/callen/work/mold-next-20261006/bin/latest-control"",""@response.txt"",""-o"",""codex-next.out"",""--no-fork""]",/home/callen/work/mold-bench/wl/clang.d,50,118.93041944131255,129.64914785698056,138.17858789116144,138.17858789116144,2383.4665000000005,509.6945,2896.4655,4713.576171875,4747.46484375
next-20261006,omnibus-latest.json,clang-s,latest-omnibus,{},True,default,32-63,False,reused,,,,,,,False,True,0257d93ddd1a92d5990d92294b8ae6d252bacff30dcb492f8755a8905d90d60b,8e522e5217adea17329e8e2eeb753fc482de4b16,latest_upstream_75200_candidate,75200f107ee958227e87a96e67ad491567a4854a,685c311da42ed34e451e851da1e1170fcedadf07,Build agent frozen binary; validation/latest-omnibus/ logs; original binaries untouched,982ccb2f6847c86c8c5fc9e63631c3b3fb4276b3ecf4a808c55100a032a80c28,last measured link for case/label,324150875973f136cc1ef6f45a626ac72c2f54f28a7572a6c50d2871a12744cf,"[""taskset"",""-c"",""32-63"",""/home/callen/work/mold-next-20261006/bin/latest-omnibus"",""@response.txt"",""-o"",""codex-next.out"",""--no-fork"",""--strip-debug""]",/home/callen/work/mold-bench/wl/clang.d,50,54.96020056307316,60.487556736916304,66.55181059613824,66.55181059613824,876.5829999999999,260.7715,1141.228,1371.396484375,1395.9765625
next-20261006,omnibus-latest.json,clang-s,latest-control,{},True,default,32-63,False,reused,,,,,,,False,True,7bbec3c1526448e4e5426c2dada974e9c2017bfb531ca91de7b70dd6769b06ef,f1dec0f067198959a1339e761f27f27ccc4179d1,latest_upstream_75200_control,75200f107ee958227e87a96e67ad491567a4854a,477ec9dc04c08e57857d990b550b9e582cd1103b,Build agent frozen binary; validation/latest-control/ logs; original binaries untouched,982ccb2f6847c86c8c5fc9e63631c3b3fb4276b3ecf4a808c55100a032a80c28,last measured link for case/label,324150875973f136cc1ef6f45a626ac72c2f54f28a7572a6c50d2871a12744cf,"[""taskset"",""-c"",""32-63"",""/home/callen/work/mold-next-20261006/bin/latest-control"",""@response.txt"",""-o"",""codex-next.out"",""--no-fork"",""--strip-debug""]",/home/callen/work/mold-bench/wl/clang.d,50,55.01996143721044,59.205551631748676,66.02477096021175,66.02477096021175,873.8054999999999,260.916,1142.3845,1370.125,1399.0546875
next-20261006,omnibus-latest.json,ra,latest-omnibus,{},True,default,32-63,False,reused,,,,,,,False,True,0257d93ddd1a92d5990d92294b8ae6d252bacff30dcb492f8755a8905d90d60b,8e522e5217adea17329e8e2eeb753fc482de4b16,latest_upstream_75200_candidate,75200f107ee958227e87a96e67ad491567a4854a,685c311da42ed34e451e851da1e1170fcedadf07,Build agent frozen binary; validation/latest-omnibus/ logs; original binaries untouched,c54bb48368d1b75376996429c790ab2e8895d835a4a9c466d93bfa77274d4947,last measured link for case/label,324150875973f136cc1ef6f45a626ac72c2f54f28a7572a6c50d2871a12744cf,"[""taskset"",""-c"",""32-63"",""/home/callen/work/mold-next-20261006/bin/latest-omnibus"",""@response.txt"",""-o"",""codex-next.out"",""--no-fork""]",/home/callen/work/mold-bench/wl/ra.d,50,131.7471235524863,159.80854304507375,167.801802046597,167.801802046597,2041.425,374.74699999999996,2433.8464999999997,2016.92578125,2043.078125
next-20261006,omnibus-latest.json,ra,latest-control,{},True,default,32-63,False,reused,,,,,,,False,True,7bbec3c1526448e4e5426c2dada974e9c2017bfb531ca91de7b70dd6769b06ef,f1dec0f067198959a1339e761f27f27ccc4179d1,latest_upstream_75200_control,75200f107ee958227e87a96e67ad491567a4854a,477ec9dc04c08e57857d990b550b9e582cd1103b,Build agent frozen binary; validation/latest-control/ logs; original binaries untouched,c54bb48368d1b75376996429c790ab2e8895d835a4a9c466d93bfa77274d4947,last measured link for case/label,324150875973f136cc1ef6f45a626ac72c2f54f28a7572a6c50d2871a12744cf,"[""taskset"",""-c"",""32-63"",""/home/callen/work/mold-next-20261006/bin/latest-control"",""@response.txt"",""-o"",""codex-next.out"",""--no-fork""]",/home/callen/work/mold-bench/wl/ra.d,50,129.04541427269578,162.88000019267201,167.34773200005293,167.34773200005293,2044.3075,383.99249999999995,2434.871,2020.162109375,2034.984375
next-20261006,omnibus-latest.json,ra-s,latest-omnibus,{},True,default,32-63,False,reused,,,,,,,False,True,0257d93ddd1a92d5990d92294b8ae6d252bacff30dcb492f8755a8905d90d60b,8e522e5217adea17329e8e2eeb753fc482de4b16,latest_upstream_75200_candidate,75200f107ee958227e87a96e67ad491567a4854a,685c311da42ed34e451e851da1e1170fcedadf07,Build agent frozen binary; validation/latest-omnibus/ logs; original binaries untouched,5b7b53af257f19a253831ab081923075b0f10190728da4aa399eab3b15860b6c,last measured link for case/label,324150875973f136cc1ef6f45a626ac72c2f54f28a7572a6c50d2871a12744cf,"[""taskset"",""-c"",""32-63"",""/home/callen/work/mold-next-20261006/bin/latest-omnibus"",""@response.txt"",""-o"",""codex-next.out"",""--no-fork"",""--strip-debug""]",/home/callen/work/mold-bench/wl/ra.d,50,116.7372043710202,134.2999441549182,169.13648042827845,169.13648042827845,1563.3085,312.0435,1865.8835,1414.783203125,1433.03125
next-20261006,omnibus-latest.json,ra-s,latest-control,{},True,default,32-63,False,reused,,,,,,,False,True,7bbec3c1526448e4e5426c2dada974e9c2017bfb531ca91de7b70dd6769b06ef,f1dec0f067198959a1339e761f27f27ccc4179d1,latest_upstream_75200_control,75200f107ee958227e87a96e67ad491567a4854a,477ec9dc04c08e57857d990b550b9e582cd1103b,Build agent frozen binary; validation/latest-control/ logs; original binaries untouched,5b7b53af257f19a253831ab081923075b0f10190728da4aa399eab3b15860b6c,last measured link for case/label,324150875973f136cc1ef6f45a626ac72c2f54f28a7572a6c50d2871a12744cf,"[""taskset"",""-c"",""32-63"",""/home/callen/work/mold-next-20261006/bin/latest-control"",""@response.txt"",""-o"",""codex-next.out"",""--no-fork"",""--strip-debug""]",/home/callen/work/mold-bench/wl/ra.d,50,116.55863863416016,132.5199850834906,133.84184008464217,133.84184008464217,1570.5785,321.6355,1883.975,1416.25390625,1427.1640625
next-20261006,omnibus.json,hello,omnibus,{},True,default,32-63,False,reused,,,,,,,False,True,4422ead1df414794d40e4a4aee1e5af3696d2fcec6d118bf965fe36f465f41b7,80f062238e88d941a6b16e175477dff42e2ace4c,upstream_rebased_candidate,1347ca95c906db060ecfbf838a792c5739970294,0adae45861f04d5571a37ec3f357f6891a3d14d8,parent provisional omnibus rebased onto upstream1347ca95,7277a7318c05b3cb221c9ddc1995bba0deea7b291589fb6ce0ccf8f3857e3d80,last measured link for case/label,62a8e51ee034600f79ef0e349f6ec0e09b026bc3c90cc52bc1fa42dee30151ae,"[""taskset"",""-c"",""32-63"",""/home/callen/work/mold-next-20261006/bin/omnibus"",""@response.txt"",""-o"",""codex-next.out"",""--no-fork""]",/home/callen/work/mold-bench/wl/hello/cur,50,3.6982104647904634,4.659908823668957,5.304187070578337,5.304187070578337,1.8835,1.42,3.5635,16.28125,16.28125
next-20261006,omnibus.json,hello,current,{},True,default,32-63,False,reused,,,,,,,False,True,11b05349574ccca4347d85b24540d5e0b7f11066b9768d971994088f3c14d0da,d5f03691582bc6e425d122c5592d0b33448ff7eb,upstream_rebased_control,1347ca95c906db060ecfbf838a792c5739970294,787d8f02f48dcf63d4b2373c501b938d2c045c89,parent final control rebased onto upstream1347ca95,7277a7318c05b3cb221c9ddc1995bba0deea7b291589fb6ce0ccf8f3857e3d80,last measured link for case/label,62a8e51ee034600f79ef0e349f6ec0e09b026bc3c90cc52bc1fa42dee30151ae,"[""taskset"",""-c"",""32-63"",""/home/callen/work/mold-next-20261006/bin/current"",""@response.txt"",""-o"",""codex-next.out"",""--no-fork""]",/home/callen/work/mold-bench/wl/hello/cur,50,4.142588935792446,4.945471882820129,5.087617784738541,5.087617784738541,2.2115,1.944,4.026,16.439453125,16.515625
next-20261006,omnibus.json,rhello,omnibus,{},True,default,32-63,False,reused,,,,,,,False,True,4422ead1df414794d40e4a4aee1e5af3696d2fcec6d118bf965fe36f465f41b7,80f062238e88d941a6b16e175477dff42e2ace4c,upstream_rebased_candidate,1347ca95c906db060ecfbf838a792c5739970294,0adae45861f04d5571a37ec3f357f6891a3d14d8,parent provisional omnibus rebased onto upstream1347ca95,967631a389972f215d294980db400e57627ca2a4fdc60a7316b5bbeb7cf998b6,last measured link for case/label,62a8e51ee034600f79ef0e349f6ec0e09b026bc3c90cc52bc1fa42dee30151ae,"[""taskset"",""-c"",""32-63"",""/home/callen/work/mold-next-20261006/bin/omnibus"",""@response.txt"",""-o"",""codex-next.out"",""--no-fork""]",/home/callen/work/mold-bench/wl/rhello/cur,50,11.62119978107512,12.851015198975801,13.316981960088015,13.316981960088015,9.635499999999999,7.281999999999999,17.6035,46.140625,48.98046875
next-20261006,omnibus.json,rhello,current,{},True,default,32-63,False,reused,,,,,,,False,True,11b05349574ccca4347d85b24540d5e0b7f11066b9768d971994088f3c14d0da,d5f03691582bc6e425d122c5592d0b33448ff7eb,upstream_rebased_control,1347ca95c906db060ecfbf838a792c5739970294,787d8f02f48dcf63d4b2373c501b938d2c045c89,parent final control rebased onto upstream1347ca95,967631a389972f215d294980db400e57627ca2a4fdc60a7316b5bbeb7cf998b6,last measured link for case/label,62a8e51ee034600f79ef0e349f6ec0e09b026bc3c90cc52bc1fa42dee30151ae,"[""taskset"",""-c"",""32-63"",""/home/callen/work/mold-next-20261006/bin/current"",""@response.txt"",""-o"",""codex-next.out"",""--no-fork""]",/home/callen/work/mold-bench/wl/rhello/cur,50,12.145479442551732,13.155906926840544,13.355350121855736,13.355350121855736,10.842499999999998,7.739,18.5875,46.169921875,48.30859375
next-20261006,omnibus.json,tblgen,omnibus,{},True,default,32-63,False,reused,,,,,,,False,True,4422ead1df414794d40e4a4aee1e5af3696d2fcec6d118bf965fe36f465f41b7,80f062238e88d941a6b16e175477dff42e2ace4c,upstream_rebased_candidate,1347ca95c906db060ecfbf838a792c5739970294,0adae45861f04d5571a37ec3f357f6891a3d14d8,parent provisional omnibus rebased onto upstream1347ca95,63b068abefeb622662818685a0794d8e5c7e8a5d651213eda3577810ea3369cd,last measured link for case/label,62a8e51ee034600f79ef0e349f6ec0e09b026bc3c90cc52bc1fa42dee30151ae,"[""taskset"",""-c"",""32-63"",""/home/callen/work/mold-next-20261006/bin/omnibus"",""@response.txt"",""-o"",""codex-next.out"",""--no-fork""]",/home/callen/work/mold-bench/wl/tblgen/cur,50,18.10445450246334,18.935044296085835,19.60770459845662,19.60770459845662,71.56349999999999,42.414,116.41499999999999,177.541015625,182.93359375
next-20261006,omnibus.json,tblgen,current,{},True,default,32-63,False,reused,,,,,,,False,True,11b05349574ccca4347d85b24540d5e0b7f11066b9768d971994088f3c14d0da,d5f03691582bc6e425d122c5592d0b33448ff7eb,upstream_rebased_control,1347ca95c906db060ecfbf838a792c5739970294,787d8f02f48dcf63d4b2373c501b938d2c045c89,parent final control rebased onto upstream1347ca95,63b068abefeb622662818685a0794d8e5c7e8a5d651213eda3577810ea3369cd,last measured link for case/label,62a8e51ee034600f79ef0e349f6ec0e09b026bc3c90cc52bc1fa42dee30151ae,"[""taskset"",""-c"",""32-63"",""/home/callen/work/mold-next-20261006/bin/current"",""@response.txt"",""-o"",""codex-next.out"",""--no-fork""]",/home/callen/work/mold-bench/wl/tblgen/cur,50,17.982829827815294,19.021205138415098,19.15890397503972,19.15890397503972,68.325,46.85849999999999,115.48249999999999,178.10546875,184.17578125
next-20261006,omnibus.json,lld,omnibus,{},True,default,32-63,False,reused,,,,,,,False,True,4422ead1df414794d40e4a4aee1e5af3696d2fcec6d118bf965fe36f465f41b7,80f062238e88d941a6b16e175477dff42e2ace4c,upstream_rebased_candidate,1347ca95c906db060ecfbf838a792c5739970294,0adae45861f04d5571a37ec3f357f6891a3d14d8,parent provisional omnibus rebased onto upstream1347ca95,5de7d2ef5dc164818fdbdb3d53d1f433c4bf90a9755bdce13b88e694fafcb763,last measured link for case/label,62a8e51ee034600f79ef0e349f6ec0e09b026bc3c90cc52bc1fa42dee30151ae,"[""taskset"",""-c"",""32-63"",""/home/callen/work/mold-next-20261006/bin/omnibus"",""@response.txt"",""-o"",""codex-next.out"",""--no-fork""]",/home/callen/work/mold-bench/wl/lld/cur,50,81.81466883979738,91.40294883400202,106.95404093712568,106.95404093712568,1447.5605,333.414,1770.5465,2730.16796875,2758.2421875
next-20261006,omnibus.json,lld,current,{},True,default,32-63,False,reused,,,,,,,False,True,11b05349574ccca4347d85b24540d5e0b7f11066b9768d971994088f3c14d0da,d5f03691582bc6e425d122c5592d0b33448ff7eb,upstream_rebased_control,1347ca95c906db060ecfbf838a792c5739970294,787d8f02f48dcf63d4b2373c501b938d2c045c89,parent final control rebased onto upstream1347ca95,5de7d2ef5dc164818fdbdb3d53d1f433c4bf90a9755bdce13b88e694fafcb763,last measured link for case/label,62a8e51ee034600f79ef0e349f6ec0e09b026bc3c90cc52bc1fa42dee30151ae,"[""taskset"",""-c"",""32-63"",""/home/callen/work/mold-next-20261006/bin/current"",""@response.txt"",""-o"",""codex-next.out"",""--no-fork""]",/home/callen/work/mold-bench/wl/lld/cur,50,84.51405353844166,91.20371798053384,92.78224175795913,92.78224175795913,1434.6095,339.3565,1772.7999999999997,2728.29296875,2757.94140625
next-20261006,omnibus.json,clang,omnibus,{},True,default,32-63,False,reused,,,,,,,False,True,4422ead1df414794d40e4a4aee1e5af3696d2fcec6d118bf965fe36f465f41b7,80f062238e88d941a6b16e175477dff42e2ace4c,upstream_rebased_candidate,1347ca95c906db060ecfbf838a792c5739970294,0adae45861f04d5571a37ec3f357f6891a3d14d8,parent provisional omnibus rebased onto upstream1347ca95,3fa34d9efa75ab05e4a553e9116f5943bd6a3defa8ba3b3c017b1aef37216c88,last measured link for case/label,62a8e51ee034600f79ef0e349f6ec0e09b026bc3c90cc52bc1fa42dee30151ae,"[""taskset"",""-c"",""32-63"",""/home/callen/work/mold-next-20261006/bin/omnibus"",""@response.txt"",""-o"",""codex-next.out"",""--no-fork""]",/home/callen/work/mold-bench/wl/clang.d,50,139.43820190615952,172.84701392054558,181.1742759309709,181.1742759309709,2275.48,494.29249999999996,2755.9075000000003,4704.1875,4736.0703125
next-20261006,omnibus.json,clang,current,{},True,default,32-63,False,reused,,,,,,,False,True,11b05349574ccca4347d85b24540d5e0b7f11066b9768d971994088f3c14d0da,d5f03691582bc6e425d122c5592d0b33448ff7eb,upstream_rebased_control,1347ca95c906db060ecfbf838a792c5739970294,787d8f02f48dcf63d4b2373c501b938d2c045c89,parent final control rebased onto upstream1347ca95,3fa34d9efa75ab05e4a553e9116f5943bd6a3defa8ba3b3c017b1aef37216c88,last measured link for case/label,62a8e51ee034600f79ef0e349f6ec0e09b026bc3c90cc52bc1fa42dee30151ae,"[""taskset"",""-c"",""32-63"",""/home/callen/work/mold-next-20261006/bin/current"",""@response.txt"",""-o"",""codex-next.out"",""--no-fork""]",/home/callen/work/mold-bench/wl/clang.d,50,138.91870877705514,168.752983212471,175.01164693385363,175.01164693385363,2285.3305,493.5945,2773.1245000000004,4704.248046875,4729.69140625
next-20261006,omnibus.json,clang-s,omnibus,{},True,default,32-63,False,reused,,,,,,,False,True,4422ead1df414794d40e4a4aee1e5af3696d2fcec6d118bf965fe36f465f41b7,80f062238e88d941a6b16e175477dff42e2ace4c,upstream_rebased_candidate,1347ca95c906db060ecfbf838a792c5739970294,0adae45861f04d5571a37ec3f357f6891a3d14d8,parent provisional omnibus rebased onto upstream1347ca95,982ccb2f6847c86c8c5fc9e63631c3b3fb4276b3ecf4a808c55100a032a80c28,last measured link for case/label,62a8e51ee034600f79ef0e349f6ec0e09b026bc3c90cc52bc1fa42dee30151ae,"[""taskset"",""-c"",""32-63"",""/home/callen/work/mold-next-20261006/bin/omnibus"",""@response.txt"",""-o"",""codex-next.out"",""--no-fork"",""--strip-debug""]",/home/callen/work/mold-bench/wl/clang.d,50,56.07477715238929,60.28873985633254,62.034707982093096,62.034707982093096,868.2294999999999,252.55149999999998,1126.6014999999998,1368.978515625,1391.83203125
next-20261006,omnibus.json,clang-s,current,{},True,default,32-63,False,reused,,,,,,,False,True,11b05349574ccca4347d85b24540d5e0b7f11066b9768d971994088f3c14d0da,d5f03691582bc6e425d122c5592d0b33448ff7eb,upstream_rebased_control,1347ca95c906db060ecfbf838a792c5739970294,787d8f02f48dcf63d4b2373c501b938d2c045c89,parent final control rebased onto upstream1347ca95,982ccb2f6847c86c8c5fc9e63631c3b3fb4276b3ecf4a808c55100a032a80c28,last measured link for case/label,62a8e51ee034600f79ef0e349f6ec0e09b026bc3c90cc52bc1fa42dee30151ae,"[""taskset"",""-c"",""32-63"",""/home/callen/work/mold-next-20261006/bin/current"",""@response.txt"",""-o"",""codex-next.out"",""--no-fork"",""--strip-debug""]",/home/callen/work/mold-bench/wl/clang.d,50,56.91582360304892,61.87937315553427,64.64168429374695,64.64168429374695,874.2005,251.50949999999997,1130.0315,1369.66796875,1386.9296875
next-20261006,omnibus.json,ra,omnibus,{},True,default,32-63,False,reused,,,,,,,False,True,4422ead1df414794d40e4a4aee1e5af3696d2fcec6d118bf965fe36f465f41b7,80f062238e88d941a6b16e175477dff42e2ace4c,upstream_rebased_candidate,1347ca95c906db060ecfbf838a792c5739970294,0adae45861f04d5571a37ec3f357f6891a3d14d8,parent provisional omnibus rebased onto upstream1347ca95,c54bb48368d1b75376996429c790ab2e8895d835a4a9c466d93bfa77274d4947,last measured link for case/label,62a8e51ee034600f79ef0e349f6ec0e09b026bc3c90cc52bc1fa42dee30151ae,"[""taskset"",""-c"",""32-63"",""/home/callen/work/mold-next-20261006/bin/omnibus"",""@response.txt"",""-o"",""codex-next.out"",""--no-fork""]",/home/callen/work/mold-bench/wl/ra.d,50,133.24659527279437,154.27565202116966,155.88475298136473,155.88475298136473,2009.9789999999998,358.43199999999996,2373.472,2018.9453125,2038.78515625
next-20261006,omnibus.json,ra,current,{},True,default,32-63,False,reused,,,,,,,False,True,11b05349574ccca4347d85b24540d5e0b7f11066b9768d971994088f3c14d0da,d5f03691582bc6e425d122c5592d0b33448ff7eb,upstream_rebased_control,1347ca95c906db060ecfbf838a792c5739970294,787d8f02f48dcf63d4b2373c501b938d2c045c89,parent final control rebased onto upstream1347ca95,c54bb48368d1b75376996429c790ab2e8895d835a4a9c466d93bfa77274d4947,last measured link for case/label,62a8e51ee034600f79ef0e349f6ec0e09b026bc3c90cc52bc1fa42dee30151ae,"[""taskset"",""-c"",""32-63"",""/home/callen/work/mold-next-20261006/bin/current"",""@response.txt"",""-o"",""codex-next.out"",""--no-fork""]",/home/callen/work/mold-bench/wl/ra.d,50,131.84115872718394,145.38445509970188,165.68064410239458,165.68064410239458,2025.3455,360.85,2377.7445,2018.94140625,2040.96484375
next-20261006,omnibus.json,ra-s,omnibus,{},True,default,32-63,False,reused,,,,,,,False,True,4422ead1df414794d40e4a4aee1e5af3696d2fcec6d118bf965fe36f465f41b7,80f062238e88d941a6b16e175477dff42e2ace4c,upstream_rebased_candidate,1347ca95c906db060ecfbf838a792c5739970294,0adae45861f04d5571a37ec3f357f6891a3d14d8,parent provisional omnibus rebased onto upstream1347ca95,5b7b53af257f19a253831ab081923075b0f10190728da4aa399eab3b15860b6c,last measured link for case/label,62a8e51ee034600f79ef0e349f6ec0e09b026bc3c90cc52bc1fa42dee30151ae,"[""taskset"",""-c"",""32-63"",""/home/callen/work/mold-next-20261006/bin/omnibus"",""@response.txt"",""-o"",""codex-next.out"",""--no-fork"",""--strip-debug""]",/home/callen/work/mold-bench/wl/ra.d,50,113.57135442085564,126.48309208452702,131.27588294446468,131.27588294446468,1581.8425,322.3135,1909.103,1415.376953125,1438.22265625
next-20261006,omnibus.json,ra-s,current,{},True,default,32-63,False,reused,,,,,,,False,True,11b05349574ccca4347d85b24540d5e0b7f11066b9768d971994088f3c14d0da,d5f03691582bc6e425d122c5592d0b33448ff7eb,upstream_rebased_control,1347ca95c906db060ecfbf838a792c5739970294,787d8f02f48dcf63d4b2373c501b938d2c045c89,parent final control rebased onto upstream1347ca95,5b7b53af257f19a253831ab081923075b0f10190728da4aa399eab3b15860b6c,last measured link for case/label,62a8e51ee034600f79ef0e349f6ec0e09b026bc3c90cc52bc1fa42dee30151ae,"[""taskset"",""-c"",""32-63"",""/home/callen/work/mold-next-20261006/bin/current"",""@response.txt"",""-o"",""codex-next.out"",""--no-fork"",""--strip-debug""]",/home/callen/work/mold-bench/wl/ra.d,50,113.55702765285969,124.24594815820456,128.83096421137452,128.83096421137452,1592.781,310.97349999999994,1915.2779999999998,1418.427734375,1440.93359375
next-20261006,s1-sweep.json,tblgen,s1-merge16,"{""MOLD_PHASE_BUDGET"":""merge:16""}",True,default,32-63,False,reused,12,merge,16,12,False,topics/s2-assignment-counts/counts.json,False,True,66e147addb1201a8f94e13e183dc88ea2f109cdae56b4570f8338f7d9813c7b8,70291748b5ce53e366d93ecfb4102df9e71eb0a0,original_topic_baseline,f8638be95ae14954ec3b1029e6008128d7a27f1b,50d0578de82177bc9288fd2c902b9e0c45fcab53,S1 owner message; environment distinguishes phase caps,63b068abefeb622662818685a0794d8e5c7e8a5d651213eda3577810ea3369cd,last measured link for case/label,e03b97cf8dad930535ee10b1bbc88d7f985266cd78254d638b049ff8087ddefb,"[""taskset"",""-c"",""32-63"",""/home/callen/work/mold-next-20261006/bin/s1"",""@response.txt"",""-o"",""codex-next.out"",""--no-fork""]",/home/callen/work/mold-bench/wl/tblgen/cur,20,17.869384260848165,18.86558113619685,18.94494192674756,18.94494192674756,70.3905,44.185,114.7135,178.060546875,182.046875
next-20261006,s1-sweep.json,tblgen,s1-copy8,"{""MOLD_PHASE_BUDGET"":""copy:8""}",True,default,32-63,False,reused,12,copy,8,8,True,topics/s2-assignment-counts/counts.json,False,True,66e147addb1201a8f94e13e183dc88ea2f109cdae56b4570f8338f7d9813c7b8,70291748b5ce53e366d93ecfb4102df9e71eb0a0,original_topic_baseline,f8638be95ae14954ec3b1029e6008128d7a27f1b,50d0578de82177bc9288fd2c902b9e0c45fcab53,S1 owner message; environment distinguishes phase caps,63b068abefeb622662818685a0794d8e5c7e8a5d651213eda3577810ea3369cd,last measured link for case/label,e03b97cf8dad930535ee10b1bbc88d7f985266cd78254d638b049ff8087ddefb,"[""taskset"",""-c"",""32-63"",""/home/callen/work/mold-next-20261006/bin/s1"",""@response.txt"",""-o"",""codex-next.out"",""--no-fork""]",/home/callen/work/mold-bench/wl/tblgen/cur,20,18.92225700430572,19.59359599277377,19.811157137155533,19.811157137155533,69.1165,46.6545,117.24099999999999,182.22265625,185.3203125
next-20261006,s1-sweep.json,tblgen,s1-copy16,"{""MOLD_PHASE_BUDGET"":""copy:16""}",True,default,32-63,False,reused,12,copy,16,12,False,topics/s2-assignment-counts/counts.json,False,True,66e147addb1201a8f94e13e183dc88ea2f109cdae56b4570f8338f7d9813c7b8,70291748b5ce53e366d93ecfb4102df9e71eb0a0,original_topic_baseline,f8638be95ae14954ec3b1029e6008128d7a27f1b,50d0578de82177bc9288fd2c902b9e0c45fcab53,S1 owner message; environment distinguishes phase caps,63b068abefeb622662818685a0794d8e5c7e8a5d651213eda3577810ea3369cd,last measured link for case/label,e03b97cf8dad930535ee10b1bbc88d7f985266cd78254d638b049ff8087ddefb,"[""taskset"",""-c"",""32-63"",""/home/callen/work/mold-next-20261006/bin/s1"",""@response.txt"",""-o"",""codex-next.out"",""--no-fork""]",/home/callen/work/mold-bench/wl/tblgen/cur,20,18.174482975155115,18.783347215503454,19.591042306274176,19.591042306274176,71.35300000000001,48.2285,119.0175,178.052734375,182.6875
next-20261006,s1-sweep.json,tblgen,s1-gc8,"{""MOLD_PHASE_BUDGET"":""gc:8""}",True,default,32-63,False,reused,12,gc,8,8,True,topics/s2-assignment-counts/counts.json,False,True,66e147addb1201a8f94e13e183dc88ea2f109cdae56b4570f8338f7d9813c7b8,70291748b5ce53e366d93ecfb4102df9e71eb0a0,original_topic_baseline,f8638be95ae14954ec3b1029e6008128d7a27f1b,50d0578de82177bc9288fd2c902b9e0c45fcab53,S1 owner message; environment distinguishes phase caps,63b068abefeb622662818685a0794d8e5c7e8a5d651213eda3577810ea3369cd,last measured link for case/label,e03b97cf8dad930535ee10b1bbc88d7f985266cd78254d638b049ff8087ddefb,"[""taskset"",""-c"",""32-63"",""/home/callen/work/mold-next-20261006/bin/s1"",""@response.txt"",""-o"",""codex-next.out"",""--no-fork""]",/home/callen/work/mold-bench/wl/tblgen/cur,20,18.451798474416137,19.203894771635532,20.091881975531578,20.091881975531578,68.86949999999999,43.4475,111.00800000000001,182.6875,188.0546875
next-20261006,s1-sweep.json,tblgen,s1-gc16,"{""MOLD_PHASE_BUDGET"":""gc:16""}",True,default,32-63,False,reused,12,gc,16,12,False,topics/s2-assignment-counts/counts.json,False,True,66e147addb1201a8f94e13e183dc88ea2f109cdae56b4570f8338f7d9813c7b8,70291748b5ce53e366d93ecfb4102df9e71eb0a0,original_topic_baseline,f8638be95ae14954ec3b1029e6008128d7a27f1b,50d0578de82177bc9288fd2c902b9e0c45fcab53,S1 owner message; environment distinguishes phase caps,63b068abefeb622662818685a0794d8e5c7e8a5d651213eda3577810ea3369cd,last measured link for case/label,e03b97cf8dad930535ee10b1bbc88d7f985266cd78254d638b049ff8087ddefb,"[""taskset"",""-c"",""32-63"",""/home/callen/work/mold-next-20261006/bin/s1"",""@response.txt"",""-o"",""codex-next.out"",""--no-fork""]",/home/callen/work/mold-bench/wl/tblgen/cur,20,18.02791003137827,18.775835167616606,18.920113798230886,18.920113798230886,68.38749999999999,46.4405,116.57900000000001,178.28515625,181.6484375
next-20261006,s1-sweep.json,tblgen,baseline,{},True,default,32-63,False,reused,12,,,,,topics/s2-assignment-counts/counts.json,False,True,529467bd57e056195fb71065d51881e0265e4bfabd6d879b2563a2ec9172f184,f8638be95ae14954ec3b1029e6008128d7a27f1b,original_topic_baseline,f8638be95ae14954ec3b1029e6008128d7a27f1b,006bcd0f9f50ce2c1d0660c43cf9b03f51534970,parent frozen baseline,63b068abefeb622662818685a0794d8e5c7e8a5d651213eda3577810ea3369cd,last measured link for case/label,e03b97cf8dad930535ee10b1bbc88d7f985266cd78254d638b049ff8087ddefb,"[""taskset"",""-c"",""32-63"",""/home/callen/work/mold-next-20261006/bin/baseline"",""@response.txt"",""-o"",""codex-next.out"",""--no-fork""]",/home/callen/work/mold-bench/wl/tblgen/cur,20,18.064319854602218,18.86801514774561,19.052225165069103,19.052225165069103,71.5575,47.078,119.1135,178.5390625,182.26171875
next-20261006,s1-sweep.json,tblgen,s1-control,{},True,default,32-63,False,reused,12,,,,,topics/s2-assignment-counts/counts.json,False,True,66e147addb1201a8f94e13e183dc88ea2f109cdae56b4570f8338f7d9813c7b8,70291748b5ce53e366d93ecfb4102df9e71eb0a0,original_topic_baseline,f8638be95ae14954ec3b1029e6008128d7a27f1b,50d0578de82177bc9288fd2c902b9e0c45fcab53,S1 owner message; environment distinguishes phase caps,63b068abefeb622662818685a0794d8e5c7e8a5d651213eda3577810ea3369cd,last measured link for case/label,e03b97cf8dad930535ee10b1bbc88d7f985266cd78254d638b049ff8087ddefb,"[""taskset"",""-c"",""32-63"",""/home/callen/work/mold-next-20261006/bin/s1"",""@response.txt"",""-o"",""codex-next.out"",""--no-fork""]",/home/callen/work/mold-bench/wl/tblgen/cur,20,17.91760791093111,18.467287067323923,19.138045143336058,19.138045143336058,75.72649999999999,41.111,116.071,178.525390625,182.265625
next-20261006,s1-sweep.json,tblgen,s1-merge8,"{""MOLD_PHASE_BUDGET"":""merge:8""}",True,default,32-63,False,reused,12,merge,8,8,True,topics/s2-assignment-counts/counts.json,False,True,66e147addb1201a8f94e13e183dc88ea2f109cdae56b4570f8338f7d9813c7b8,70291748b5ce53e366d93ecfb4102df9e71eb0a0,original_topic_baseline,f8638be95ae14954ec3b1029e6008128d7a27f1b,50d0578de82177bc9288fd2c902b9e0c45fcab53,S1 owner message; environment distinguishes phase caps,63b068abefeb622662818685a0794d8e5c7e8a5d651213eda3577810ea3369cd,last measured link for case/label,e03b97cf8dad930535ee10b1bbc88d7f985266cd78254d638b049ff8087ddefb,"[""taskset"",""-c"",""32-63"",""/home/callen/work/mold-next-20261006/bin/s1"",""@response.txt"",""-o"",""codex-next.out"",""--no-fork""]",/home/callen/work/mold-bench/wl/tblgen/cur,20,19.37879016622901,19.870487041771412,20.004769787192345,20.004769787192345,67.898,41.1105,109.8505,188.77734375,191.8984375
next-20261006,s1-sweep.json,lld,s1-merge16,"{""MOLD_PHASE_BUDGET"":""merge:16""}",True,default,32-63,False,reused,32,merge,16,16,True,topics/s2-assignment-counts/counts.json,False,True,66e147addb1201a8f94e13e183dc88ea2f109cdae56b4570f8338f7d9813c7b8,70291748b5ce53e366d93ecfb4102df9e71eb0a0,original_topic_baseline,f8638be95ae14954ec3b1029e6008128d7a27f1b,50d0578de82177bc9288fd2c902b9e0c45fcab53,S1 owner message; environment distinguishes phase caps,5de7d2ef5dc164818fdbdb3d53d1f433c4bf90a9755bdce13b88e694fafcb763,last measured link for case/label,e03b97cf8dad930535ee10b1bbc88d7f985266cd78254d638b049ff8087ddefb,"[""taskset"",""-c"",""32-63"",""/home/callen/work/mold-next-20261006/bin/s1"",""@response.txt"",""-o"",""codex-next.out"",""--no-fork""]",/home/callen/work/mold-bench/wl/lld/cur,20,207.8331089578569,216.45524818450212,255.40672428905964,255.40672428905964,1167.1954999999998,3036.398,4198.4285,2728.29296875,2742.67578125
next-20261006,s1-sweep.json,lld,s1-copy8,"{""MOLD_PHASE_BUDGET"":""copy:8""}",True,default,32-63,False,reused,32,copy,8,8,True,topics/s2-assignment-counts/counts.json,False,True,66e147addb1201a8f94e13e183dc88ea2f109cdae56b4570f8338f7d9813c7b8,70291748b5ce53e366d93ecfb4102df9e71eb0a0,original_topic_baseline,f8638be95ae14954ec3b1029e6008128d7a27f1b,50d0578de82177bc9288fd2c902b9e0c45fcab53,S1 owner message; environment distinguishes phase caps,5de7d2ef5dc164818fdbdb3d53d1f433c4bf90a9755bdce13b88e694fafcb763,last measured link for case/label,e03b97cf8dad930535ee10b1bbc88d7f985266cd78254d638b049ff8087ddefb,"[""taskset"",""-c"",""32-63"",""/home/callen/work/mold-next-20261006/bin/s1"",""@response.txt"",""-o"",""codex-next.out"",""--no-fork""]",/home/callen/work/mold-bench/wl/lld/cur,20,186.18192500434816,193.50690999999642,194.58580994978547,194.58580994978547,1259.772,1596.165,2825.7215,2735.27734375,2758.3515625
next-20261006,s1-sweep.json,lld,s1-copy16,"{""MOLD_PHASE_BUDGET"":""copy:16""}",True,default,32-63,False,reused,32,copy,16,16,True,topics/s2-assignment-counts/counts.json,False,True,66e147addb1201a8f94e13e183dc88ea2f109cdae56b4570f8338f7d9813c7b8,70291748b5ce53e366d93ecfb4102df9e71eb0a0,original_topic_baseline,f8638be95ae14954ec3b1029e6008128d7a27f1b,50d0578de82177bc9288fd2c902b9e0c45fcab53,S1 owner message; environment distinguishes phase caps,5de7d2ef5dc164818fdbdb3d53d1f433c4bf90a9755bdce13b88e694fafcb763,last measured link for case/label,e03b97cf8dad930535ee10b1bbc88d7f985266cd78254d638b049ff8087ddefb,"[""taskset"",""-c"",""32-63"",""/home/callen/work/mold-next-20261006/bin/s1"",""@response.txt"",""-o"",""codex-next.out"",""--no-fork""]",/home/callen/work/mold-bench/wl/lld/cur,20,204.70198593102396,209.42608173936605,224.05081475153565,224.05081475153565,1236.6635,2493.8194999999996,3692.936,2739.748046875,2761.05859375
next-20261006,s1-sweep.json,lld,s1-gc8,"{""MOLD_PHASE_BUDGET"":""gc:8""}",True,default,32-63,False,reused,32,gc,8,8,True,topics/s2-assignment-counts/counts.json,False,True,66e147addb1201a8f94e13e183dc88ea2f109cdae56b4570f8338f7d9813c7b8,70291748b5ce53e366d93ecfb4102df9e71eb0a0,original_topic_baseline,f8638be95ae14954ec3b1029e6008128d7a27f1b,50d0578de82177bc9288fd2c902b9e0c45fcab53,S1 owner message; environment distinguishes phase caps,5de7d2ef5dc164818fdbdb3d53d1f433c4bf90a9755bdce13b88e694fafcb763,last measured link for case/label,e03b97cf8dad930535ee10b1bbc88d7f985266cd78254d638b049ff8087ddefb,"[""taskset"",""-c"",""32-63"",""/home/callen/work/mold-next-20261006/bin/s1"",""@response.txt"",""-o"",""codex-next.out"",""--no-fork""]",/home/callen/work/mold-bench/wl/lld/cur,20,198.93470383249223,204.9107989296317,206.07638685032725,206.07638685032725,1233.1039999999998,3059.0495,4269.1585000000005,2724.58203125,2757.140625
next-20261006,s1-sweep.json,lld,s1-gc16,"{""MOLD_PHASE_BUDGET"":""gc:16""}",True,default,32-63,False,reused,32,gc,16,16,True,topics/s2-assignment-counts/counts.json,False,True,66e147addb1201a8f94e13e183dc88ea2f109cdae56b4570f8338f7d9813c7b8,70291748b5ce53e366d93ecfb4102df9e71eb0a0,original_topic_baseline,f8638be95ae14954ec3b1029e6008128d7a27f1b,50d0578de82177bc9288fd2c902b9e0c45fcab53,S1 owner message; environment distinguishes phase caps,5de7d2ef5dc164818fdbdb3d53d1f433c4bf90a9755bdce13b88e694fafcb763,last measured link for case/label,e03b97cf8dad930535ee10b1bbc88d7f985266cd78254d638b049ff8087ddefb,"[""taskset"",""-c"",""32-63"",""/home/callen/work/mold-next-20261006/bin/s1"",""@response.txt"",""-o"",""codex-next.out"",""--no-fork""]",/home/callen/work/mold-bench/wl/lld/cur,20,201.18421385996044,205.3362443111837,206.178885884583,206.178885884583,1249.5214999999998,3657.9790000000003,4937.201,2721.515625,2740.359375
next-20261006,s1-sweep.json,lld,baseline,{},True,default,32-63,False,reused,32,,,,,topics/s2-assignment-counts/counts.json,False,True,529467bd57e056195fb71065d51881e0265e4bfabd6d879b2563a2ec9172f184,f8638be95ae14954ec3b1029e6008128d7a27f1b,original_topic_baseline,f8638be95ae14954ec3b1029e6008128d7a27f1b,006bcd0f9f50ce2c1d0660c43cf9b03f51534970,parent frozen baseline,5de7d2ef5dc164818fdbdb3d53d1f433c4bf90a9755bdce13b88e694fafcb763,last measured link for case/label,e03b97cf8dad930535ee10b1bbc88d7f985266cd78254d638b049ff8087ddefb,"[""taskset"",""-c"",""32-63"",""/home/callen/work/mold-next-20261006/bin/baseline"",""@response.txt"",""-o"",""codex-next.out"",""--no-fork""]",/home/callen/work/mold-bench/wl/lld/cur,20,201.14683150313795,204.1268479079008,208.1291750073433,208.1291750073433,1280.0904999999998,3292.984,4593.1045,2721.830078125,2735.50390625
next-20261006,s1-sweep.json,lld,s1-control,{},True,default,32-63,False,reused,32,,,,,topics/s2-assignment-counts/counts.json,False,True,66e147addb1201a8f94e13e183dc88ea2f109cdae56b4570f8338f7d9813c7b8,70291748b5ce53e366d93ecfb4102df9e71eb0a0,original_topic_baseline,f8638be95ae14954ec3b1029e6008128d7a27f1b,50d0578de82177bc9288fd2c902b9e0c45fcab53,S1 owner message; environment distinguishes phase caps,5de7d2ef5dc164818fdbdb3d53d1f433c4bf90a9755bdce13b88e694fafcb763,last measured link for case/label,e03b97cf8dad930535ee10b1bbc88d7f985266cd78254d638b049ff8087ddefb,"[""taskset"",""-c"",""32-63"",""/home/callen/work/mold-next-20261006/bin/s1"",""@response.txt"",""-o"",""codex-next.out"",""--no-fork""]",/home/callen/work/mold-bench/wl/lld/cur,20,201.849544653669,205.36700170487165,207.7547968365252,207.7547968365252,1271.1399999999999,3497.1035,4886.549000000001,2727.12109375,2750.6015625
next-20261006,s1-sweep.json,lld,s1-merge8,"{""MOLD_PHASE_BUDGET"":""merge:8""}",True,default,32-63,False,reused,32,merge,8,8,True,topics/s2-assignment-counts/counts.json,False,True,66e147addb1201a8f94e13e183dc88ea2f109cdae56b4570f8338f7d9813c7b8,70291748b5ce53e366d93ecfb4102df9e71eb0a0,original_topic_baseline,f8638be95ae14954ec3b1029e6008128d7a27f1b,50d0578de82177bc9288fd2c902b9e0c45fcab53,S1 owner message; environment distinguishes phase caps,5de7d2ef5dc164818fdbdb3d53d1f433c4bf90a9755bdce13b88e694fafcb763,last measured link for case/label,e03b97cf8dad930535ee10b1bbc88d7f985266cd78254d638b049ff8087ddefb,"[""taskset"",""-c"",""32-63"",""/home/callen/work/mold-next-20261006/bin/s1"",""@response.txt"",""-o"",""codex-next.out"",""--no-fork""]",/home/callen/work/mold-bench/wl/lld/cur,20,229.38738437369466,236.1156176775694,236.85113294050097,236.85113294050097,1111.568,3858.304,4968.959500000001,2635.869140625,2653.04296875
next-20261006,s1-sweep.json,clang,s1-merge16,"{""MOLD_PHASE_BUDGET"":""merge:16""}",True,default,32-63,False,reused,32,merge,16,16,True,topics/s2-assignment-counts/counts.json,False,True,66e147addb1201a8f94e13e183dc88ea2f109cdae56b4570f8338f7d9813c7b8,70291748b5ce53e366d93ecfb4102df9e71eb0a0,original_topic_baseline,f8638be95ae14954ec3b1029e6008128d7a27f1b,50d0578de82177bc9288fd2c902b9e0c45fcab53,S1 owner message; environment distinguishes phase caps,3fa34d9efa75ab05e4a553e9116f5943bd6a3defa8ba3b3c017b1aef37216c88,last measured link for case/label,e03b97cf8dad930535ee10b1bbc88d7f985266cd78254d638b049ff8087ddefb,"[""taskset"",""-c"",""32-63"",""/home/callen/work/mold-next-20261006/bin/s1"",""@response.txt"",""-o"",""codex-next.out"",""--no-fork""]",/home/callen/work/mold-bench/wl/clang.d,20,229.27479073405266,238.74083207920194,239.47689309716225,239.47689309716225,2041.2325,3037.6130000000003,5090.7965,4800.197265625,4815.13671875
next-20261006,s1-sweep.json,clang,s1-copy8,"{""MOLD_PHASE_BUDGET"":""copy:8""}",True,default,32-63,False,reused,32,copy,8,8,True,topics/s2-assignment-counts/counts.json,False,True,66e147addb1201a8f94e13e183dc88ea2f109cdae56b4570f8338f7d9813c7b8,70291748b5ce53e366d93ecfb4102df9e71eb0a0,original_topic_baseline,f8638be95ae14954ec3b1029e6008128d7a27f1b,50d0578de82177bc9288fd2c902b9e0c45fcab53,S1 owner message; environment distinguishes phase caps,3fa34d9efa75ab05e4a553e9116f5943bd6a3defa8ba3b3c017b1aef37216c88,last measured link for case/label,e03b97cf8dad930535ee10b1bbc88d7f985266cd78254d638b049ff8087ddefb,"[""taskset"",""-c"",""32-63"",""/home/callen/work/mold-next-20261006/bin/s1"",""@response.txt"",""-o"",""codex-next.out"",""--no-fork""]",/home/callen/work/mold-bench/wl/clang.d,20,212.46461221016943,221.13020811229944,230.57928774505854,230.57928774505854,2058.794,1380.3455,3409.591,4711.21875,4732.0390625
next-20261006,s1-sweep.json,clang,s1-copy16,"{""MOLD_PHASE_BUDGET"":""copy:16""}",True,default,32-63,False,reused,32,copy,16,16,True,topics/s2-assignment-counts/counts.json,False,True,66e147addb1201a8f94e13e183dc88ea2f109cdae56b4570f8338f7d9813c7b8,70291748b5ce53e366d93ecfb4102df9e71eb0a0,original_topic_baseline,f8638be95ae14954ec3b1029e6008128d7a27f1b,50d0578de82177bc9288fd2c902b9e0c45fcab53,S1 owner message; environment distinguishes phase caps,3fa34d9efa75ab05e4a553e9116f5943bd6a3defa8ba3b3c017b1aef37216c88,last measured link for case/label,e03b97cf8dad930535ee10b1bbc88d7f985266cd78254d638b049ff8087ddefb,"[""taskset"",""-c"",""32-63"",""/home/callen/work/mold-next-20261006/bin/s1"",""@response.txt"",""-o"",""codex-next.out"",""--no-fork""]",/home/callen/work/mold-bench/wl/clang.d,20,211.02092182263732,223.82877301424742,229.10303669050336,229.10303669050336,2105.1449999999995,1916.259,3943.437,4710.966796875,4735.37890625
next-20261006,s1-sweep.json,clang,s1-gc8,"{""MOLD_PHASE_BUDGET"":""gc:8""}",True,default,32-63,False,reused,32,gc,8,8,True,topics/s2-assignment-counts/counts.json,False,True,66e147addb1201a8f94e13e183dc88ea2f109cdae56b4570f8338f7d9813c7b8,70291748b5ce53e366d93ecfb4102df9e71eb0a0,original_topic_baseline,f8638be95ae14954ec3b1029e6008128d7a27f1b,50d0578de82177bc9288fd2c902b9e0c45fcab53,S1 owner message; environment distinguishes phase caps,3fa34d9efa75ab05e4a553e9116f5943bd6a3defa8ba3b3c017b1aef37216c88,last measured link for case/label,e03b97cf8dad930535ee10b1bbc88d7f985266cd78254d638b049ff8087ddefb,"[""taskset"",""-c"",""32-63"",""/home/callen/work/mold-next-20261006/bin/s1"",""@response.txt"",""-o"",""codex-next.out"",""--no-fork""]",/home/callen/work/mold-bench/wl/clang.d,20,207.2958687786013,213.03688501939178,225.90657556429505,225.90657556429505,2129.0190000000002,2472.3055,4594.8724999999995,4706.00390625,4725.19921875
next-20261006,s1-sweep.json,clang,s1-gc16,"{""MOLD_PHASE_BUDGET"":""gc:16""}",True,default,32-63,False,reused,32,gc,16,16,True,topics/s2-assignment-counts/counts.json,False,True,66e147addb1201a8f94e13e183dc88ea2f109cdae56b4570f8338f7d9813c7b8,70291748b5ce53e366d93ecfb4102df9e71eb0a0,original_topic_baseline,f8638be95ae14954ec3b1029e6008128d7a27f1b,50d0578de82177bc9288fd2c902b9e0c45fcab53,S1 owner message; environment distinguishes phase caps,3fa34d9efa75ab05e4a553e9116f5943bd6a3defa8ba3b3c017b1aef37216c88,last measured link for case/label,e03b97cf8dad930535ee10b1bbc88d7f985266cd78254d638b049ff8087ddefb,"[""taskset"",""-c"",""32-63"",""/home/callen/work/mold-next-20261006/bin/s1"",""@response.txt"",""-o"",""codex-next.out"",""--no-fork""]",/home/callen/work/mold-bench/wl/clang.d,20,208.0111405812204,215.3901788406074,227.09769383072853,227.09769383072853,2147.421,2584.1775,4759.812,4704.078125,4722.8125
next-20261006,s1-sweep.json,clang,baseline,{},True,default,32-63,False,reused,32,,,,,topics/s2-assignment-counts/counts.json,False,True,529467bd57e056195fb71065d51881e0265e4bfabd6d879b2563a2ec9172f184,f8638be95ae14954ec3b1029e6008128d7a27f1b,original_topic_baseline,f8638be95ae14954ec3b1029e6008128d7a27f1b,006bcd0f9f50ce2c1d0660c43cf9b03f51534970,parent frozen baseline,3fa34d9efa75ab05e4a553e9116f5943bd6a3defa8ba3b3c017b1aef37216c88,last measured link for case/label,e03b97cf8dad930535ee10b1bbc88d7f985266cd78254d638b049ff8087ddefb,"[""taskset"",""-c"",""32-63"",""/home/callen/work/mold-next-20261006/bin/baseline"",""@response.txt"",""-o"",""codex-next.out"",""--no-fork""]",/home/callen/work/mold-bench/wl/clang.d,20,209.74339405074716,211.09699178487062,212.80957199633121,212.80957199633121,2140.983,3100.1094999999996,5214.8495,4707.314453125,4730.875
next-20261006,s1-sweep.json,clang,s1-control,{},True,default,32-63,False,reused,32,,,,,topics/s2-assignment-counts/counts.json,False,True,66e147addb1201a8f94e13e183dc88ea2f109cdae56b4570f8338f7d9813c7b8,70291748b5ce53e366d93ecfb4102df9e71eb0a0,original_topic_baseline,f8638be95ae14954ec3b1029e6008128d7a27f1b,50d0578de82177bc9288fd2c902b9e0c45fcab53,S1 owner message; environment distinguishes phase caps,3fa34d9efa75ab05e4a553e9116f5943bd6a3defa8ba3b3c017b1aef37216c88,last measured link for case/label,e03b97cf8dad930535ee10b1bbc88d7f985266cd78254d638b049ff8087ddefb,"[""taskset"",""-c"",""32-63"",""/home/callen/work/mold-next-20261006/bin/s1"",""@response.txt"",""-o"",""codex-next.out"",""--no-fork""]",/home/callen/work/mold-bench/wl/clang.d,20,206.58336160704494,214.2478129826486,217.20376843586564,217.20376843586564,2146.7870000000003,2582.562,4672.9755000000005,4700.0625,4723.5859375
next-20261006,s1-sweep.json,clang,s1-merge8,"{""MOLD_PHASE_BUDGET"":""merge:8""}",True,default,32-63,False,reused,32,merge,8,8,True,topics/s2-assignment-counts/counts.json,False,True,66e147addb1201a8f94e13e183dc88ea2f109cdae56b4570f8338f7d9813c7b8,70291748b5ce53e366d93ecfb4102df9e71eb0a0,original_topic_baseline,f8638be95ae14954ec3b1029e6008128d7a27f1b,50d0578de82177bc9288fd2c902b9e0c45fcab53,S1 owner message; environment distinguishes phase caps,3fa34d9efa75ab05e4a553e9116f5943bd6a3defa8ba3b3c017b1aef37216c88,last measured link for case/label,e03b97cf8dad930535ee10b1bbc88d7f985266cd78254d638b049ff8087ddefb,"[""taskset"",""-c"",""32-63"",""/home/callen/work/mold-next-20261006/bin/s1"",""@response.txt"",""-o"",""codex-next.out"",""--no-fork""]",/home/callen/work/mold-bench/wl/clang.d,20,257.748810807243,262.8648839890957,263.3288078941405,263.3288078941405,1911.15,2738.772,4677.2755,4675.173828125,4689.78125
next-20261006,s1-sweep.json,ra,s1-merge16,"{""MOLD_PHASE_BUDGET"":""merge:16""}",True,default,32-63,False,reused,32,merge,16,16,True,topics/s2-assignment-counts/counts.json,False,True,66e147addb1201a8f94e13e183dc88ea2f109cdae56b4570f8338f7d9813c7b8,70291748b5ce53e366d93ecfb4102df9e71eb0a0,original_topic_baseline,f8638be95ae14954ec3b1029e6008128d7a27f1b,50d0578de82177bc9288fd2c902b9e0c45fcab53,S1 owner message; environment distinguishes phase caps,c54bb48368d1b75376996429c790ab2e8895d835a4a9c466d93bfa77274d4947,last measured link for case/label,e03b97cf8dad930535ee10b1bbc88d7f985266cd78254d638b049ff8087ddefb,"[""taskset"",""-c"",""32-63"",""/home/callen/work/mold-next-20261006/bin/s1"",""@response.txt"",""-o"",""codex-next.out"",""--no-fork""]",/home/callen/work/mold-bench/wl/ra.d,20,133.50810017436743,139.66080825775862,142.61753391474485,142.61753391474485,2006.1835,374.8879999999999,2390.7535,2098.85546875,2110.68359375
next-20261006,s1-sweep.json,ra,s1-copy8,"{""MOLD_PHASE_BUDGET"":""copy:8""}",True,default,32-63,False,reused,32,copy,8,8,True,topics/s2-assignment-counts/counts.json,False,True,66e147addb1201a8f94e13e183dc88ea2f109cdae56b4570f8338f7d9813c7b8,70291748b5ce53e366d93ecfb4102df9e71eb0a0,original_topic_baseline,f8638be95ae14954ec3b1029e6008128d7a27f1b,50d0578de82177bc9288fd2c902b9e0c45fcab53,S1 owner message; environment distinguishes phase caps,c54bb48368d1b75376996429c790ab2e8895d835a4a9c466d93bfa77274d4947,last measured link for case/label,e03b97cf8dad930535ee10b1bbc88d7f985266cd78254d638b049ff8087ddefb,"[""taskset"",""-c"",""32-63"",""/home/callen/work/mold-next-20261006/bin/s1"",""@response.txt"",""-o"",""codex-next.out"",""--no-fork""]",/home/callen/work/mold-bench/wl/ra.d,20,147.9163516778499,173.36200270801783,191.75224006175995,191.75224006175995,1939.069,383.443,2340.1904999999997,2023.498046875,2042.625
next-20261006,s1-sweep.json,ra,s1-copy16,"{""MOLD_PHASE_BUDGET"":""copy:16""}",True,default,32-63,False,reused,32,copy,16,16,True,topics/s2-assignment-counts/counts.json,False,True,66e147addb1201a8f94e13e183dc88ea2f109cdae56b4570f8338f7d9813c7b8,70291748b5ce53e366d93ecfb4102df9e71eb0a0,original_topic_baseline,f8638be95ae14954ec3b1029e6008128d7a27f1b,50d0578de82177bc9288fd2c902b9e0c45fcab53,S1 owner message; environment distinguishes phase caps,c54bb48368d1b75376996429c790ab2e8895d835a4a9c466d93bfa77274d4947,last measured link for case/label,e03b97cf8dad930535ee10b1bbc88d7f985266cd78254d638b049ff8087ddefb,"[""taskset"",""-c"",""32-63"",""/home/callen/work/mold-next-20261006/bin/s1"",""@response.txt"",""-o"",""codex-next.out"",""--no-fork""]",/home/callen/work/mold-bench/wl/ra.d,20,133.09099641628563,138.352882117033,146.5351809747517,146.5351809747517,1989.902,383.4705,2392.3540000000003,2028.0078125,2044.88671875
next-20261006,s1-sweep.json,ra,s1-gc8,"{""MOLD_PHASE_BUDGET"":""gc:8""}",True,default,32-63,False,reused,32,gc,8,8,True,topics/s2-assignment-counts/counts.json,False,True,66e147addb1201a8f94e13e183dc88ea2f109cdae56b4570f8338f7d9813c7b8,70291748b5ce53e366d93ecfb4102df9e71eb0a0,original_topic_baseline,f8638be95ae14954ec3b1029e6008128d7a27f1b,50d0578de82177bc9288fd2c902b9e0c45fcab53,S1 owner message; environment distinguishes phase caps,c54bb48368d1b75376996429c790ab2e8895d835a4a9c466d93bfa77274d4947,last measured link for case/label,e03b97cf8dad930535ee10b1bbc88d7f985266cd78254d638b049ff8087ddefb,"[""taskset"",""-c"",""32-63"",""/home/callen/work/mold-next-20261006/bin/s1"",""@response.txt"",""-o"",""codex-next.out"",""--no-fork""]",/home/callen/work/mold-bench/wl/ra.d,20,142.14021572843194,152.4992110207677,154.3322829529643,154.3322829529643,1926.756,372.592,2321.5694999999996,2030.279296875,2046.44140625
next-20261006,s1-sweep.json,ra,s1-gc16,"{""MOLD_PHASE_BUDGET"":""gc:16""}",True,default,32-63,False,reused,32,gc,16,16,True,topics/s2-assignment-counts/counts.json,False,True,66e147addb1201a8f94e13e183dc88ea2f109cdae56b4570f8338f7d9813c7b8,70291748b5ce53e366d93ecfb4102df9e71eb0a0,original_topic_baseline,f8638be95ae14954ec3b1029e6008128d7a27f1b,50d0578de82177bc9288fd2c902b9e0c45fcab53,S1 owner message; environment distinguishes phase caps,c54bb48368d1b75376996429c790ab2e8895d835a4a9c466d93bfa77274d4947,last measured link for case/label,e03b97cf8dad930535ee10b1bbc88d7f985266cd78254d638b049ff8087ddefb,"[""taskset"",""-c"",""32-63"",""/home/callen/work/mold-next-20261006/bin/s1"",""@response.txt"",""-o"",""codex-next.out"",""--no-fork""]",/home/callen/work/mold-bench/wl/ra.d,20,130.16042904928327,149.31208360940218,166.42871079966426,166.42871079966426,1948.2134999999998,346.2555,2348.5204999999996,2038.5078125,2053.89453125
next-20261006,s1-sweep.json,ra,baseline,{},True,default,32-63,False,reused,32,,,,,topics/s2-assignment-counts/counts.json,False,True,529467bd57e056195fb71065d51881e0265e4bfabd6d879b2563a2ec9172f184,f8638be95ae14954ec3b1029e6008128d7a27f1b,original_topic_baseline,f8638be95ae14954ec3b1029e6008128d7a27f1b,006bcd0f9f50ce2c1d0660c43cf9b03f51534970,parent frozen baseline,c54bb48368d1b75376996429c790ab2e8895d835a4a9c466d93bfa77274d4947,last measured link for case/label,e03b97cf8dad930535ee10b1bbc88d7f985266cd78254d638b049ff8087ddefb,"[""taskset"",""-c"",""32-63"",""/home/callen/work/mold-next-20261006/bin/baseline"",""@response.txt"",""-o"",""codex-next.out"",""--no-fork""]",/home/callen/work/mold-bench/wl/ra.d,20,125.13313046656549,159.35077890753746,171.2758569046855,171.2758569046855,2067.4094999999998,363.634,2422.8244999999997,2018.041015625,2036.171875
next-20261006,s1-sweep.json,ra,s1-control,{},True,default,32-63,False,reused,32,,,,,topics/s2-assignment-counts/counts.json,False,True,66e147addb1201a8f94e13e183dc88ea2f109cdae56b4570f8338f7d9813c7b8,70291748b5ce53e366d93ecfb4102df9e71eb0a0,original_topic_baseline,f8638be95ae14954ec3b1029e6008128d7a27f1b,50d0578de82177bc9288fd2c902b9e0c45fcab53,S1 owner message; environment distinguishes phase caps,c54bb48368d1b75376996429c790ab2e8895d835a4a9c466d93bfa77274d4947,last measured link for case/label,e03b97cf8dad930535ee10b1bbc88d7f985266cd78254d638b049ff8087ddefb,"[""taskset"",""-c"",""32-63"",""/home/callen/work/mold-next-20261006/bin/s1"",""@response.txt"",""-o"",""codex-next.out"",""--no-fork""]",/home/callen/work/mold-bench/wl/ra.d,20,128.76744009554386,149.88015638664365,158.76670321449637,158.76670321449637,2067.4429999999998,376.417,2453.8154999999997,2019.875,2038.31640625
next-20261006,s1-sweep.json,ra,s1-merge8,"{""MOLD_PHASE_BUDGET"":""merge:8""}",True,default,32-63,False,reused,32,merge,8,8,True,topics/s2-assignment-counts/counts.json,False,True,66e147addb1201a8f94e13e183dc88ea2f109cdae56b4570f8338f7d9813c7b8,70291748b5ce53e366d93ecfb4102df9e71eb0a0,original_topic_baseline,f8638be95ae14954ec3b1029e6008128d7a27f1b,50d0578de82177bc9288fd2c902b9e0c45fcab53,S1 owner message; environment distinguishes phase caps,c54bb48368d1b75376996429c790ab2e8895d835a4a9c466d93bfa77274d4947,last measured link for case/label,e03b97cf8dad930535ee10b1bbc88d7f985266cd78254d638b049ff8087ddefb,"[""taskset"",""-c"",""32-63"",""/home/callen/work/mold-next-20261006/bin/s1"",""@response.txt"",""-o"",""codex-next.out"",""--no-fork""]",/home/callen/work/mold-bench/wl/ra.d,20,139.12392733618617,155.87254986166954,163.25525473803282,163.25525473803282,1991.6675,358.9855,2328.8109999999997,2055.716796875,2069.72265625
next-20261006,screen-cr1.json,hello,cr1,{},True,default,32-63,False,reused,1,,,,,topics/s2-assignment-counts/counts.json,False,True,bdfa8b02e0ee324575cbf8ef5c2ea4aee63fa4f2791eddc7dc592b2b7e01fd6b,62fa0761f75dc7a1f273749b640b6f48cfb28ca6,original_topic_baseline,f8638be95ae14954ec3b1029e6008128d7a27f1b,15041453bc9b54f1cdd2714aeb3a00024164f91a,CR owner message v1,7277a7318c05b3cb221c9ddc1995bba0deea7b291589fb6ce0ccf8f3857e3d80,last measured link for case/label,b7ca89ab5262351eb2e8d9b8f801e907b34d017ccff85a1c6e840fa66c312ee0,"[""taskset"",""-c"",""32-63"",""/home/callen/work/mold-next-20261006/bin/cr1"",""@response.txt"",""-o"",""codex-next.out"",""--no-fork""]",/home/callen/work/mold-bench/wl/hello/cur,24,4.028547089546919,4.223894327878952,4.335723351687193,4.335723351687193,1.8824999999999998,1.968,3.8939999999999997,17.234375,17.234375
next-20261006,screen-cr1.json,hello,baseline,{},True,default,32-63,False,reused,1,,,,,topics/s2-assignment-counts/counts.json,False,True,529467bd57e056195fb71065d51881e0265e4bfabd6d879b2563a2ec9172f184,f8638be95ae14954ec3b1029e6008128d7a27f1b,original_topic_baseline,f8638be95ae14954ec3b1029e6008128d7a27f1b,006bcd0f9f50ce2c1d0660c43cf9b03f51534970,parent frozen baseline,7277a7318c05b3cb221c9ddc1995bba0deea7b291589fb6ce0ccf8f3857e3d80,last measured link for case/label,b7ca89ab5262351eb2e8d9b8f801e907b34d017ccff85a1c6e840fa66c312ee0,"[""taskset"",""-c"",""32-63"",""/home/callen/work/mold-next-20261006/bin/baseline"",""@response.txt"",""-o"",""codex-next.out"",""--no-fork""]",/home/callen/work/mold-bench/wl/hello/cur,24,4.07558842562139,4.3819742277264595,4.594216123223305,4.594216123223305,1.9539999999999997,1.9539999999999997,3.917,17.234375,17.234375
next-20261006,screen-cr1.json,rhello,cr1,{},True,default,32-63,False,reused,2,,,,,topics/s2-assignment-counts/counts.json,False,True,bdfa8b02e0ee324575cbf8ef5c2ea4aee63fa4f2791eddc7dc592b2b7e01fd6b,62fa0761f75dc7a1f273749b640b6f48cfb28ca6,original_topic_baseline,f8638be95ae14954ec3b1029e6008128d7a27f1b,15041453bc9b54f1cdd2714aeb3a00024164f91a,CR owner message v1,967631a389972f215d294980db400e57627ca2a4fdc60a7316b5bbeb7cf998b6,last measured link for case/label,b7ca89ab5262351eb2e8d9b8f801e907b34d017ccff85a1c6e840fa66c312ee0,"[""taskset"",""-c"",""32-63"",""/home/callen/work/mold-next-20261006/bin/cr1"",""@response.txt"",""-o"",""codex-next.out"",""--no-fork""]",/home/callen/work/mold-bench/wl/rhello/cur,24,11.62013877183199,12.283901683986187,12.727194931358099,12.727194931358099,11.4455,7.066,18.082,46.619140625,49.265625
next-20261006,screen-cr1.json,rhello,baseline,{},True,default,32-63,False,reused,2,,,,,topics/s2-assignment-counts/counts.json,False,True,529467bd57e056195fb71065d51881e0265e4bfabd6d879b2563a2ec9172f184,f8638be95ae14954ec3b1029e6008128d7a27f1b,original_topic_baseline,f8638be95ae14954ec3b1029e6008128d7a27f1b,006bcd0f9f50ce2c1d0660c43cf9b03f51534970,parent frozen baseline,967631a389972f215d294980db400e57627ca2a4fdc60a7316b5bbeb7cf998b6,last measured link for case/label,b7ca89ab5262351eb2e8d9b8f801e907b34d017ccff85a1c6e840fa66c312ee0,"[""taskset"",""-c"",""32-63"",""/home/callen/work/mold-next-20261006/bin/baseline"",""@response.txt"",""-o"",""codex-next.out"",""--no-fork""]",/home/callen/work/mold-bench/wl/rhello/cur,24,11.676909867674112,12.41746498271823,12.795649003237486,12.795649003237486,11.759,6.641,18.0105,46.29296875,48.1796875
next-20261006,screen-cr1.json,tblgen,cr1,{},True,default,32-63,False,reused,12,,,,,topics/s2-assignment-counts/counts.json,False,True,bdfa8b02e0ee324575cbf8ef5c2ea4aee63fa4f2791eddc7dc592b2b7e01fd6b,62fa0761f75dc7a1f273749b640b6f48cfb28ca6,original_topic_baseline,f8638be95ae14954ec3b1029e6008128d7a27f1b,15041453bc9b54f1cdd2714aeb3a00024164f91a,CR owner message v1,63b068abefeb622662818685a0794d8e5c7e8a5d651213eda3577810ea3369cd,last measured link for case/label,b7ca89ab5262351eb2e8d9b8f801e907b34d017ccff85a1c6e840fa66c312ee0,"[""taskset"",""-c"",""32-63"",""/home/callen/work/mold-next-20261006/bin/cr1"",""@response.txt"",""-o"",""codex-next.out"",""--no-fork""]",/home/callen/work/mold-bench/wl/tblgen/cur,24,18.226054031401873,18.960408866405487,19.39223427325487,19.39223427325487,69.012,49.7945,120.40299999999999,180.068359375,185.1875
next-20261006,screen-cr1.json,tblgen,baseline,{},True,default,32-63,False,reused,12,,,,,topics/s2-assignment-counts/counts.json,False,True,529467bd57e056195fb71065d51881e0265e4bfabd6d879b2563a2ec9172f184,f8638be95ae14954ec3b1029e6008128d7a27f1b,original_topic_baseline,f8638be95ae14954ec3b1029e6008128d7a27f1b,006bcd0f9f50ce2c1d0660c43cf9b03f51534970,parent frozen baseline,63b068abefeb622662818685a0794d8e5c7e8a5d651213eda3577810ea3369cd,last measured link for case/label,b7ca89ab5262351eb2e8d9b8f801e907b34d017ccff85a1c6e840fa66c312ee0,"[""taskset"",""-c"",""32-63"",""/home/callen/work/mold-next-20261006/bin/baseline"",""@response.txt"",""-o"",""codex-next.out"",""--no-fork""]",/home/callen/work/mold-bench/wl/tblgen/cur,24,17.93603366240859,19.07727587968111,19.90332081913948,19.90332081913948,68.72449999999999,48.3655,117.54299999999999,179.091796875,182.5546875
next-20261006,screen-cr1.json,lld,cr1,{},True,default,32-63,False,reused,32,,,,,topics/s2-assignment-counts/counts.json,False,True,bdfa8b02e0ee324575cbf8ef5c2ea4aee63fa4f2791eddc7dc592b2b7e01fd6b,62fa0761f75dc7a1f273749b640b6f48cfb28ca6,original_topic_baseline,f8638be95ae14954ec3b1029e6008128d7a27f1b,15041453bc9b54f1cdd2714aeb3a00024164f91a,CR owner message v1,5de7d2ef5dc164818fdbdb3d53d1f433c4bf90a9755bdce13b88e694fafcb763,last measured link for case/label,b7ca89ab5262351eb2e8d9b8f801e907b34d017ccff85a1c6e840fa66c312ee0,"[""taskset"",""-c"",""32-63"",""/home/callen/work/mold-next-20261006/bin/cr1"",""@response.txt"",""-o"",""codex-next.out"",""--no-fork""]",/home/callen/work/mold-bench/wl/lld/cur,24,206.1762739904225,213.2306513376534,218.13985519111156,218.13985519111156,1372.494,4291.067,5691.1085,2761.056640625,2782.796875
next-20261006,screen-cr1.json,lld,baseline,{},True,default,32-63,False,reused,32,,,,,topics/s2-assignment-counts/counts.json,False,True,529467bd57e056195fb71065d51881e0265e4bfabd6d879b2563a2ec9172f184,f8638be95ae14954ec3b1029e6008128d7a27f1b,original_topic_baseline,f8638be95ae14954ec3b1029e6008128d7a27f1b,006bcd0f9f50ce2c1d0660c43cf9b03f51534970,parent frozen baseline,5de7d2ef5dc164818fdbdb3d53d1f433c4bf90a9755bdce13b88e694fafcb763,last measured link for case/label,b7ca89ab5262351eb2e8d9b8f801e907b34d017ccff85a1c6e840fa66c312ee0,"[""taskset"",""-c"",""32-63"",""/home/callen/work/mold-next-20261006/bin/baseline"",""@response.txt"",""-o"",""codex-next.out"",""--no-fork""]",/home/callen/work/mold-bench/wl/lld/cur,24,203.62619822844863,206.2353896908462,206.48441929370165,206.48441929370165,1308.027,4197.8315,5519.7,2727.41796875,2758.6328125
next-20261006,screen-cr1.json,clang,cr1,{},True,default,32-63,False,reused,32,,,,,topics/s2-assignment-counts/counts.json,False,True,bdfa8b02e0ee324575cbf8ef5c2ea4aee63fa4f2791eddc7dc592b2b7e01fd6b,62fa0761f75dc7a1f273749b640b6f48cfb28ca6,original_topic_baseline,f8638be95ae14954ec3b1029e6008128d7a27f1b,15041453bc9b54f1cdd2714aeb3a00024164f91a,CR owner message v1,3fa34d9efa75ab05e4a553e9116f5943bd6a3defa8ba3b3c017b1aef37216c88,last measured link for case/label,b7ca89ab5262351eb2e8d9b8f801e907b34d017ccff85a1c6e840fa66c312ee0,"[""taskset"",""-c"",""32-63"",""/home/callen/work/mold-next-20261006/bin/cr1"",""@response.txt"",""-o"",""codex-next.out"",""--no-fork""]",/home/callen/work/mold-bench/wl/clang.d,24,123.81917494349182,145.96596406772733,177.16165026649833,177.16165026649833,2407.6719999999996,543.7155,2969.362,4740.078125,4761.40234375
next-20261006,screen-cr1.json,clang,baseline,{},True,default,32-63,False,reused,32,,,,,topics/s2-assignment-counts/counts.json,False,True,529467bd57e056195fb71065d51881e0265e4bfabd6d879b2563a2ec9172f184,f8638be95ae14954ec3b1029e6008128d7a27f1b,original_topic_baseline,f8638be95ae14954ec3b1029e6008128d7a27f1b,006bcd0f9f50ce2c1d0660c43cf9b03f51534970,parent frozen baseline,3fa34d9efa75ab05e4a553e9116f5943bd6a3defa8ba3b3c017b1aef37216c88,last measured link for case/label,b7ca89ab5262351eb2e8d9b8f801e907b34d017ccff85a1c6e840fa66c312ee0,"[""taskset"",""-c"",""32-63"",""/home/callen/work/mold-next-20261006/bin/baseline"",""@response.txt"",""-o"",""codex-next.out"",""--no-fork""]",/home/callen/work/mold-bench/wl/clang.d,24,120.12174911797047,146.55237505212426,158.84991688653827,158.84991688653827,2376.8015,526.7684999999999,2911.7375,4713.095703125,4739.1328125
next-20261006,screen-cr1.json,clang-s,cr1,{},True,default,32-63,False,reused,32,,,,,topics/s2-assignment-counts/counts.json,False,True,bdfa8b02e0ee324575cbf8ef5c2ea4aee63fa4f2791eddc7dc592b2b7e01fd6b,62fa0761f75dc7a1f273749b640b6f48cfb28ca6,original_topic_baseline,f8638be95ae14954ec3b1029e6008128d7a27f1b,15041453bc9b54f1cdd2714aeb3a00024164f91a,CR owner message v1,982ccb2f6847c86c8c5fc9e63631c3b3fb4276b3ecf4a808c55100a032a80c28,last measured link for case/label,b7ca89ab5262351eb2e8d9b8f801e907b34d017ccff85a1c6e840fa66c312ee0,"[""taskset"",""-c"",""32-63"",""/home/callen/work/mold-next-20261006/bin/cr1"",""@response.txt"",""-o"",""codex-next.out"",""--no-fork"",""--strip-debug""]",/home/callen/work/mold-bench/wl/clang.d,24,58.31293179653585,63.544279895722866,64.20875899493694,64.20875899493694,853.7265,249.63799999999998,1110.3899999999999,1374.5625,1387.4609375
next-20261006,screen-cr1.json,clang-s,baseline,{},True,default,32-63,False,reused,32,,,,,topics/s2-assignment-counts/counts.json,False,True,529467bd57e056195fb71065d51881e0265e4bfabd6d879b2563a2ec9172f184,f8638be95ae14954ec3b1029e6008128d7a27f1b,original_topic_baseline,f8638be95ae14954ec3b1029e6008128d7a27f1b,006bcd0f9f50ce2c1d0660c43cf9b03f51534970,parent frozen baseline,982ccb2f6847c86c8c5fc9e63631c3b3fb4276b3ecf4a808c55100a032a80c28,last measured link for case/label,b7ca89ab5262351eb2e8d9b8f801e907b34d017ccff85a1c6e840fa66c312ee0,"[""taskset"",""-c"",""32-63"",""/home/callen/work/mold-next-20261006/bin/baseline"",""@response.txt"",""-o"",""codex-next.out"",""--no-fork"",""--strip-debug""]",/home/callen/work/mold-bench/wl/clang.d,24,57.27074993774295,66.67092675343156,69.34927497059107,69.34927497059107,874.23,253.68099999999998,1129.9775,1376.6484375,1389.265625
next-20261006,screen-cr1.json,ra,cr1,{},True,default,32-63,False,reused,32,,,,,topics/s2-assignment-counts/counts.json,False,True,bdfa8b02e0ee324575cbf8ef5c2ea4aee63fa4f2791eddc7dc592b2b7e01fd6b,62fa0761f75dc7a1f273749b640b6f48cfb28ca6,original_topic_baseline,f8638be95ae14954ec3b1029e6008128d7a27f1b,15041453bc9b54f1cdd2714aeb3a00024164f91a,CR owner message v1,c54bb48368d1b75376996429c790ab2e8895d835a4a9c466d93bfa77274d4947,last measured link for case/label,b7ca89ab5262351eb2e8d9b8f801e907b34d017ccff85a1c6e840fa66c312ee0,"[""taskset"",""-c"",""32-63"",""/home/callen/work/mold-next-20261006/bin/cr1"",""@response.txt"",""-o"",""codex-next.out"",""--no-fork""]",/home/callen/work/mold-bench/wl/ra.d,24,136.21204113587737,147.4815597757697,169.00979727506638,169.00979727506638,2046.6670000000001,389.37649999999996,2409.0425,2039.21875,2059.71875
next-20261006,screen-cr1.json,ra,baseline,{},True,default,32-63,False,reused,32,,,,,topics/s2-assignment-counts/counts.json,False,True,529467bd57e056195fb71065d51881e0265e4bfabd6d879b2563a2ec9172f184,f8638be95ae14954ec3b1029e6008128d7a27f1b,original_topic_baseline,f8638be95ae14954ec3b1029e6008128d7a27f1b,006bcd0f9f50ce2c1d0660c43cf9b03f51534970,parent frozen baseline,c54bb48368d1b75376996429c790ab2e8895d835a4a9c466d93bfa77274d4947,last measured link for case/label,b7ca89ab5262351eb2e8d9b8f801e907b34d017ccff85a1c6e840fa66c312ee0,"[""taskset"",""-c"",""32-63"",""/home/callen/work/mold-next-20261006/bin/baseline"",""@response.txt"",""-o"",""codex-next.out"",""--no-fork""]",/home/callen/work/mold-bench/wl/ra.d,24,135.99761435762048,150.4326700232923,152.12123608216643,152.12123608216643,2026.5829999999999,351.80899999999997,2402.8679999999995,2020.669921875,2049.42578125
next-20261006,screen-cr1.json,ra-s,cr1,{},True,default,32-63,False,reused,32,,,,,topics/s2-assignment-counts/counts.json,False,True,bdfa8b02e0ee324575cbf8ef5c2ea4aee63fa4f2791eddc7dc592b2b7e01fd6b,62fa0761f75dc7a1f273749b640b6f48cfb28ca6,original_topic_baseline,f8638be95ae14954ec3b1029e6008128d7a27f1b,15041453bc9b54f1cdd2714aeb3a00024164f91a,CR owner message v1,5b7b53af257f19a253831ab081923075b0f10190728da4aa399eab3b15860b6c,last measured link for case/label,b7ca89ab5262351eb2e8d9b8f801e907b34d017ccff85a1c6e840fa66c312ee0,"[""taskset"",""-c"",""32-63"",""/home/callen/work/mold-next-20261006/bin/cr1"",""@response.txt"",""-o"",""codex-next.out"",""--no-fork"",""--strip-debug""]",/home/callen/work/mold-bench/wl/ra.d,24,117.68624582327902,138.13371304422617,157.50951319932938,157.50951319932938,1552.9919999999997,320.9145,1884.069,1417.375,1426.25390625
next-20261006,screen-cr1.json,ra-s,baseline,{},True,default,32-63,False,reused,32,,,,,topics/s2-assignment-counts/counts.json,False,True,529467bd57e056195fb71065d51881e0265e4bfabd6d879b2563a2ec9172f184,f8638be95ae14954ec3b1029e6008128d7a27f1b,original_topic_baseline,f8638be95ae14954ec3b1029e6008128d7a27f1b,006bcd0f9f50ce2c1d0660c43cf9b03f51534970,parent frozen baseline,5b7b53af257f19a253831ab081923075b0f10190728da4aa399eab3b15860b6c,last measured link for case/label,b7ca89ab5262351eb2e8d9b8f801e907b34d017ccff85a1c6e840fa66c312ee0,"[""taskset"",""-c"",""32-63"",""/home/callen/work/mold-next-20261006/bin/baseline"",""@response.txt"",""-o"",""codex-next.out"",""--no-fork"",""--strip-debug""]",/home/callen/work/mold-bench/wl/ra.d,24,117.27801989763975,127.77853291481733,137.25487887859344,137.25487887859344,1540.3235,334.489,1900.7155,1418.75390625,1434.4296875
next-20261006,screen-fifth.json,hello,s1-control,{},True,default,32-63,False,reused,1,,,,,topics/s2-assignment-counts/counts.json,False,True,66e147addb1201a8f94e13e183dc88ea2f109cdae56b4570f8338f7d9813c7b8,70291748b5ce53e366d93ecfb4102df9e71eb0a0,original_topic_baseline,f8638be95ae14954ec3b1029e6008128d7a27f1b,50d0578de82177bc9288fd2c902b9e0c45fcab53,S1 owner message; environment distinguishes phase caps,7277a7318c05b3cb221c9ddc1995bba0deea7b291589fb6ce0ccf8f3857e3d80,last measured link for case/label,0a5a495c87425612a44d34e3a4600b4b9063c19b0dcf7688ea14db371311b572,"[""taskset"",""-c"",""32-63"",""/home/callen/work/mold-next-20261006/bin/s1"",""@response.txt"",""-o"",""codex-next.out"",""--no-fork""]",/home/callen/work/mold-bench/wl/hello/cur,32,3.939427435398102,4.341486841440201,4.413797054439783,4.413797054439783,1.8384999999999998,2.053,3.8674999999999997,17.1953125,17.1953125
next-20261006,screen-fifth.json,hello,s1-copy8,"{""MOLD_PHASE_BUDGET"":""copy:8""}",True,default,32-63,False,reused,1,copy,8,1,False,topics/s2-assignment-counts/counts.json,False,True,66e147addb1201a8f94e13e183dc88ea2f109cdae56b4570f8338f7d9813c7b8,70291748b5ce53e366d93ecfb4102df9e71eb0a0,original_topic_baseline,f8638be95ae14954ec3b1029e6008128d7a27f1b,50d0578de82177bc9288fd2c902b9e0c45fcab53,S1 owner message; environment distinguishes phase caps,7277a7318c05b3cb221c9ddc1995bba0deea7b291589fb6ce0ccf8f3857e3d80,last measured link for case/label,0a5a495c87425612a44d34e3a4600b4b9063c19b0dcf7688ea14db371311b572,"[""taskset"",""-c"",""32-63"",""/home/callen/work/mold-next-20261006/bin/s1"",""@response.txt"",""-o"",""codex-next.out"",""--no-fork""]",/home/callen/work/mold-bench/wl/hello/cur,32,3.7672410253435373,4.367706831544638,4.578697960823774,4.578697960823774,1.9114999999999998,1.7919999999999998,3.675,17.1953125,17.1953125
next-20261006,screen-fifth.json,hello,s1-copy16,"{""MOLD_PHASE_BUDGET"":""copy:16""}",True,default,32-63,False,reused,1,copy,16,1,False,topics/s2-assignment-counts/counts.json,False,True,66e147addb1201a8f94e13e183dc88ea2f109cdae56b4570f8338f7d9813c7b8,70291748b5ce53e366d93ecfb4102df9e71eb0a0,original_topic_baseline,f8638be95ae14954ec3b1029e6008128d7a27f1b,50d0578de82177bc9288fd2c902b9e0c45fcab53,S1 owner message; environment distinguishes phase caps,7277a7318c05b3cb221c9ddc1995bba0deea7b291589fb6ce0ccf8f3857e3d80,last measured link for case/label,0a5a495c87425612a44d34e3a4600b4b9063c19b0dcf7688ea14db371311b572,"[""taskset"",""-c"",""32-63"",""/home/callen/work/mold-next-20261006/bin/s1"",""@response.txt"",""-o"",""codex-next.out"",""--no-fork""]",/home/callen/work/mold-bench/wl/hello/cur,32,3.7640316877514124,4.311582073569298,4.377321805804968,4.377321805804968,2.0495,1.7245,3.669,17.1953125,17.1953125
next-20261006,screen-fifth.json,hello,h1-clean,{},True,default,32-63,False,reused,1,,,,,topics/s2-assignment-counts/counts.json,False,True,0fd060bfbb6d88038ba977feb142dc3682243b7eebb78e5a7377774ae969878e,c35c2fbbb6de046c41df90a3d03464fb1e0619b1,original_topic_baseline,f8638be95ae14954ec3b1029e6008128d7a27f1b,9e09ba9a0edbb137145e04a41041317149894d48,H1 cleaned parent frozen candidate,7277a7318c05b3cb221c9ddc1995bba0deea7b291589fb6ce0ccf8f3857e3d80,last measured link for case/label,0a5a495c87425612a44d34e3a4600b4b9063c19b0dcf7688ea14db371311b572,"[""taskset"",""-c"",""32-63"",""/home/callen/work/mold-next-20261006/bin/h1-clean"",""@response.txt"",""-o"",""codex-next.out"",""--no-fork""]",/home/callen/work/mold-bench/wl/hello/cur,32,3.9768542628735304,4.537565167993307,29.843755066394806,29.843755066394806,1.9729999999999996,1.9465,3.859,17.1953125,17.1953125
next-20261006,screen-fifth.json,hello,p1,{},True,default,32-63,False,reused,1,,,,,topics/s2-assignment-counts/counts.json,False,True,be6e3fab81c17a0fc5234823845a45418ab9f2cb64e7d11acfe43f539fd82cc4,e0f2d3e942fc9985b202f8d2f9327d79acd90e78,original_topic_baseline,f8638be95ae14954ec3b1029e6008128d7a27f1b,d5c11653b174fb1a42dab3b725c2cb08b2b2828e,parent message P1 v2,7277a7318c05b3cb221c9ddc1995bba0deea7b291589fb6ce0ccf8f3857e3d80,last measured link for case/label,0a5a495c87425612a44d34e3a4600b4b9063c19b0dcf7688ea14db371311b572,"[""taskset"",""-c"",""32-63"",""/home/callen/work/mold-next-20261006/bin/p1"",""@response.txt"",""-o"",""codex-next.out"",""--no-fork""]",/home/callen/work/mold-bench/wl/hello/cur,32,3.558234078809619,3.7882281467318535,3.996624145656824,3.996624145656824,1.8304999999999998,1.762,3.455,17.1953125,17.1953125
next-20261006,screen-fifth.json,hello,baseline,{},True,default,32-63,False,reused,1,,,,,topics/s2-assignment-counts/counts.json,False,True,529467bd57e056195fb71065d51881e0265e4bfabd6d879b2563a2ec9172f184,f8638be95ae14954ec3b1029e6008128d7a27f1b,original_topic_baseline,f8638be95ae14954ec3b1029e6008128d7a27f1b,006bcd0f9f50ce2c1d0660c43cf9b03f51534970,parent frozen baseline,7277a7318c05b3cb221c9ddc1995bba0deea7b291589fb6ce0ccf8f3857e3d80,last measured link for case/label,0a5a495c87425612a44d34e3a4600b4b9063c19b0dcf7688ea14db371311b572,"[""taskset"",""-c"",""32-63"",""/home/callen/work/mold-next-20261006/bin/baseline"",""@response.txt"",""-o"",""codex-next.out"",""--no-fork""]",/home/callen/work/mold-bench/wl/hello/cur,32,3.9966993499547243,4.44713793694973,4.6743531711399555,4.6743531711399555,2.4515000000000002,1.2835,3.9029999999999996,17.1953125,17.1953125
next-20261006,screen-fifth.json,hello,ms2-v2,{},True,default,32-63,False,reused,1,,,,,topics/s2-assignment-counts/counts.json,False,True,b563006f96559de44ba351ad51c80b46fa84f7e1709cfc7e78a072cbfa517db7,3ef1d72da621bebe186476692b5570b83c2a163b,original_topic_baseline,f8638be95ae14954ec3b1029e6008128d7a27f1b,f86b31d32fef611be78d0e0e798451f9231e7539,"MS2 owner v2 build; frozen bin/ms2-v2, v1 unchanged",7277a7318c05b3cb221c9ddc1995bba0deea7b291589fb6ce0ccf8f3857e3d80,last measured link for case/label,0a5a495c87425612a44d34e3a4600b4b9063c19b0dcf7688ea14db371311b572,"[""taskset"",""-c"",""32-63"",""/home/callen/work/mold-next-20261006/bin/ms2-v2"",""@response.txt"",""-o"",""codex-next.out"",""--no-fork""]",/home/callen/work/mold-bench/wl/hello/cur,32,3.915131790563464,4.404554143548012,4.414557944983244,4.414557944983244,2.027,1.7934999999999999,3.827,17.1953125,17.1953125
next-20261006,screen-fifth.json,hello,k1,{},True,default,32-63,False,reused,1,,,,,topics/s2-assignment-counts/counts.json,False,True,a1c023acfe43a21a24f38f225beaca6b9502a9b0b6f2096b93696454b12f36e0,6d24b45ab5604dae0f59ef9a937cd603ebb9d9d9,original_topic_baseline,f8638be95ae14954ec3b1029e6008128d7a27f1b,2d620f8723cff42a42d0520c1c297219486f0b2f,K1 parent frozen screen candidate,7277a7318c05b3cb221c9ddc1995bba0deea7b291589fb6ce0ccf8f3857e3d80,last measured link for case/label,0a5a495c87425612a44d34e3a4600b4b9063c19b0dcf7688ea14db371311b572,"[""taskset"",""-c"",""32-63"",""/home/callen/work/mold-next-20261006/bin/k1"",""@response.txt"",""-o"",""codex-next.out"",""--no-fork""]",/home/callen/work/mold-bench/wl/hello/cur,32,3.9441995322704315,4.406917374581099,4.437915049493313,4.437915049493313,1.9274999999999998,1.853,3.8349999999999995,17.1953125,17.1953125
next-20261006,screen-fifth.json,rhello,s1-control,{},True,default,32-63,False,reused,2,,,,,topics/s2-assignment-counts/counts.json,False,True,66e147addb1201a8f94e13e183dc88ea2f109cdae56b4570f8338f7d9813c7b8,70291748b5ce53e366d93ecfb4102df9e71eb0a0,original_topic_baseline,f8638be95ae14954ec3b1029e6008128d7a27f1b,50d0578de82177bc9288fd2c902b9e0c45fcab53,S1 owner message; environment distinguishes phase caps,967631a389972f215d294980db400e57627ca2a4fdc60a7316b5bbeb7cf998b6,last measured link for case/label,0a5a495c87425612a44d34e3a4600b4b9063c19b0dcf7688ea14db371311b572,"[""taskset"",""-c"",""32-63"",""/home/callen/work/mold-next-20261006/bin/s1"",""@response.txt"",""-o"",""codex-next.out"",""--no-fork""]",/home/callen/work/mold-bench/wl/rhello/cur,32,11.902150698006153,12.526238337159157,12.843848671764135,12.843848671764135,10.5395,7.9609999999999985,18.427500000000002,46.52734375,48.94921875
next-20261006,screen-fifth.json,rhello,s1-copy8,"{""MOLD_PHASE_BUDGET"":""copy:8""}",True,default,32-63,False,reused,2,copy,8,2,False,topics/s2-assignment-counts/counts.json,False,True,66e147addb1201a8f94e13e183dc88ea2f109cdae56b4570f8338f7d9813c7b8,70291748b5ce53e366d93ecfb4102df9e71eb0a0,original_topic_baseline,f8638be95ae14954ec3b1029e6008128d7a27f1b,50d0578de82177bc9288fd2c902b9e0c45fcab53,S1 owner message; environment distinguishes phase caps,967631a389972f215d294980db400e57627ca2a4fdc60a7316b5bbeb7cf998b6,last measured link for case/label,0a5a495c87425612a44d34e3a4600b4b9063c19b0dcf7688ea14db371311b572,"[""taskset"",""-c"",""32-63"",""/home/callen/work/mold-next-20261006/bin/s1"",""@response.txt"",""-o"",""codex-next.out"",""--no-fork""]",/home/callen/work/mold-bench/wl/rhello/cur,32,11.689061997458339,12.300114147365093,12.387305963784456,12.387305963784456,10.4605,7.3839999999999995,18.114000000000004,46.359375,48.32421875
next-20261006,screen-fifth.json,rhello,s1-copy16,"{""MOLD_PHASE_BUDGET"":""copy:16""}",True,default,32-63,False,reused,2,copy,16,2,False,topics/s2-assignment-counts/counts.json,False,True,66e147addb1201a8f94e13e183dc88ea2f109cdae56b4570f8338f7d9813c7b8,70291748b5ce53e366d93ecfb4102df9e71eb0a0,original_topic_baseline,f8638be95ae14954ec3b1029e6008128d7a27f1b,50d0578de82177bc9288fd2c902b9e0c45fcab53,S1 owner message; environment distinguishes phase caps,967631a389972f215d294980db400e57627ca2a4fdc60a7316b5bbeb7cf998b6,last measured link for case/label,0a5a495c87425612a44d34e3a4600b4b9063c19b0dcf7688ea14db371311b572,"[""taskset"",""-c"",""32-63"",""/home/callen/work/mold-next-20261006/bin/s1"",""@response.txt"",""-o"",""codex-next.out"",""--no-fork""]",/home/callen/work/mold-bench/wl/rhello/cur,32,11.73837692476809,12.398683931678534,13.257917948067188,13.257917948067188,10.722999999999999,7.4215,18.1425,46.46875,47.9140625
next-20261006,screen-fifth.json,rhello,h1-clean,{},True,default,32-63,False,reused,2,,,,,topics/s2-assignment-counts/counts.json,False,True,0fd060bfbb6d88038ba977feb142dc3682243b7eebb78e5a7377774ae969878e,c35c2fbbb6de046c41df90a3d03464fb1e0619b1,original_topic_baseline,f8638be95ae14954ec3b1029e6008128d7a27f1b,9e09ba9a0edbb137145e04a41041317149894d48,H1 cleaned parent frozen candidate,967631a389972f215d294980db400e57627ca2a4fdc60a7316b5bbeb7cf998b6,last measured link for case/label,0a5a495c87425612a44d34e3a4600b4b9063c19b0dcf7688ea14db371311b572,"[""taskset"",""-c"",""32-63"",""/home/callen/work/mold-next-20261006/bin/h1-clean"",""@response.txt"",""-o"",""codex-next.out"",""--no-fork""]",/home/callen/work/mold-bench/wl/rhello/cur,32,11.812028707936406,12.394486926496029,12.678567785769701,12.678567785769701,10.262,7.74,18.1465,46.490234375,48.078125
next-20261006,screen-fifth.json,rhello,p1,{},True,default,32-63,False,reused,2,,,,,topics/s2-assignment-counts/counts.json,False,True,be6e3fab81c17a0fc5234823845a45418ab9f2cb64e7d11acfe43f539fd82cc4,e0f2d3e942fc9985b202f8d2f9327d79acd90e78,original_topic_baseline,f8638be95ae14954ec3b1029e6008128d7a27f1b,d5c11653b174fb1a42dab3b725c2cb08b2b2828e,parent message P1 v2,967631a389972f215d294980db400e57627ca2a4fdc60a7316b5bbeb7cf998b6,last measured link for case/label,0a5a495c87425612a44d34e3a4600b4b9063c19b0dcf7688ea14db371311b572,"[""taskset"",""-c"",""32-63"",""/home/callen/work/mold-next-20261006/bin/p1"",""@response.txt"",""-o"",""codex-next.out"",""--no-fork""]",/home/callen/work/mold-bench/wl/rhello/cur,32,11.773285223171115,12.998855207115412,13.841253239661455,13.841253239661455,10.6015,7.677999999999999,18.081500000000002,46.39453125,47.78125
next-20261006,screen-fifth.json,rhello,baseline,{},True,default,32-63,False,reused,2,,,,,topics/s2-assignment-counts/counts.json,False,True,529467bd57e056195fb71065d51881e0265e4bfabd6d879b2563a2ec9172f184,f8638be95ae14954ec3b1029e6008128d7a27f1b,original_topic_baseline,f8638be95ae14954ec3b1029e6008128d7a27f1b,006bcd0f9f50ce2c1d0660c43cf9b03f51534970,parent frozen baseline,967631a389972f215d294980db400e57627ca2a4fdc60a7316b5bbeb7cf998b6,last measured link for case/label,0a5a495c87425612a44d34e3a4600b4b9063c19b0dcf7688ea14db371311b572,"[""taskset"",""-c"",""32-63"",""/home/callen/work/mold-next-20261006/bin/baseline"",""@response.txt"",""-o"",""codex-next.out"",""--no-fork""]",/home/callen/work/mold-bench/wl/rhello/cur,32,12.054907623678446,12.877439614385366,14.164162799715996,14.164162799715996,11.315,6.964,18.67,46.494140625,48.33203125
next-20261006,screen-fifth.json,rhello,ms2-v2,{},True,default,32-63,False,reused,2,,,,,topics/s2-assignment-counts/counts.json,False,True,b563006f96559de44ba351ad51c80b46fa84f7e1709cfc7e78a072cbfa517db7,3ef1d72da621bebe186476692b5570b83c2a163b,original_topic_baseline,f8638be95ae14954ec3b1029e6008128d7a27f1b,f86b31d32fef611be78d0e0e798451f9231e7539,"MS2 owner v2 build; frozen bin/ms2-v2, v1 unchanged",967631a389972f215d294980db400e57627ca2a4fdc60a7316b5bbeb7cf998b6,last measured link for case/label,0a5a495c87425612a44d34e3a4600b4b9063c19b0dcf7688ea14db371311b572,"[""taskset"",""-c"",""32-63"",""/home/callen/work/mold-next-20261006/bin/ms2-v2"",""@response.txt"",""-o"",""codex-next.out"",""--no-fork""]",/home/callen/work/mold-bench/wl/rhello/cur,32,11.940388474613428,13.008520007133484,13.070193119347095,13.070193119347095,10.3525,7.9525,18.377000000000002,46.390625,48.1484375
next-20261006,screen-fifth.json,rhello,k1,{},True,default,32-63,False,reused,2,,,,,topics/s2-assignment-counts/counts.json,False,True,a1c023acfe43a21a24f38f225beaca6b9502a9b0b6f2096b93696454b12f36e0,6d24b45ab5604dae0f59ef9a937cd603ebb9d9d9,original_topic_baseline,f8638be95ae14954ec3b1029e6008128d7a27f1b,2d620f8723cff42a42d0520c1c297219486f0b2f,K1 parent frozen screen candidate,967631a389972f215d294980db400e57627ca2a4fdc60a7316b5bbeb7cf998b6,last measured link for case/label,0a5a495c87425612a44d34e3a4600b4b9063c19b0dcf7688ea14db371311b572,"[""taskset"",""-c"",""32-63"",""/home/callen/work/mold-next-20261006/bin/k1"",""@response.txt"",""-o"",""codex-next.out"",""--no-fork""]",/home/callen/work/mold-bench/wl/rhello/cur,32,11.728556826710701,12.732050381600857,13.15338909626007,13.15338909626007,10.419,7.252,18.017000000000003,46.412109375,47.90625
next-20261006,screen-fifth.json,tblgen,s1-control,{},True,default,32-63,False,reused,12,,,,,topics/s2-assignment-counts/counts.json,False,True,66e147addb1201a8f94e13e183dc88ea2f109cdae56b4570f8338f7d9813c7b8,70291748b5ce53e366d93ecfb4102df9e71eb0a0,original_topic_baseline,f8638be95ae14954ec3b1029e6008128d7a27f1b,50d0578de82177bc9288fd2c902b9e0c45fcab53,S1 owner message; environment distinguishes phase caps,63b068abefeb622662818685a0794d8e5c7e8a5d651213eda3577810ea3369cd,last measured link for case/label,0a5a495c87425612a44d34e3a4600b4b9063c19b0dcf7688ea14db371311b572,"[""taskset"",""-c"",""32-63"",""/home/callen/work/mold-next-20261006/bin/s1"",""@response.txt"",""-o"",""codex-next.out"",""--no-fork""]",/home/callen/work/mold-bench/wl/tblgen/cur,32,18.014925764873624,19.466688856482506,19.77431494742632,19.77431494742632,71.346,43.695499999999996,118.36149999999999,178.451171875,183.2890625
next-20261006,screen-fifth.json,tblgen,s1-copy8,"{""MOLD_PHASE_BUDGET"":""copy:8""}",True,default,32-63,False,reused,12,copy,8,8,True,topics/s2-assignment-counts/counts.json,False,True,66e147addb1201a8f94e13e183dc88ea2f109cdae56b4570f8338f7d9813c7b8,70291748b5ce53e366d93ecfb4102df9e71eb0a0,original_topic_baseline,f8638be95ae14954ec3b1029e6008128d7a27f1b,50d0578de82177bc9288fd2c902b9e0c45fcab53,S1 owner message; environment distinguishes phase caps,63b068abefeb622662818685a0794d8e5c7e8a5d651213eda3577810ea3369cd,last measured link for case/label,0a5a495c87425612a44d34e3a4600b4b9063c19b0dcf7688ea14db371311b572,"[""taskset"",""-c"",""32-63"",""/home/callen/work/mold-next-20261006/bin/s1"",""@response.txt"",""-o"",""codex-next.out"",""--no-fork""]",/home/callen/work/mold-bench/wl/tblgen/cur,32,18.98801256902516,20.14390705153346,20.6489828415215,20.6489828415215,68.322,46.95399999999999,116.46949999999998,181.6953125,185.94140625
next-20261006,screen-fifth.json,tblgen,s1-copy16,"{""MOLD_PHASE_BUDGET"":""copy:16""}",True,default,32-63,False,reused,12,copy,16,12,False,topics/s2-assignment-counts/counts.json,False,True,66e147addb1201a8f94e13e183dc88ea2f109cdae56b4570f8338f7d9813c7b8,70291748b5ce53e366d93ecfb4102df9e71eb0a0,original_topic_baseline,f8638be95ae14954ec3b1029e6008128d7a27f1b,50d0578de82177bc9288fd2c902b9e0c45fcab53,S1 owner message; environment distinguishes phase caps,63b068abefeb622662818685a0794d8e5c7e8a5d651213eda3577810ea3369cd,last measured link for case/label,0a5a495c87425612a44d34e3a4600b4b9063c19b0dcf7688ea14db371311b572,"[""taskset"",""-c"",""32-63"",""/home/callen/work/mold-next-20261006/bin/s1"",""@response.txt"",""-o"",""codex-next.out"",""--no-fork""]",/home/callen/work/mold-bench/wl/tblgen/cur,32,17.769874073565006,25.556810200214386,48.09829406440258,48.09829406440258,68.92699999999999,46.9805,114.5675,178.15234375,181.73828125
next-20261006,screen-fifth.json,tblgen,h1-clean,{},True,default,32-63,False,reused,12,,,,,topics/s2-assignment-counts/counts.json,False,True,0fd060bfbb6d88038ba977feb142dc3682243b7eebb78e5a7377774ae969878e,c35c2fbbb6de046c41df90a3d03464fb1e0619b1,original_topic_baseline,f8638be95ae14954ec3b1029e6008128d7a27f1b,9e09ba9a0edbb137145e04a41041317149894d48,H1 cleaned parent frozen candidate,63b068abefeb622662818685a0794d8e5c7e8a5d651213eda3577810ea3369cd,last measured link for case/label,0a5a495c87425612a44d34e3a4600b4b9063c19b0dcf7688ea14db371311b572,"[""taskset"",""-c"",""32-63"",""/home/callen/work/mold-next-20261006/bin/h1-clean"",""@response.txt"",""-o"",""codex-next.out"",""--no-fork""]",/home/callen/work/mold-bench/wl/tblgen/cur,32,18.007163889706135,19.351213239133358,38.072402123361826,38.072402123361826,68.36,45.6945,112.08749999999999,178.5625,185.62109375
next-20261006,screen-fifth.json,tblgen,p1,{},True,default,32-63,False,reused,12,,,,,topics/s2-assignment-counts/counts.json,False,True,be6e3fab81c17a0fc5234823845a45418ab9f2cb64e7d11acfe43f539fd82cc4,e0f2d3e942fc9985b202f8d2f9327d79acd90e78,original_topic_baseline,f8638be95ae14954ec3b1029e6008128d7a27f1b,d5c11653b174fb1a42dab3b725c2cb08b2b2828e,parent message P1 v2,63b068abefeb622662818685a0794d8e5c7e8a5d651213eda3577810ea3369cd,last measured link for case/label,0a5a495c87425612a44d34e3a4600b4b9063c19b0dcf7688ea14db371311b572,"[""taskset"",""-c"",""32-63"",""/home/callen/work/mold-next-20261006/bin/p1"",""@response.txt"",""-o"",""codex-next.out"",""--no-fork""]",/home/callen/work/mold-bench/wl/tblgen/cur,32,18.14659615047276,19.241456873714924,19.33428831398487,19.33428831398487,69.483,46.86,118.14099999999999,178.009765625,184.328125
next-20261006,screen-fifth.json,tblgen,baseline,{},True,default,32-63,False,reused,12,,,,,topics/s2-assignment-counts/counts.json,False,True,529467bd57e056195fb71065d51881e0265e4bfabd6d879b2563a2ec9172f184,f8638be95ae14954ec3b1029e6008128d7a27f1b,original_topic_baseline,f8638be95ae14954ec3b1029e6008128d7a27f1b,006bcd0f9f50ce2c1d0660c43cf9b03f51534970,parent frozen baseline,63b068abefeb622662818685a0794d8e5c7e8a5d651213eda3577810ea3369cd,last measured link for case/label,0a5a495c87425612a44d34e3a4600b4b9063c19b0dcf7688ea14db371311b572,"[""taskset"",""-c"",""32-63"",""/home/callen/work/mold-next-20261006/bin/baseline"",""@response.txt"",""-o"",""codex-next.out"",""--no-fork""]",/home/callen/work/mold-bench/wl/tblgen/cur,32,18.32148083485663,19.567121751606464,19.61125899106264,19.61125899106264,67.5435,50.80499999999999,119.547,178.8984375,182.078125
next-20261006,screen-fifth.json,tblgen,ms2-v2,{},True,default,32-63,False,reused,12,,,,,topics/s2-assignment-counts/counts.json,False,True,b563006f96559de44ba351ad51c80b46fa84f7e1709cfc7e78a072cbfa517db7,3ef1d72da621bebe186476692b5570b83c2a163b,original_topic_baseline,f8638be95ae14954ec3b1029e6008128d7a27f1b,f86b31d32fef611be78d0e0e798451f9231e7539,"MS2 owner v2 build; frozen bin/ms2-v2, v1 unchanged",63b068abefeb622662818685a0794d8e5c7e8a5d651213eda3577810ea3369cd,last measured link for case/label,0a5a495c87425612a44d34e3a4600b4b9063c19b0dcf7688ea14db371311b572,"[""taskset"",""-c"",""32-63"",""/home/callen/work/mold-next-20261006/bin/ms2-v2"",""@response.txt"",""-o"",""codex-next.out"",""--no-fork""]",/home/callen/work/mold-bench/wl/tblgen/cur,32,18.184713553637266,19.24696611240506,19.24984995275736,19.24984995275736,73.75049999999999,46.6815,119.195,178.267578125,182.55078125
next-20261006,screen-fifth.json,tblgen,k1,{},True,default,32-63,False,reused,12,,,,,topics/s2-assignment-counts/counts.json,False,True,a1c023acfe43a21a24f38f225beaca6b9502a9b0b6f2096b93696454b12f36e0,6d24b45ab5604dae0f59ef9a937cd603ebb9d9d9,original_topic_baseline,f8638be95ae14954ec3b1029e6008128d7a27f1b,2d620f8723cff42a42d0520c1c297219486f0b2f,K1 parent frozen screen candidate,63b068abefeb622662818685a0794d8e5c7e8a5d651213eda3577810ea3369cd,last measured link for case/label,0a5a495c87425612a44d34e3a4600b4b9063c19b0dcf7688ea14db371311b572,"[""taskset"",""-c"",""32-63"",""/home/callen/work/mold-next-20261006/bin/k1"",""@response.txt"",""-o"",""codex-next.out"",""--no-fork""]",/home/callen/work/mold-bench/wl/tblgen/cur,32,18.62044050358236,20.346103236079216,24.474318139255047,24.474318139255047,70.536,42.034,117.09649999999999,178.37890625,182.20703125
next-20261006,screen-fifth.json,lld,s1-control,{},True,default,32-63,False,reused,32,,,,,topics/s2-assignment-counts/counts.json,False,True,66e147addb1201a8f94e13e183dc88ea2f109cdae56b4570f8338f7d9813c7b8,70291748b5ce53e366d93ecfb4102df9e71eb0a0,original_topic_baseline,f8638be95ae14954ec3b1029e6008128d7a27f1b,50d0578de82177bc9288fd2c902b9e0c45fcab53,S1 owner message; environment distinguishes phase caps,5de7d2ef5dc164818fdbdb3d53d1f433c4bf90a9755bdce13b88e694fafcb763,last measured link for case/label,0a5a495c87425612a44d34e3a4600b4b9063c19b0dcf7688ea14db371311b572,"[""taskset"",""-c"",""32-63"",""/home/callen/work/mold-next-20261006/bin/s1"",""@response.txt"",""-o"",""codex-next.out"",""--no-fork""]",/home/callen/work/mold-bench/wl/lld/cur,32,202.7196534909308,207.1920740418136,223.40491600334644,223.40491600334644,1310.678,4225.478499999999,5563.189,2723.166015625,2751.82421875
next-20261006,screen-fifth.json,lld,s1-copy8,"{""MOLD_PHASE_BUDGET"":""copy:8""}",True,default,32-63,False,reused,32,copy,8,8,True,topics/s2-assignment-counts/counts.json,False,True,66e147addb1201a8f94e13e183dc88ea2f109cdae56b4570f8338f7d9813c7b8,70291748b5ce53e366d93ecfb4102df9e71eb0a0,original_topic_baseline,f8638be95ae14954ec3b1029e6008128d7a27f1b,50d0578de82177bc9288fd2c902b9e0c45fcab53,S1 owner message; environment distinguishes phase caps,5de7d2ef5dc164818fdbdb3d53d1f433c4bf90a9755bdce13b88e694fafcb763,last measured link for case/label,0a5a495c87425612a44d34e3a4600b4b9063c19b0dcf7688ea14db371311b572,"[""taskset"",""-c"",""32-63"",""/home/callen/work/mold-next-20261006/bin/s1"",""@response.txt"",""-o"",""codex-next.out"",""--no-fork""]",/home/callen/work/mold-bench/wl/lld/cur,32,186.32864556275308,194.33860015124083,202.82840309664607,202.82840309664607,1268.4344999999998,1821.9279999999999,3128.9725,2741.373046875,2770.48046875
next-20261006,screen-fifth.json,lld,s1-copy16,"{""MOLD_PHASE_BUDGET"":""copy:16""}",True,default,32-63,False,reused,32,copy,16,16,True,topics/s2-assignment-counts/counts.json,False,True,66e147addb1201a8f94e13e183dc88ea2f109cdae56b4570f8338f7d9813c7b8,70291748b5ce53e366d93ecfb4102df9e71eb0a0,original_topic_baseline,f8638be95ae14954ec3b1029e6008128d7a27f1b,50d0578de82177bc9288fd2c902b9e0c45fcab53,S1 owner message; environment distinguishes phase caps,5de7d2ef5dc164818fdbdb3d53d1f433c4bf90a9755bdce13b88e694fafcb763,last measured link for case/label,0a5a495c87425612a44d34e3a4600b4b9063c19b0dcf7688ea14db371311b572,"[""taskset"",""-c"",""32-63"",""/home/callen/work/mold-next-20261006/bin/s1"",""@response.txt"",""-o"",""codex-next.out"",""--no-fork""]",/home/callen/work/mold-bench/wl/lld/cur,32,204.9031367059797,209.34017840772867,209.52161494642496,209.52161494642496,1283.991,2743.9025,4071.6504999999997,2739.591796875,2759.953125
next-20261006,screen-fifth.json,lld,h1-clean,{},True,default,32-63,False,reused,32,,,,,topics/s2-assignment-counts/counts.json,False,True,0fd060bfbb6d88038ba977feb142dc3682243b7eebb78e5a7377774ae969878e,c35c2fbbb6de046c41df90a3d03464fb1e0619b1,original_topic_baseline,f8638be95ae14954ec3b1029e6008128d7a27f1b,9e09ba9a0edbb137145e04a41041317149894d48,H1 cleaned parent frozen candidate,5de7d2ef5dc164818fdbdb3d53d1f433c4bf90a9755bdce13b88e694fafcb763,last measured link for case/label,0a5a495c87425612a44d34e3a4600b4b9063c19b0dcf7688ea14db371311b572,"[""taskset"",""-c"",""32-63"",""/home/callen/work/mold-next-20261006/bin/h1-clean"",""@response.txt"",""-o"",""codex-next.out"",""--no-fork""]",/home/callen/work/mold-bench/wl/lld/cur,32,185.47238688915968,188.95983509719372,189.63034683838487,189.63034683838487,1326.438,3154.6155,4480.317,2721.29296875,2751.87890625
next-20261006,screen-fifth.json,lld,p1,{},True,default,32-63,False,reused,32,,,,,topics/s2-assignment-counts/counts.json,False,True,be6e3fab81c17a0fc5234823845a45418ab9f2cb64e7d11acfe43f539fd82cc4,e0f2d3e942fc9985b202f8d2f9327d79acd90e78,original_topic_baseline,f8638be95ae14954ec3b1029e6008128d7a27f1b,d5c11653b174fb1a42dab3b725c2cb08b2b2828e,parent message P1 v2,5de7d2ef5dc164818fdbdb3d53d1f433c4bf90a9755bdce13b88e694fafcb763,last measured link for case/label,0a5a495c87425612a44d34e3a4600b4b9063c19b0dcf7688ea14db371311b572,"[""taskset"",""-c"",""32-63"",""/home/callen/work/mold-next-20261006/bin/p1"",""@response.txt"",""-o"",""codex-next.out"",""--no-fork""]",/home/callen/work/mold-bench/wl/lld/cur,32,202.0321460440755,204.98312264680862,205.25173982605338,205.25173982605338,1290.716,4140.375,5458.357,2721.14453125,2751.609375
next-20261006,screen-fifth.json,lld,baseline,{},True,default,32-63,False,reused,32,,,,,topics/s2-assignment-counts/counts.json,False,True,529467bd57e056195fb71065d51881e0265e4bfabd6d879b2563a2ec9172f184,f8638be95ae14954ec3b1029e6008128d7a27f1b,original_topic_baseline,f8638be95ae14954ec3b1029e6008128d7a27f1b,006bcd0f9f50ce2c1d0660c43cf9b03f51534970,parent frozen baseline,5de7d2ef5dc164818fdbdb3d53d1f433c4bf90a9755bdce13b88e694fafcb763,last measured link for case/label,0a5a495c87425612a44d34e3a4600b4b9063c19b0dcf7688ea14db371311b572,"[""taskset"",""-c"",""32-63"",""/home/callen/work/mold-next-20261006/bin/baseline"",""@response.txt"",""-o"",""codex-next.out"",""--no-fork""]",/home/callen/work/mold-bench/wl/lld/cur,32,202.40933541208506,207.45505904778838,214.93803802877665,214.93803802877665,1294.7005,4148.045,5429.295,2724.46484375,2748.63671875
next-20261006,screen-fifth.json,lld,ms2-v2,{},True,default,32-63,False,reused,32,,,,,topics/s2-assignment-counts/counts.json,False,True,b563006f96559de44ba351ad51c80b46fa84f7e1709cfc7e78a072cbfa517db7,3ef1d72da621bebe186476692b5570b83c2a163b,original_topic_baseline,f8638be95ae14954ec3b1029e6008128d7a27f1b,f86b31d32fef611be78d0e0e798451f9231e7539,"MS2 owner v2 build; frozen bin/ms2-v2, v1 unchanged",5de7d2ef5dc164818fdbdb3d53d1f433c4bf90a9755bdce13b88e694fafcb763,last measured link for case/label,0a5a495c87425612a44d34e3a4600b4b9063c19b0dcf7688ea14db371311b572,"[""taskset"",""-c"",""32-63"",""/home/callen/work/mold-next-20261006/bin/ms2-v2"",""@response.txt"",""-o"",""codex-next.out"",""--no-fork""]",/home/callen/work/mold-bench/wl/lld/cur,32,202.1420521195978,205.42657608166337,206.5140651538968,206.5140651538968,1309.2275,4165.8685000000005,5500.5435,2725.908203125,2762.55078125
next-20261006,screen-fifth.json,lld,k1,{},True,default,32-63,False,reused,32,,,,,topics/s2-assignment-counts/counts.json,False,True,a1c023acfe43a21a24f38f225beaca6b9502a9b0b6f2096b93696454b12f36e0,6d24b45ab5604dae0f59ef9a937cd603ebb9d9d9,original_topic_baseline,f8638be95ae14954ec3b1029e6008128d7a27f1b,2d620f8723cff42a42d0520c1c297219486f0b2f,K1 parent frozen screen candidate,5de7d2ef5dc164818fdbdb3d53d1f433c4bf90a9755bdce13b88e694fafcb763,last measured link for case/label,0a5a495c87425612a44d34e3a4600b4b9063c19b0dcf7688ea14db371311b572,"[""taskset"",""-c"",""32-63"",""/home/callen/work/mold-next-20261006/bin/k1"",""@response.txt"",""-o"",""codex-next.out"",""--no-fork""]",/home/callen/work/mold-bench/wl/lld/cur,32,186.0464916098863,194.32692788541317,230.14812590554357,230.14812590554357,1448.8905,1473.2414999999999,2943.9415,2728.546875,2744.5234375
next-20261006,screen-fifth.json,clang,s1-control,{},True,default,32-63,False,reused,32,,,,,topics/s2-assignment-counts/counts.json,False,True,66e147addb1201a8f94e13e183dc88ea2f109cdae56b4570f8338f7d9813c7b8,70291748b5ce53e366d93ecfb4102df9e71eb0a0,original_topic_baseline,f8638be95ae14954ec3b1029e6008128d7a27f1b,50d0578de82177bc9288fd2c902b9e0c45fcab53,S1 owner message; environment distinguishes phase caps,3fa34d9efa75ab05e4a553e9116f5943bd6a3defa8ba3b3c017b1aef37216c88,last measured link for case/label,0a5a495c87425612a44d34e3a4600b4b9063c19b0dcf7688ea14db371311b572,"[""taskset"",""-c"",""32-63"",""/home/callen/work/mold-next-20261006/bin/s1"",""@response.txt"",""-o"",""codex-next.out"",""--no-fork""]",/home/callen/work/mold-bench/wl/clang.d,32,210.32361034303904,233.77252276986837,238.0641596391797,238.0641596391797,2138.184,2774.4759999999997,4927.522000000001,4709.228515625,4743.07421875
next-20261006,screen-fifth.json,clang,s1-copy8,"{""MOLD_PHASE_BUDGET"":""copy:8""}",True,default,32-63,False,reused,32,copy,8,8,True,topics/s2-assignment-counts/counts.json,False,True,66e147addb1201a8f94e13e183dc88ea2f109cdae56b4570f8338f7d9813c7b8,70291748b5ce53e366d93ecfb4102df9e71eb0a0,original_topic_baseline,f8638be95ae14954ec3b1029e6008128d7a27f1b,50d0578de82177bc9288fd2c902b9e0c45fcab53,S1 owner message; environment distinguishes phase caps,3fa34d9efa75ab05e4a553e9116f5943bd6a3defa8ba3b3c017b1aef37216c88,last measured link for case/label,0a5a495c87425612a44d34e3a4600b4b9063c19b0dcf7688ea14db371311b572,"[""taskset"",""-c"",""32-63"",""/home/callen/work/mold-next-20261006/bin/s1"",""@response.txt"",""-o"",""codex-next.out"",""--no-fork""]",/home/callen/work/mold-bench/wl/clang.d,32,214.57427204586565,237.691018730402,239.83164923265576,239.83164923265576,2051.299,1418.9340000000002,3481.1875,4713.265625,4747.42578125
next-20261006,screen-fifth.json,clang,s1-copy16,"{""MOLD_PHASE_BUDGET"":""copy:16""}",True,default,32-63,False,reused,32,copy,16,16,True,topics/s2-assignment-counts/counts.json,False,True,66e147addb1201a8f94e13e183dc88ea2f109cdae56b4570f8338f7d9813c7b8,70291748b5ce53e366d93ecfb4102df9e71eb0a0,original_topic_baseline,f8638be95ae14954ec3b1029e6008128d7a27f1b,50d0578de82177bc9288fd2c902b9e0c45fcab53,S1 owner message; environment distinguishes phase caps,3fa34d9efa75ab05e4a553e9116f5943bd6a3defa8ba3b3c017b1aef37216c88,last measured link for case/label,0a5a495c87425612a44d34e3a4600b4b9063c19b0dcf7688ea14db371311b572,"[""taskset"",""-c"",""32-63"",""/home/callen/work/mold-next-20261006/bin/s1"",""@response.txt"",""-o"",""codex-next.out"",""--no-fork""]",/home/callen/work/mold-bench/wl/clang.d,32,211.54034906066954,223.27120834961534,224.88951915875077,224.88951915875077,2110.1634999999997,1991.8805000000002,4143.68,4711.244140625,4743.4921875
next-20261006,screen-fifth.json,clang,h1-clean,{},True,default,32-63,False,reused,32,,,,,topics/s2-assignment-counts/counts.json,False,True,0fd060bfbb6d88038ba977feb142dc3682243b7eebb78e5a7377774ae969878e,c35c2fbbb6de046c41df90a3d03464fb1e0619b1,original_topic_baseline,f8638be95ae14954ec3b1029e6008128d7a27f1b,9e09ba9a0edbb137145e04a41041317149894d48,H1 cleaned parent frozen candidate,3fa34d9efa75ab05e4a553e9116f5943bd6a3defa8ba3b3c017b1aef37216c88,last measured link for case/label,0a5a495c87425612a44d34e3a4600b4b9063c19b0dcf7688ea14db371311b572,"[""taskset"",""-c"",""32-63"",""/home/callen/work/mold-next-20261006/bin/h1-clean"",""@response.txt"",""-o"",""codex-next.out"",""--no-fork""]",/home/callen/work/mold-bench/wl/clang.d,32,199.66287608258426,214.42879596725106,220.57829005643725,220.57829005643725,2174.048,1816.4195,3998.092,4703.15234375,4730.6875
next-20261006,screen-fifth.json,clang,p1,{},True,default,32-63,False,reused,32,,,,,topics/s2-assignment-counts/counts.json,False,True,be6e3fab81c17a0fc5234823845a45418ab9f2cb64e7d11acfe43f539fd82cc4,e0f2d3e942fc9985b202f8d2f9327d79acd90e78,original_topic_baseline,f8638be95ae14954ec3b1029e6008128d7a27f1b,d5c11653b174fb1a42dab3b725c2cb08b2b2828e,parent message P1 v2,3fa34d9efa75ab05e4a553e9116f5943bd6a3defa8ba3b3c017b1aef37216c88,last measured link for case/label,0a5a495c87425612a44d34e3a4600b4b9063c19b0dcf7688ea14db371311b572,"[""taskset"",""-c"",""32-63"",""/home/callen/work/mold-next-20261006/bin/p1"",""@response.txt"",""-o"",""codex-next.out"",""--no-fork""]",/home/callen/work/mold-bench/wl/clang.d,32,207.20541663467884,216.33186005055904,218.83256314322352,218.83256314322352,2125.4065,2594.5964999999997,4669.8215,4703.013671875,4729.33203125
next-20261006,screen-fifth.json,clang,baseline,{},True,default,32-63,False,reused,32,,,,,topics/s2-assignment-counts/counts.json,False,True,529467bd57e056195fb71065d51881e0265e4bfabd6d879b2563a2ec9172f184,f8638be95ae14954ec3b1029e6008128d7a27f1b,original_topic_baseline,f8638be95ae14954ec3b1029e6008128d7a27f1b,006bcd0f9f50ce2c1d0660c43cf9b03f51534970,parent frozen baseline,3fa34d9efa75ab05e4a553e9116f5943bd6a3defa8ba3b3c017b1aef37216c88,last measured link for case/label,0a5a495c87425612a44d34e3a4600b4b9063c19b0dcf7688ea14db371311b572,"[""taskset"",""-c"",""32-63"",""/home/callen/work/mold-next-20261006/bin/baseline"",""@response.txt"",""-o"",""codex-next.out"",""--no-fork""]",/home/callen/work/mold-bench/wl/clang.d,32,209.1645400505513,220.77346127480268,222.7380066178739,222.7380066178739,2137.8125,2958.0115,5100.905500000001,4704.93359375,4733.31640625
next-20261006,screen-fifth.json,clang,ms2-v2,{},True,default,32-63,False,reused,32,,,,,topics/s2-assignment-counts/counts.json,False,True,b563006f96559de44ba351ad51c80b46fa84f7e1709cfc7e78a072cbfa517db7,3ef1d72da621bebe186476692b5570b83c2a163b,original_topic_baseline,f8638be95ae14954ec3b1029e6008128d7a27f1b,f86b31d32fef611be78d0e0e798451f9231e7539,"MS2 owner v2 build; frozen bin/ms2-v2, v1 unchanged",3fa34d9efa75ab05e4a553e9116f5943bd6a3defa8ba3b3c017b1aef37216c88,last measured link for case/label,0a5a495c87425612a44d34e3a4600b4b9063c19b0dcf7688ea14db371311b572,"[""taskset"",""-c"",""32-63"",""/home/callen/work/mold-next-20261006/bin/ms2-v2"",""@response.txt"",""-o"",""codex-next.out"",""--no-fork""]",/home/callen/work/mold-bench/wl/clang.d,32,209.80505947954953,216.31131507456303,220.71313904598355,220.71313904598355,2129.2654999999995,2750.74,4811.519,4703.861328125,4733.2265625
next-20261006,screen-fifth.json,clang,k1,{},True,default,32-63,False,reused,32,,,,,topics/s2-assignment-counts/counts.json,False,True,a1c023acfe43a21a24f38f225beaca6b9502a9b0b6f2096b93696454b12f36e0,6d24b45ab5604dae0f59ef9a937cd603ebb9d9d9,original_topic_baseline,f8638be95ae14954ec3b1029e6008128d7a27f1b,2d620f8723cff42a42d0520c1c297219486f0b2f,K1 parent frozen screen candidate,3fa34d9efa75ab05e4a553e9116f5943bd6a3defa8ba3b3c017b1aef37216c88,last measured link for case/label,0a5a495c87425612a44d34e3a4600b4b9063c19b0dcf7688ea14db371311b572,"[""taskset"",""-c"",""32-63"",""/home/callen/work/mold-next-20261006/bin/k1"",""@response.txt"",""-o"",""codex-next.out"",""--no-fork""]",/home/callen/work/mold-bench/wl/clang.d,32,238.94278681837022,271.08767442405224,283.5770472884178,283.5770472884178,2290.9,1240.7269999999999,3551.6315,4703.07421875,4733.8046875
next-20261006,screen-fifth.json,clang-s,s1-control,{},True,default,32-63,False,reused,32,,,,,topics/s2-assignment-counts/counts.json,False,True,66e147addb1201a8f94e13e183dc88ea2f109cdae56b4570f8338f7d9813c7b8,70291748b5ce53e366d93ecfb4102df9e71eb0a0,original_topic_baseline,f8638be95ae14954ec3b1029e6008128d7a27f1b,50d0578de82177bc9288fd2c902b9e0c45fcab53,S1 owner message; environment distinguishes phase caps,982ccb2f6847c86c8c5fc9e63631c3b3fb4276b3ecf4a808c55100a032a80c28,last measured link for case/label,0a5a495c87425612a44d34e3a4600b4b9063c19b0dcf7688ea14db371311b572,"[""taskset"",""-c"",""32-63"",""/home/callen/work/mold-next-20261006/bin/s1"",""@response.txt"",""-o"",""codex-next.out"",""--no-fork"",""--strip-debug""]",/home/callen/work/mold-bench/wl/clang.d,32,55.87606178596616,65.36474358290434,67.31406226754189,67.31406226754189,873.246,242.977,1122.7385,1368.806640625,1386.01953125
next-20261006,screen-fifth.json,clang-s,s1-copy8,"{""MOLD_PHASE_BUDGET"":""copy:8""}",True,default,32-63,False,reused,32,copy,8,8,True,topics/s2-assignment-counts/counts.json,False,True,66e147addb1201a8f94e13e183dc88ea2f109cdae56b4570f8338f7d9813c7b8,70291748b5ce53e366d93ecfb4102df9e71eb0a0,original_topic_baseline,f8638be95ae14954ec3b1029e6008128d7a27f1b,50d0578de82177bc9288fd2c902b9e0c45fcab53,S1 owner message; environment distinguishes phase caps,982ccb2f6847c86c8c5fc9e63631c3b3fb4276b3ecf4a808c55100a032a80c28,last measured link for case/label,0a5a495c87425612a44d34e3a4600b4b9063c19b0dcf7688ea14db371311b572,"[""taskset"",""-c"",""32-63"",""/home/callen/work/mold-next-20261006/bin/s1"",""@response.txt"",""-o"",""codex-next.out"",""--no-fork"",""--strip-debug""]",/home/callen/work/mold-bench/wl/clang.d,32,64.07041708007455,72.04926433041692,72.23847089335322,72.23847089335322,816.406,253.0075,1082.4505,1368.515625,1391.14453125
next-20261006,screen-fifth.json,clang-s,s1-copy16,"{""MOLD_PHASE_BUDGET"":""copy:16""}",True,default,32-63,False,reused,32,copy,16,16,True,topics/s2-assignment-counts/counts.json,False,True,66e147addb1201a8f94e13e183dc88ea2f109cdae56b4570f8338f7d9813c7b8,70291748b5ce53e366d93ecfb4102df9e71eb0a0,original_topic_baseline,f8638be95ae14954ec3b1029e6008128d7a27f1b,50d0578de82177bc9288fd2c902b9e0c45fcab53,S1 owner message; environment distinguishes phase caps,982ccb2f6847c86c8c5fc9e63631c3b3fb4276b3ecf4a808c55100a032a80c28,last measured link for case/label,0a5a495c87425612a44d34e3a4600b4b9063c19b0dcf7688ea14db371311b572,"[""taskset"",""-c"",""32-63"",""/home/callen/work/mold-next-20261006/bin/s1"",""@response.txt"",""-o"",""codex-next.out"",""--no-fork"",""--strip-debug""]",/home/callen/work/mold-bench/wl/clang.d,32,59.48685901239514,64.86998498439789,66.75516394898295,66.75516394898295,829.9644999999999,257.00800000000004,1097.5555,1373.970703125,1390.4765625
next-20261006,screen-fifth.json,clang-s,h1-clean,{},True,default,32-63,False,reused,32,,,,,topics/s2-assignment-counts/counts.json,False,True,0fd060bfbb6d88038ba977feb142dc3682243b7eebb78e5a7377774ae969878e,c35c2fbbb6de046c41df90a3d03464fb1e0619b1,original_topic_baseline,f8638be95ae14954ec3b1029e6008128d7a27f1b,9e09ba9a0edbb137145e04a41041317149894d48,H1 cleaned parent frozen candidate,982ccb2f6847c86c8c5fc9e63631c3b3fb4276b3ecf4a808c55100a032a80c28,last measured link for case/label,0a5a495c87425612a44d34e3a4600b4b9063c19b0dcf7688ea14db371311b572,"[""taskset"",""-c"",""32-63"",""/home/callen/work/mold-next-20261006/bin/h1-clean"",""@response.txt"",""-o"",""codex-next.out"",""--no-fork"",""--strip-debug""]",/home/callen/work/mold-bench/wl/clang.d,32,56.99937092140317,63.097406178712845,66.41628872603178,66.41628872603178,870.2345,237.275,1113.665,1368.1015625,1389.0
next-20261006,screen-fifth.json,clang-s,p1,{},True,default,32-63,False,reused,32,,,,,topics/s2-assignment-counts/counts.json,False,True,be6e3fab81c17a0fc5234823845a45418ab9f2cb64e7d11acfe43f539fd82cc4,e0f2d3e942fc9985b202f8d2f9327d79acd90e78,original_topic_baseline,f8638be95ae14954ec3b1029e6008128d7a27f1b,d5c11653b174fb1a42dab3b725c2cb08b2b2828e,parent message P1 v2,982ccb2f6847c86c8c5fc9e63631c3b3fb4276b3ecf4a808c55100a032a80c28,last measured link for case/label,0a5a495c87425612a44d34e3a4600b4b9063c19b0dcf7688ea14db371311b572,"[""taskset"",""-c"",""32-63"",""/home/callen/work/mold-next-20261006/bin/p1"",""@response.txt"",""-o"",""codex-next.out"",""--no-fork"",""--strip-debug""]",/home/callen/work/mold-bench/wl/clang.d,32,56.09283596277237,66.24237727373838,67.5267749466002,67.5267749466002,879.9694999999999,234.17499999999998,1113.6909999999998,1368.044921875,1387.09765625
next-20261006,screen-fifth.json,clang-s,baseline,{},True,default,32-63,False,reused,32,,,,,topics/s2-assignment-counts/counts.json,False,True,529467bd57e056195fb71065d51881e0265e4bfabd6d879b2563a2ec9172f184,f8638be95ae14954ec3b1029e6008128d7a27f1b,original_topic_baseline,f8638be95ae14954ec3b1029e6008128d7a27f1b,006bcd0f9f50ce2c1d0660c43cf9b03f51534970,parent frozen baseline,982ccb2f6847c86c8c5fc9e63631c3b3fb4276b3ecf4a808c55100a032a80c28,last measured link for case/label,0a5a495c87425612a44d34e3a4600b4b9063c19b0dcf7688ea14db371311b572,"[""taskset"",""-c"",""32-63"",""/home/callen/work/mold-next-20261006/bin/baseline"",""@response.txt"",""-o"",""codex-next.out"",""--no-fork"",""--strip-debug""]",/home/callen/work/mold-bench/wl/clang.d,32,56.167884496971965,64.25752583891153,66.02316303178668,66.02316303178668,857.5284999999999,242.30399999999997,1114.9134999999999,1368.720703125,1385.21875
next-20261006,screen-fifth.json,clang-s,ms2-v2,{},True,default,32-63,False,reused,32,,,,,topics/s2-assignment-counts/counts.json,False,True,b563006f96559de44ba351ad51c80b46fa84f7e1709cfc7e78a072cbfa517db7,3ef1d72da621bebe186476692b5570b83c2a163b,original_topic_baseline,f8638be95ae14954ec3b1029e6008128d7a27f1b,f86b31d32fef611be78d0e0e798451f9231e7539,"MS2 owner v2 build; frozen bin/ms2-v2, v1 unchanged",982ccb2f6847c86c8c5fc9e63631c3b3fb4276b3ecf4a808c55100a032a80c28,last measured link for case/label,0a5a495c87425612a44d34e3a4600b4b9063c19b0dcf7688ea14db371311b572,"[""taskset"",""-c"",""32-63"",""/home/callen/work/mold-next-20261006/bin/ms2-v2"",""@response.txt"",""-o"",""codex-next.out"",""--no-fork"",""--strip-debug""]",/home/callen/work/mold-bench/wl/clang.d,32,56.618477916345,67.08208983764052,67.76374438777566,67.76374438777566,849.008,250.3345,1108.3135,1375.125,1385.42578125
next-20261006,screen-fifth.json,clang-s,k1,{},True,default,32-63,False,reused,32,,,,,topics/s2-assignment-counts/counts.json,False,True,a1c023acfe43a21a24f38f225beaca6b9502a9b0b6f2096b93696454b12f36e0,6d24b45ab5604dae0f59ef9a937cd603ebb9d9d9,original_topic_baseline,f8638be95ae14954ec3b1029e6008128d7a27f1b,2d620f8723cff42a42d0520c1c297219486f0b2f,K1 parent frozen screen candidate,982ccb2f6847c86c8c5fc9e63631c3b3fb4276b3ecf4a808c55100a032a80c28,last measured link for case/label,0a5a495c87425612a44d34e3a4600b4b9063c19b0dcf7688ea14db371311b572,"[""taskset"",""-c"",""32-63"",""/home/callen/work/mold-next-20261006/bin/k1"",""@response.txt"",""-o"",""codex-next.out"",""--no-fork"",""--strip-debug""]",/home/callen/work/mold-bench/wl/clang.d,32,60.79570855945349,72.15187000110745,72.28573318570852,72.28573318570852,878.228,238.3705,1125.6154999999999,1364.5703125,1387.1640625
next-20261006,screen-fifth.json,ra,s1-control,{},True,default,32-63,False,reused,32,,,,,topics/s2-assignment-counts/counts.json,False,True,66e147addb1201a8f94e13e183dc88ea2f109cdae56b4570f8338f7d9813c7b8,70291748b5ce53e366d93ecfb4102df9e71eb0a0,original_topic_baseline,f8638be95ae14954ec3b1029e6008128d7a27f1b,50d0578de82177bc9288fd2c902b9e0c45fcab53,S1 owner message; environment distinguishes phase caps,c54bb48368d1b75376996429c790ab2e8895d835a4a9c466d93bfa77274d4947,last measured link for case/label,0a5a495c87425612a44d34e3a4600b4b9063c19b0dcf7688ea14db371311b572,"[""taskset"",""-c"",""32-63"",""/home/callen/work/mold-next-20261006/bin/s1"",""@response.txt"",""-o"",""codex-next.out"",""--no-fork""]",/home/callen/work/mold-bench/wl/ra.d,32,132.44117656722665,150.2699968405068,157.62375760823488,157.62375760823488,1999.1544999999999,361.40149999999994,2378.2655000000004,2013.615234375,2032.7734375
next-20261006,screen-fifth.json,ra,s1-copy8,"{""MOLD_PHASE_BUDGET"":""copy:8""}",True,default,32-63,False,reused,32,copy,8,8,True,topics/s2-assignment-counts/counts.json,False,True,66e147addb1201a8f94e13e183dc88ea2f109cdae56b4570f8338f7d9813c7b8,70291748b5ce53e366d93ecfb4102df9e71eb0a0,original_topic_baseline,f8638be95ae14954ec3b1029e6008128d7a27f1b,50d0578de82177bc9288fd2c902b9e0c45fcab53,S1 owner message; environment distinguishes phase caps,c54bb48368d1b75376996429c790ab2e8895d835a4a9c466d93bfa77274d4947,last measured link for case/label,0a5a495c87425612a44d34e3a4600b4b9063c19b0dcf7688ea14db371311b572,"[""taskset"",""-c"",""32-63"",""/home/callen/work/mold-next-20261006/bin/s1"",""@response.txt"",""-o"",""codex-next.out"",""--no-fork""]",/home/callen/work/mold-bench/wl/ra.d,32,153.62664707936347,167.66724409535527,167.93070686981082,167.93070686981082,1892.8155000000002,352.8544999999999,2239.2015,2020.359375,2043.484375
next-20261006,screen-fifth.json,ra,s1-copy16,"{""MOLD_PHASE_BUDGET"":""copy:16""}",True,default,32-63,False,reused,32,copy,16,16,True,topics/s2-assignment-counts/counts.json,False,True,66e147addb1201a8f94e13e183dc88ea2f109cdae56b4570f8338f7d9813c7b8,70291748b5ce53e366d93ecfb4102df9e71eb0a0,original_topic_baseline,f8638be95ae14954ec3b1029e6008128d7a27f1b,50d0578de82177bc9288fd2c902b9e0c45fcab53,S1 owner message; environment distinguishes phase caps,c54bb48368d1b75376996429c790ab2e8895d835a4a9c466d93bfa77274d4947,last measured link for case/label,0a5a495c87425612a44d34e3a4600b4b9063c19b0dcf7688ea14db371311b572,"[""taskset"",""-c"",""32-63"",""/home/callen/work/mold-next-20261006/bin/s1"",""@response.txt"",""-o"",""codex-next.out"",""--no-fork""]",/home/callen/work/mold-bench/wl/ra.d,32,138.52050411514938,156.20371932163835,158.63708406686783,158.63708406686783,1927.721,362.61299999999994,2302.928,2026.04296875,2046.5859375
next-20261006,screen-fifth.json,ra,h1-clean,{},True,default,32-63,False,reused,32,,,,,topics/s2-assignment-counts/counts.json,False,True,0fd060bfbb6d88038ba977feb142dc3682243b7eebb78e5a7377774ae969878e,c35c2fbbb6de046c41df90a3d03464fb1e0619b1,original_topic_baseline,f8638be95ae14954ec3b1029e6008128d7a27f1b,9e09ba9a0edbb137145e04a41041317149894d48,H1 cleaned parent frozen candidate,c54bb48368d1b75376996429c790ab2e8895d835a4a9c466d93bfa77274d4947,last measured link for case/label,0a5a495c87425612a44d34e3a4600b4b9063c19b0dcf7688ea14db371311b572,"[""taskset"",""-c"",""32-63"",""/home/callen/work/mold-next-20261006/bin/h1-clean"",""@response.txt"",""-o"",""codex-next.out"",""--no-fork""]",/home/callen/work/mold-bench/wl/ra.d,32,134.39174788072705,163.14829187467694,167.72424802184105,167.72424802184105,2029.0805,355.5535,2389.9739999999997,2016.3828125,2033.91015625
next-20261006,screen-fifth.json,ra,p1,{},True,default,32-63,False,reused,32,,,,,topics/s2-assignment-counts/counts.json,False,True,be6e3fab81c17a0fc5234823845a45418ab9f2cb64e7d11acfe43f539fd82cc4,e0f2d3e942fc9985b202f8d2f9327d79acd90e78,original_topic_baseline,f8638be95ae14954ec3b1029e6008128d7a27f1b,d5c11653b174fb1a42dab3b725c2cb08b2b2828e,parent message P1 v2,c54bb48368d1b75376996429c790ab2e8895d835a4a9c466d93bfa77274d4947,last measured link for case/label,0a5a495c87425612a44d34e3a4600b4b9063c19b0dcf7688ea14db371311b572,"[""taskset"",""-c"",""32-63"",""/home/callen/work/mold-next-20261006/bin/p1"",""@response.txt"",""-o"",""codex-next.out"",""--no-fork""]",/home/callen/work/mold-bench/wl/ra.d,32,136.59509574063122,168.76242775470018,171.83918599039316,171.83918599039316,1982.9825,378.371,2381.787,2020.3125,2043.64453125
next-20261006,screen-fifth.json,ra,baseline,{},True,default,32-63,False,reused,32,,,,,topics/s2-assignment-counts/counts.json,False,True,529467bd57e056195fb71065d51881e0265e4bfabd6d879b2563a2ec9172f184,f8638be95ae14954ec3b1029e6008128d7a27f1b,original_topic_baseline,f8638be95ae14954ec3b1029e6008128d7a27f1b,006bcd0f9f50ce2c1d0660c43cf9b03f51534970,parent frozen baseline,c54bb48368d1b75376996429c790ab2e8895d835a4a9c466d93bfa77274d4947,last measured link for case/label,0a5a495c87425612a44d34e3a4600b4b9063c19b0dcf7688ea14db371311b572,"[""taskset"",""-c"",""32-63"",""/home/callen/work/mold-next-20261006/bin/baseline"",""@response.txt"",""-o"",""codex-next.out"",""--no-fork""]",/home/callen/work/mold-bench/wl/ra.d,32,134.52447508461773,162.1718369424343,162.43293089792132,162.43293089792132,1980.9745,373.5775,2370.8625,2017.103515625,2031.203125
next-20261006,screen-fifth.json,ra,ms2-v2,{},True,default,32-63,False,reused,32,,,,,topics/s2-assignment-counts/counts.json,False,True,b563006f96559de44ba351ad51c80b46fa84f7e1709cfc7e78a072cbfa517db7,3ef1d72da621bebe186476692b5570b83c2a163b,original_topic_baseline,f8638be95ae14954ec3b1029e6008128d7a27f1b,f86b31d32fef611be78d0e0e798451f9231e7539,"MS2 owner v2 build; frozen bin/ms2-v2, v1 unchanged",c54bb48368d1b75376996429c790ab2e8895d835a4a9c466d93bfa77274d4947,last measured link for case/label,0a5a495c87425612a44d34e3a4600b4b9063c19b0dcf7688ea14db371311b572,"[""taskset"",""-c"",""32-63"",""/home/callen/work/mold-next-20261006/bin/ms2-v2"",""@response.txt"",""-o"",""codex-next.out"",""--no-fork""]",/home/callen/work/mold-bench/wl/ra.d,32,132.47454329393804,158.3975669927895,160.95789289101958,160.95789289101958,2026.6625,379.159,2370.2625,2017.341796875,2034.41015625
next-20261006,screen-fifth.json,ra,k1,{},True,default,32-63,False,reused,32,,,,,topics/s2-assignment-counts/counts.json,False,True,a1c023acfe43a21a24f38f225beaca6b9502a9b0b6f2096b93696454b12f36e0,6d24b45ab5604dae0f59ef9a937cd603ebb9d9d9,original_topic_baseline,f8638be95ae14954ec3b1029e6008128d7a27f1b,2d620f8723cff42a42d0520c1c297219486f0b2f,K1 parent frozen screen candidate,c54bb48368d1b75376996429c790ab2e8895d835a4a9c466d93bfa77274d4947,last measured link for case/label,0a5a495c87425612a44d34e3a4600b4b9063c19b0dcf7688ea14db371311b572,"[""taskset"",""-c"",""32-63"",""/home/callen/work/mold-next-20261006/bin/k1"",""@response.txt"",""-o"",""codex-next.out"",""--no-fork""]",/home/callen/work/mold-bench/wl/ra.d,32,152.32698991894722,173.57274005189538,175.1724029891193,175.1724029891193,1996.5065,370.123,2374.9984999999997,2010.494140625,2030.30859375
next-20261006,screen-fifth.json,ra-s,s1-control,{},True,default,32-63,False,reused,32,,,,,topics/s2-assignment-counts/counts.json,False,True,66e147addb1201a8f94e13e183dc88ea2f109cdae56b4570f8338f7d9813c7b8,70291748b5ce53e366d93ecfb4102df9e71eb0a0,original_topic_baseline,f8638be95ae14954ec3b1029e6008128d7a27f1b,50d0578de82177bc9288fd2c902b9e0c45fcab53,S1 owner message; environment distinguishes phase caps,5b7b53af257f19a253831ab081923075b0f10190728da4aa399eab3b15860b6c,last measured link for case/label,0a5a495c87425612a44d34e3a4600b4b9063c19b0dcf7688ea14db371311b572,"[""taskset"",""-c"",""32-63"",""/home/callen/work/mold-next-20261006/bin/s1"",""@response.txt"",""-o"",""codex-next.out"",""--no-fork"",""--strip-debug""]",/home/callen/work/mold-bench/wl/ra.d,32,108.87073935009539,117.69867269322276,119.3761988542974,119.3761988542974,1663.5194999999999,320.6685,1984.5454999999997,1416.525390625,1439.40234375
next-20261006,screen-fifth.json,ra-s,s1-copy8,"{""MOLD_PHASE_BUDGET"":""copy:8""}",True,default,32-63,False,reused,32,copy,8,8,True,topics/s2-assignment-counts/counts.json,False,True,66e147addb1201a8f94e13e183dc88ea2f109cdae56b4570f8338f7d9813c7b8,70291748b5ce53e366d93ecfb4102df9e71eb0a0,original_topic_baseline,f8638be95ae14954ec3b1029e6008128d7a27f1b,50d0578de82177bc9288fd2c902b9e0c45fcab53,S1 owner message; environment distinguishes phase caps,5b7b53af257f19a253831ab081923075b0f10190728da4aa399eab3b15860b6c,last measured link for case/label,0a5a495c87425612a44d34e3a4600b4b9063c19b0dcf7688ea14db371311b572,"[""taskset"",""-c"",""32-63"",""/home/callen/work/mold-next-20261006/bin/s1"",""@response.txt"",""-o"",""codex-next.out"",""--no-fork"",""--strip-debug""]",/home/callen/work/mold-bench/wl/ra.d,32,117.09791352041066,125.81392331048846,161.39298165217042,161.39298165217042,1600.7345,322.96649999999994,1926.5099999999998,1423.69921875,1436.109375
next-20261006,screen-fifth.json,ra-s,s1-copy16,"{""MOLD_PHASE_BUDGET"":""copy:16""}",True,default,32-63,False,reused,32,copy,16,16,True,topics/s2-assignment-counts/counts.json,False,True,66e147addb1201a8f94e13e183dc88ea2f109cdae56b4570f8338f7d9813c7b8,70291748b5ce53e366d93ecfb4102df9e71eb0a0,original_topic_baseline,f8638be95ae14954ec3b1029e6008128d7a27f1b,50d0578de82177bc9288fd2c902b9e0c45fcab53,S1 owner message; environment distinguishes phase caps,5b7b53af257f19a253831ab081923075b0f10190728da4aa399eab3b15860b6c,last measured link for case/label,0a5a495c87425612a44d34e3a4600b4b9063c19b0dcf7688ea14db371311b572,"[""taskset"",""-c"",""32-63"",""/home/callen/work/mold-next-20261006/bin/s1"",""@response.txt"",""-o"",""codex-next.out"",""--no-fork"",""--strip-debug""]",/home/callen/work/mold-bench/wl/ra.d,32,110.56501045823097,122.91142204776406,127.89512192830443,127.89512192830443,1633.705,322.373,1956.6245,1425.984375,1440.8203125
next-20261006,screen-fifth.json,ra-s,h1-clean,{},True,default,32-63,False,reused,32,,,,,topics/s2-assignment-counts/counts.json,False,True,0fd060bfbb6d88038ba977feb142dc3682243b7eebb78e5a7377774ae969878e,c35c2fbbb6de046c41df90a3d03464fb1e0619b1,original_topic_baseline,f8638be95ae14954ec3b1029e6008128d7a27f1b,9e09ba9a0edbb137145e04a41041317149894d48,H1 cleaned parent frozen candidate,5b7b53af257f19a253831ab081923075b0f10190728da4aa399eab3b15860b6c,last measured link for case/label,0a5a495c87425612a44d34e3a4600b4b9063c19b0dcf7688ea14db371311b572,"[""taskset"",""-c"",""32-63"",""/home/callen/work/mold-next-20261006/bin/h1-clean"",""@response.txt"",""-o"",""codex-next.out"",""--no-fork"",""--strip-debug""]",/home/callen/work/mold-bench/wl/ra.d,32,109.41430786624551,118.30435274168849,126.70254334807396,126.70254334807396,1636.7635,320.7815,1980.3939999999998,1414.419921875,1435.55859375
next-20261006,screen-fifth.json,ra-s,p1,{},True,default,32-63,False,reused,32,,,,,topics/s2-assignment-counts/counts.json,False,True,be6e3fab81c17a0fc5234823845a45418ab9f2cb64e7d11acfe43f539fd82cc4,e0f2d3e942fc9985b202f8d2f9327d79acd90e78,original_topic_baseline,f8638be95ae14954ec3b1029e6008128d7a27f1b,d5c11653b174fb1a42dab3b725c2cb08b2b2828e,parent message P1 v2,5b7b53af257f19a253831ab081923075b0f10190728da4aa399eab3b15860b6c,last measured link for case/label,0a5a495c87425612a44d34e3a4600b4b9063c19b0dcf7688ea14db371311b572,"[""taskset"",""-c"",""32-63"",""/home/callen/work/mold-next-20261006/bin/p1"",""@response.txt"",""-o"",""codex-next.out"",""--no-fork"",""--strip-debug""]",/home/callen/work/mold-bench/wl/ra.d,32,109.74776465445757,117.67346691340208,119.62844990193844,119.62844990193844,1645.3294999999998,323.53499999999997,1981.9515,1416.412109375,1439.2109375
next-20261006,screen-fifth.json,ra-s,baseline,{},True,default,32-63,False,reused,32,,,,,topics/s2-assignment-counts/counts.json,False,True,529467bd57e056195fb71065d51881e0265e4bfabd6d879b2563a2ec9172f184,f8638be95ae14954ec3b1029e6008128d7a27f1b,original_topic_baseline,f8638be95ae14954ec3b1029e6008128d7a27f1b,006bcd0f9f50ce2c1d0660c43cf9b03f51534970,parent frozen baseline,5b7b53af257f19a253831ab081923075b0f10190728da4aa399eab3b15860b6c,last measured link for case/label,0a5a495c87425612a44d34e3a4600b4b9063c19b0dcf7688ea14db371311b572,"[""taskset"",""-c"",""32-63"",""/home/callen/work/mold-next-20261006/bin/baseline"",""@response.txt"",""-o"",""codex-next.out"",""--no-fork"",""--strip-debug""]",/home/callen/work/mold-bench/wl/ra.d,32,108.79038646817207,118.6853819526732,119.14591025561094,119.14591025561094,1655.761,312.495,1978.4139999999998,1418.490234375,1434.859375
next-20261006,screen-fifth.json,ra-s,ms2-v2,{},True,default,32-63,False,reused,32,,,,,topics/s2-assignment-counts/counts.json,False,True,b563006f96559de44ba351ad51c80b46fa84f7e1709cfc7e78a072cbfa517db7,3ef1d72da621bebe186476692b5570b83c2a163b,original_topic_baseline,f8638be95ae14954ec3b1029e6008128d7a27f1b,f86b31d32fef611be78d0e0e798451f9231e7539,"MS2 owner v2 build; frozen bin/ms2-v2, v1 unchanged",5b7b53af257f19a253831ab081923075b0f10190728da4aa399eab3b15860b6c,last measured link for case/label,0a5a495c87425612a44d34e3a4600b4b9063c19b0dcf7688ea14db371311b572,"[""taskset"",""-c"",""32-63"",""/home/callen/work/mold-next-20261006/bin/ms2-v2"",""@response.txt"",""-o"",""codex-next.out"",""--no-fork"",""--strip-debug""]",/home/callen/work/mold-bench/wl/ra.d,32,109.80637813918293,118.7687385827303,127.94444523751736,127.94444523751736,1680.3429999999998,324.6535,2004.4865,1420.111328125,1434.76953125
next-20261006,screen-fifth.json,ra-s,k1,{},True,default,32-63,False,reused,32,,,,,topics/s2-assignment-counts/counts.json,False,True,a1c023acfe43a21a24f38f225beaca6b9502a9b0b6f2096b93696454b12f36e0,6d24b45ab5604dae0f59ef9a937cd603ebb9d9d9,original_topic_baseline,f8638be95ae14954ec3b1029e6008128d7a27f1b,2d620f8723cff42a42d0520c1c297219486f0b2f,K1 parent frozen screen candidate,5b7b53af257f19a253831ab081923075b0f10190728da4aa399eab3b15860b6c,last measured link for case/label,0a5a495c87425612a44d34e3a4600b4b9063c19b0dcf7688ea14db371311b572,"[""taskset"",""-c"",""32-63"",""/home/callen/work/mold-next-20261006/bin/k1"",""@response.txt"",""-o"",""codex-next.out"",""--no-fork"",""--strip-debug""]",/home/callen/work/mold-bench/wl/ra.d,32,115.6493469607085,136.1721558496356,137.6092368736863,137.6092368736863,1648.339,315.88300000000004,1974.4410000000003,1407.07421875,1422.37109375
next-20261006,screen-fourth.json,hello,cr4,{},True,default,32-63,False,reused,1,,,,,topics/s2-assignment-counts/counts.json,False,True,e7c08c342d0cfdd2174a302c7c6603c32345ff54563adcca68a2f18046f356bd,168ca9f55e530d841adce2d89e25682b84391a3a,original_topic_baseline,f8638be95ae14954ec3b1029e6008128d7a27f1b,72508050735c9f5ae61d0c9ce7cba92be0690bbe,CR owner message code commit; a14c236e corrects test only,7277a7318c05b3cb221c9ddc1995bba0deea7b291589fb6ce0ccf8f3857e3d80,last measured link for case/label,6e0a224f69ba22691ea77b93a78300c214dfa680dc8ca6f5f68c8ed646fb377e,"[""taskset"",""-c"",""32-63"",""/home/callen/work/mold-next-20261006/bin/cr4"",""@response.txt"",""-o"",""codex-next.out"",""--no-fork""]",/home/callen/work/mold-bench/wl/hello/cur,24,4.041394684463739,4.552228841930628,4.599710926413536,4.599710926413536,2.0145,2.0054999999999996,3.9435000000000002,17.23046875,17.23046875
next-20261006,screen-fourth.json,hello,cr5,{},True,default,32-63,False,reused,1,,,,,topics/s2-assignment-counts/counts.json,False,True,1624bcf787c69f7f18892497037b23b7f29b0738e28fd37c346edc0f45fc99b2,6789e6c53fa9a82e27bc8295d88f212575a030e0,original_topic_baseline,f8638be95ae14954ec3b1029e6008128d7a27f1b,5917c1d16c8e16bd92b31446111d547b1116b556,CR5 owner message,7277a7318c05b3cb221c9ddc1995bba0deea7b291589fb6ce0ccf8f3857e3d80,last measured link for case/label,6e0a224f69ba22691ea77b93a78300c214dfa680dc8ca6f5f68c8ed646fb377e,"[""taskset"",""-c"",""32-63"",""/home/callen/work/mold-next-20261006/bin/cr5"",""@response.txt"",""-o"",""codex-next.out"",""--no-fork""]",/home/callen/work/mold-bench/wl/hello/cur,24,4.034863552078605,4.486280027776957,4.697288852185011,4.697288852185011,2.021,1.9405,3.9210000000000003,17.23046875,17.23046875
next-20261006,screen-fourth.json,hello,s2,{},True,default,32-63,False,reused,1,,,,,topics/s2-assignment-counts/counts.json,False,True,1d42f1118e4fe4551406da5e6fcea0e96835fea50ae6a42c5f202522d80d6bd1,412974f6cb927e2a35c2827b28ac371f4d5c9b5b,original_topic_baseline,f8638be95ae14954ec3b1029e6008128d7a27f1b,c622927a77495658bb2ec977a16f283a9ace3925,S2 owner message,7277a7318c05b3cb221c9ddc1995bba0deea7b291589fb6ce0ccf8f3857e3d80,last measured link for case/label,6e0a224f69ba22691ea77b93a78300c214dfa680dc8ca6f5f68c8ed646fb377e,"[""taskset"",""-c"",""32-63"",""/home/callen/work/mold-next-20261006/bin/s2"",""@response.txt"",""-o"",""codex-next.out"",""--no-fork""]",/home/callen/work/mold-bench/wl/hello/cur,24,3.879908937960863,4.412337206304073,4.700134042650461,4.700134042650461,2.019,1.8094999999999999,3.783,17.23046875,17.23046875
next-20261006,screen-fourth.json,hello,baseline,{},True,default,32-63,False,reused,1,,,,,topics/s2-assignment-counts/counts.json,False,True,529467bd57e056195fb71065d51881e0265e4bfabd6d879b2563a2ec9172f184,f8638be95ae14954ec3b1029e6008128d7a27f1b,original_topic_baseline,f8638be95ae14954ec3b1029e6008128d7a27f1b,006bcd0f9f50ce2c1d0660c43cf9b03f51534970,parent frozen baseline,7277a7318c05b3cb221c9ddc1995bba0deea7b291589fb6ce0ccf8f3857e3d80,last measured link for case/label,6e0a224f69ba22691ea77b93a78300c214dfa680dc8ca6f5f68c8ed646fb377e,"[""taskset"",""-c"",""32-63"",""/home/callen/work/mold-next-20261006/bin/baseline"",""@response.txt"",""-o"",""codex-next.out"",""--no-fork""]",/home/callen/work/mold-bench/wl/hello/cur,24,4.067178349941969,4.371685907244682,4.548863973468542,4.548863973468542,2.1,1.899,3.9065,17.23046875,17.23046875
next-20261006,screen-fourth.json,hello,ms4,{},True,default,32-63,False,reused,1,,,,,topics/s2-assignment-counts/counts.json,False,True,01563d19f361d3bdedd870da6f32226a11d47e7392dddfe8908c6a6c9a47c5b1,d33ea5505f71adb604f660174bed64a3cb68c682,original_topic_baseline,f8638be95ae14954ec3b1029e6008128d7a27f1b,45da7d446ada4ab56f2b65270584e16b0dd8e21a,MS4 owner build,7277a7318c05b3cb221c9ddc1995bba0deea7b291589fb6ce0ccf8f3857e3d80,last measured link for case/label,6e0a224f69ba22691ea77b93a78300c214dfa680dc8ca6f5f68c8ed646fb377e,"[""taskset"",""-c"",""32-63"",""/home/callen/work/mold-next-20261006/bin/ms4"",""@response.txt"",""-o"",""codex-next.out"",""--no-fork""]",/home/callen/work/mold-bench/wl/hello/cur,24,4.032014403492212,4.4100540690124035,4.754385910928249,4.754385910928249,1.9329999999999998,1.9724999999999997,3.8789999999999996,17.23046875,17.23046875
next-20261006,screen-fourth.json,hello,cr1-v2,{},True,default,32-63,False,reused,1,,,,,topics/s2-assignment-counts/counts.json,False,True,261750bd3f2be8a590150bac3c5426a502d927405e1765e9c202ea0852f910de,24be8a795e466c363d05b6d86bd3537371be3efb,original_topic_baseline,f8638be95ae14954ec3b1029e6008128d7a27f1b,5007455b47750ed7545dcc7018d4fa9dac24d010,CR1 owner message v2,7277a7318c05b3cb221c9ddc1995bba0deea7b291589fb6ce0ccf8f3857e3d80,last measured link for case/label,6e0a224f69ba22691ea77b93a78300c214dfa680dc8ca6f5f68c8ed646fb377e,"[""taskset"",""-c"",""32-63"",""/home/callen/work/mold-next-20261006/bin/cr1-v2"",""@response.txt"",""-o"",""codex-next.out"",""--no-fork""]",/home/callen/work/mold-bench/wl/hello/cur,24,4.065796034410596,4.543566145002842,5.040109623223543,5.040109623223543,2.0075000000000003,1.9905,3.9779999999999998,17.23046875,17.23046875
next-20261006,screen-fourth.json,rhello,cr4,{},True,default,32-63,False,reused,2,,,,,topics/s2-assignment-counts/counts.json,False,True,e7c08c342d0cfdd2174a302c7c6603c32345ff54563adcca68a2f18046f356bd,168ca9f55e530d841adce2d89e25682b84391a3a,original_topic_baseline,f8638be95ae14954ec3b1029e6008128d7a27f1b,72508050735c9f5ae61d0c9ce7cba92be0690bbe,CR owner message code commit; a14c236e corrects test only,967631a389972f215d294980db400e57627ca2a4fdc60a7316b5bbeb7cf998b6,last measured link for case/label,6e0a224f69ba22691ea77b93a78300c214dfa680dc8ca6f5f68c8ed646fb377e,"[""taskset"",""-c"",""32-63"",""/home/callen/work/mold-next-20261006/bin/cr4"",""@response.txt"",""-o"",""codex-next.out"",""--no-fork""]",/home/callen/work/mold-bench/wl/rhello/cur,24,11.806945083662868,12.519181706011295,13.210259843617678,13.210259843617678,11.152999999999999,6.814,18.232,48.8046875,51.2578125
next-20261006,screen-fourth.json,rhello,cr5,{},True,default,32-63,False,reused,2,,,,,topics/s2-assignment-counts/counts.json,False,True,1624bcf787c69f7f18892497037b23b7f29b0738e28fd37c346edc0f45fc99b2,6789e6c53fa9a82e27bc8295d88f212575a030e0,original_topic_baseline,f8638be95ae14954ec3b1029e6008128d7a27f1b,5917c1d16c8e16bd92b31446111d547b1116b556,CR5 owner message,967631a389972f215d294980db400e57627ca2a4fdc60a7316b5bbeb7cf998b6,last measured link for case/label,6e0a224f69ba22691ea77b93a78300c214dfa680dc8ca6f5f68c8ed646fb377e,"[""taskset"",""-c"",""32-63"",""/home/callen/work/mold-next-20261006/bin/cr5"",""@response.txt"",""-o"",""codex-next.out"",""--no-fork""]",/home/callen/work/mold-bench/wl/rhello/cur,24,11.775102000683546,12.39991094917059,12.405788991600275,12.405788991600275,10.648499999999999,7.66,18.201999999999998,46.482421875,48.5078125
next-20261006,screen-fourth.json,rhello,s2,{},True,default,32-63,False,reused,2,,,,,topics/s2-assignment-counts/counts.json,False,True,1d42f1118e4fe4551406da5e6fcea0e96835fea50ae6a42c5f202522d80d6bd1,412974f6cb927e2a35c2827b28ac371f4d5c9b5b,original_topic_baseline,f8638be95ae14954ec3b1029e6008128d7a27f1b,c622927a77495658bb2ec977a16f283a9ace3925,S2 owner message,967631a389972f215d294980db400e57627ca2a4fdc60a7316b5bbeb7cf998b6,last measured link for case/label,6e0a224f69ba22691ea77b93a78300c214dfa680dc8ca6f5f68c8ed646fb377e,"[""taskset"",""-c"",""32-63"",""/home/callen/work/mold-next-20261006/bin/s2"",""@response.txt"",""-o"",""codex-next.out"",""--no-fork""]",/home/callen/work/mold-bench/wl/rhello/cur,24,11.57000521197915,12.206326704472303,12.257144320756197,12.257144320756197,10.300999999999998,7.429499999999999,17.9155,46.470703125,48.3125
next-20261006,screen-fourth.json,rhello,baseline,{},True,default,32-63,False,reused,2,,,,,topics/s2-assignment-counts/counts.json,False,True,529467bd57e056195fb71065d51881e0265e4bfabd6d879b2563a2ec9172f184,f8638be95ae14954ec3b1029e6008128d7a27f1b,original_topic_baseline,f8638be95ae14954ec3b1029e6008128d7a27f1b,006bcd0f9f50ce2c1d0660c43cf9b03f51534970,parent frozen baseline,967631a389972f215d294980db400e57627ca2a4fdc60a7316b5bbeb7cf998b6,last measured link for case/label,6e0a224f69ba22691ea77b93a78300c214dfa680dc8ca6f5f68c8ed646fb377e,"[""taskset"",""-c"",""32-63"",""/home/callen/work/mold-next-20261006/bin/baseline"",""@response.txt"",""-o"",""codex-next.out"",""--no-fork""]",/home/callen/work/mold-bench/wl/rhello/cur,24,11.654618894681334,13.333756942301989,46.54850997030735,46.54850997030735,10.7175,7.323499999999999,18.031999999999996,46.560546875,47.6171875
next-20261006,screen-fourth.json,rhello,ms4,{},True,default,32-63,False,reused,2,,,,,topics/s2-assignment-counts/counts.json,False,True,01563d19f361d3bdedd870da6f32226a11d47e7392dddfe8908c6a6c9a47c5b1,d33ea5505f71adb604f660174bed64a3cb68c682,original_topic_baseline,f8638be95ae14954ec3b1029e6008128d7a27f1b,45da7d446ada4ab56f2b65270584e16b0dd8e21a,MS4 owner build,967631a389972f215d294980db400e57627ca2a4fdc60a7316b5bbeb7cf998b6,last measured link for case/label,6e0a224f69ba22691ea77b93a78300c214dfa680dc8ca6f5f68c8ed646fb377e,"[""taskset"",""-c"",""32-63"",""/home/callen/work/mold-next-20261006/bin/ms4"",""@response.txt"",""-o"",""codex-next.out"",""--no-fork""]",/home/callen/work/mold-bench/wl/rhello/cur,24,11.280941776931286,12.099193874746561,12.139394879341125,12.139394879341125,12.389999999999999,4.843,17.0855,46.373046875,47.015625
next-20261006,screen-fourth.json,rhello,cr1-v2,{},True,default,32-63,False,reused,2,,,,,topics/s2-assignment-counts/counts.json,False,True,261750bd3f2be8a590150bac3c5426a502d927405e1765e9c202ea0852f910de,24be8a795e466c363d05b6d86bd3537371be3efb,original_topic_baseline,f8638be95ae14954ec3b1029e6008128d7a27f1b,5007455b47750ed7545dcc7018d4fa9dac24d010,CR1 owner message v2,967631a389972f215d294980db400e57627ca2a4fdc60a7316b5bbeb7cf998b6,last measured link for case/label,6e0a224f69ba22691ea77b93a78300c214dfa680dc8ca6f5f68c8ed646fb377e,"[""taskset"",""-c"",""32-63"",""/home/callen/work/mold-next-20261006/bin/cr1-v2"",""@response.txt"",""-o"",""codex-next.out"",""--no-fork""]",/home/callen/work/mold-bench/wl/rhello/cur,24,11.637903982773423,12.123400811105967,12.75310618802905,12.75310618802905,10.7135,7.5249999999999995,18.005,46.318359375,49.21875
next-20261006,screen-fourth.json,tblgen,cr4,{},True,default,32-63,False,reused,12,,,,,topics/s2-assignment-counts/counts.json,False,True,e7c08c342d0cfdd2174a302c7c6603c32345ff54563adcca68a2f18046f356bd,168ca9f55e530d841adce2d89e25682b84391a3a,original_topic_baseline,f8638be95ae14954ec3b1029e6008128d7a27f1b,72508050735c9f5ae61d0c9ce7cba92be0690bbe,CR owner message code commit; a14c236e corrects test only,63b068abefeb622662818685a0794d8e5c7e8a5d651213eda3577810ea3369cd,last measured link for case/label,6e0a224f69ba22691ea77b93a78300c214dfa680dc8ca6f5f68c8ed646fb377e,"[""taskset"",""-c"",""32-63"",""/home/callen/work/mold-next-20261006/bin/cr4"",""@response.txt"",""-o"",""codex-next.out"",""--no-fork""]",/home/callen/work/mold-bench/wl/tblgen/cur,24,18.482211511582136,19.250488374382257,19.887265283614397,19.887265283614397,70.574,48.748000000000005,117.42249999999999,193.26953125,198.71484375
next-20261006,screen-fourth.json,tblgen,cr5,{},True,default,32-63,False,reused,12,,,,,topics/s2-assignment-counts/counts.json,False,True,1624bcf787c69f7f18892497037b23b7f29b0738e28fd37c346edc0f45fc99b2,6789e6c53fa9a82e27bc8295d88f212575a030e0,original_topic_baseline,f8638be95ae14954ec3b1029e6008128d7a27f1b,5917c1d16c8e16bd92b31446111d547b1116b556,CR5 owner message,63b068abefeb622662818685a0794d8e5c7e8a5d651213eda3577810ea3369cd,last measured link for case/label,6e0a224f69ba22691ea77b93a78300c214dfa680dc8ca6f5f68c8ed646fb377e,"[""taskset"",""-c"",""32-63"",""/home/callen/work/mold-next-20261006/bin/cr5"",""@response.txt"",""-o"",""codex-next.out"",""--no-fork""]",/home/callen/work/mold-bench/wl/tblgen/cur,24,17.875850899145007,18.962210044264793,19.78589966893196,19.78589966893196,72.078,46.5415,114.68549999999999,176.86328125,182.75390625
next-20261006,screen-fourth.json,tblgen,s2,{},True,default,32-63,False,reused,12,,,,,topics/s2-assignment-counts/counts.json,False,True,1d42f1118e4fe4551406da5e6fcea0e96835fea50ae6a42c5f202522d80d6bd1,412974f6cb927e2a35c2827b28ac371f4d5c9b5b,original_topic_baseline,f8638be95ae14954ec3b1029e6008128d7a27f1b,c622927a77495658bb2ec977a16f283a9ace3925,S2 owner message,63b068abefeb622662818685a0794d8e5c7e8a5d651213eda3577810ea3369cd,last measured link for case/label,6e0a224f69ba22691ea77b93a78300c214dfa680dc8ca6f5f68c8ed646fb377e,"[""taskset"",""-c"",""32-63"",""/home/callen/work/mold-next-20261006/bin/s2"",""@response.txt"",""-o"",""codex-next.out"",""--no-fork""]",/home/callen/work/mold-bench/wl/tblgen/cur,24,17.77887437492609,19.056072924286127,20.417368970811367,20.417368970811367,72.744,44.11149999999999,116.21600000000001,179.68359375,182.8828125
next-20261006,screen-fourth.json,tblgen,baseline,{},True,default,32-63,False,reused,12,,,,,topics/s2-assignment-counts/counts.json,False,True,529467bd57e056195fb71065d51881e0265e4bfabd6d879b2563a2ec9172f184,f8638be95ae14954ec3b1029e6008128d7a27f1b,original_topic_baseline,f8638be95ae14954ec3b1029e6008128d7a27f1b,006bcd0f9f50ce2c1d0660c43cf9b03f51534970,parent frozen baseline,63b068abefeb622662818685a0794d8e5c7e8a5d651213eda3577810ea3369cd,last measured link for case/label,6e0a224f69ba22691ea77b93a78300c214dfa680dc8ca6f5f68c8ed646fb377e,"[""taskset"",""-c"",""32-63"",""/home/callen/work/mold-next-20261006/bin/baseline"",""@response.txt"",""-o"",""codex-next.out"",""--no-fork""]",/home/callen/work/mold-bench/wl/tblgen/cur,24,18.453163327649236,19.695302937179804,61.166818253695965,61.166818253695965,70.87299999999999,46.204499999999996,118.5365,178.150390625,182.84765625
next-20261006,screen-fourth.json,tblgen,ms4,{},True,default,32-63,False,reused,12,,,,,topics/s2-assignment-counts/counts.json,False,True,01563d19f361d3bdedd870da6f32226a11d47e7392dddfe8908c6a6c9a47c5b1,d33ea5505f71adb604f660174bed64a3cb68c682,original_topic_baseline,f8638be95ae14954ec3b1029e6008128d7a27f1b,45da7d446ada4ab56f2b65270584e16b0dd8e21a,MS4 owner build,63b068abefeb622662818685a0794d8e5c7e8a5d651213eda3577810ea3369cd,last measured link for case/label,6e0a224f69ba22691ea77b93a78300c214dfa680dc8ca6f5f68c8ed646fb377e,"[""taskset"",""-c"",""32-63"",""/home/callen/work/mold-next-20261006/bin/ms4"",""@response.txt"",""-o"",""codex-next.out"",""--no-fork""]",/home/callen/work/mold-bench/wl/tblgen/cur,24,19.32775997556746,20.163023378700018,20.278367679566145,20.278367679566145,86.23349999999999,40.699,126.1355,175.041015625,179.94921875
next-20261006,screen-fourth.json,tblgen,cr1-v2,{},True,default,32-63,False,reused,12,,,,,topics/s2-assignment-counts/counts.json,False,True,261750bd3f2be8a590150bac3c5426a502d927405e1765e9c202ea0852f910de,24be8a795e466c363d05b6d86bd3537371be3efb,original_topic_baseline,f8638be95ae14954ec3b1029e6008128d7a27f1b,5007455b47750ed7545dcc7018d4fa9dac24d010,CR1 owner message v2,63b068abefeb622662818685a0794d8e5c7e8a5d651213eda3577810ea3369cd,last measured link for case/label,6e0a224f69ba22691ea77b93a78300c214dfa680dc8ca6f5f68c8ed646fb377e,"[""taskset"",""-c"",""32-63"",""/home/callen/work/mold-next-20261006/bin/cr1-v2"",""@response.txt"",""-o"",""codex-next.out"",""--no-fork""]",/home/callen/work/mold-bench/wl/tblgen/cur,24,17.90270209312439,18.87060096487403,19.051626324653625,19.051626324653625,66.96549999999999,47.3975,117.3245,179.734375,185.29296875
next-20261006,screen-fourth.json,lld,cr4,{},True,default,32-63,False,reused,32,,,,,topics/s2-assignment-counts/counts.json,False,True,e7c08c342d0cfdd2174a302c7c6603c32345ff54563adcca68a2f18046f356bd,168ca9f55e530d841adce2d89e25682b84391a3a,original_topic_baseline,f8638be95ae14954ec3b1029e6008128d7a27f1b,72508050735c9f5ae61d0c9ce7cba92be0690bbe,CR owner message code commit; a14c236e corrects test only,5de7d2ef5dc164818fdbdb3d53d1f433c4bf90a9755bdce13b88e694fafcb763,last measured link for case/label,6e0a224f69ba22691ea77b93a78300c214dfa680dc8ca6f5f68c8ed646fb377e,"[""taskset"",""-c"",""32-63"",""/home/callen/work/mold-next-20261006/bin/cr4"",""@response.txt"",""-o"",""codex-next.out"",""--no-fork""]",/home/callen/work/mold-bench/wl/lld/cur,24,205.19013074226677,207.55094289779663,209.08658392727375,209.08658392727375,1359.129,4215.904,5594.474499999999,2870.634765625,2912.5234375
next-20261006,screen-fourth.json,lld,cr5,{},True,default,32-63,False,reused,32,,,,,topics/s2-assignment-counts/counts.json,False,True,1624bcf787c69f7f18892497037b23b7f29b0738e28fd37c346edc0f45fc99b2,6789e6c53fa9a82e27bc8295d88f212575a030e0,original_topic_baseline,f8638be95ae14954ec3b1029e6008128d7a27f1b,5917c1d16c8e16bd92b31446111d547b1116b556,CR5 owner message,5de7d2ef5dc164818fdbdb3d53d1f433c4bf90a9755bdce13b88e694fafcb763,last measured link for case/label,6e0a224f69ba22691ea77b93a78300c214dfa680dc8ca6f5f68c8ed646fb377e,"[""taskset"",""-c"",""32-63"",""/home/callen/work/mold-next-20261006/bin/cr5"",""@response.txt"",""-o"",""codex-next.out"",""--no-fork""]",/home/callen/work/mold-bench/wl/lld/cur,24,204.80761653743684,207.3270701803267,207.34343398362398,207.34343398362398,1294.2035,4020.9049999999997,5364.0515,2728.5859375,2746.3828125
next-20261006,screen-fourth.json,lld,s2,{},True,default,32-63,False,reused,32,,,,,topics/s2-assignment-counts/counts.json,False,True,1d42f1118e4fe4551406da5e6fcea0e96835fea50ae6a42c5f202522d80d6bd1,412974f6cb927e2a35c2827b28ac371f4d5c9b5b,original_topic_baseline,f8638be95ae14954ec3b1029e6008128d7a27f1b,c622927a77495658bb2ec977a16f283a9ace3925,S2 owner message,5de7d2ef5dc164818fdbdb3d53d1f433c4bf90a9755bdce13b88e694fafcb763,last measured link for case/label,6e0a224f69ba22691ea77b93a78300c214dfa680dc8ca6f5f68c8ed646fb377e,"[""taskset"",""-c"",""32-63"",""/home/callen/work/mold-next-20261006/bin/s2"",""@response.txt"",""-o"",""codex-next.out"",""--no-fork""]",/home/callen/work/mold-bench/wl/lld/cur,24,206.18943381123245,211.8116091005504,213.14694406464696,213.14694406464696,1274.8605000000002,4063.438,5325.366,2691.857421875,2704.04296875
next-20261006,screen-fourth.json,lld,baseline,{},True,default,32-63,False,reused,32,,,,,topics/s2-assignment-counts/counts.json,False,True,529467bd57e056195fb71065d51881e0265e4bfabd6d879b2563a2ec9172f184,f8638be95ae14954ec3b1029e6008128d7a27f1b,original_topic_baseline,f8638be95ae14954ec3b1029e6008128d7a27f1b,006bcd0f9f50ce2c1d0660c43cf9b03f51534970,parent frozen baseline,5de7d2ef5dc164818fdbdb3d53d1f433c4bf90a9755bdce13b88e694fafcb763,last measured link for case/label,6e0a224f69ba22691ea77b93a78300c214dfa680dc8ca6f5f68c8ed646fb377e,"[""taskset"",""-c"",""32-63"",""/home/callen/work/mold-next-20261006/bin/baseline"",""@response.txt"",""-o"",""codex-next.out"",""--no-fork""]",/home/callen/work/mold-bench/wl/lld/cur,24,202.42801401764154,205.14191407710314,207.45906233787537,207.45906233787537,1276.0535,4027.576,5276.8565,2726.51953125,2762.53125
next-20261006,screen-fourth.json,lld,ms4,{},True,default,32-63,False,reused,32,,,,,topics/s2-assignment-counts/counts.json,False,True,01563d19f361d3bdedd870da6f32226a11d47e7392dddfe8908c6a6c9a47c5b1,d33ea5505f71adb604f660174bed64a3cb68c682,original_topic_baseline,f8638be95ae14954ec3b1029e6008128d7a27f1b,45da7d446ada4ab56f2b65270584e16b0dd8e21a,MS4 owner build,5de7d2ef5dc164818fdbdb3d53d1f433c4bf90a9755bdce13b88e694fafcb763,last measured link for case/label,6e0a224f69ba22691ea77b93a78300c214dfa680dc8ca6f5f68c8ed646fb377e,"[""taskset"",""-c"",""32-63"",""/home/callen/work/mold-next-20261006/bin/ms4"",""@response.txt"",""-o"",""codex-next.out"",""--no-fork""]",/home/callen/work/mold-bench/wl/lld/cur,24,214.51704832725227,218.14440796151757,219.48360186070204,219.48360186070204,1695.511,4037.4799999999996,5709.102,2642.654296875,2673.5859375
next-20261006,screen-fourth.json,lld,cr1-v2,{},True,default,32-63,False,reused,32,,,,,topics/s2-assignment-counts/counts.json,False,True,261750bd3f2be8a590150bac3c5426a502d927405e1765e9c202ea0852f910de,24be8a795e466c363d05b6d86bd3537371be3efb,original_topic_baseline,f8638be95ae14954ec3b1029e6008128d7a27f1b,5007455b47750ed7545dcc7018d4fa9dac24d010,CR1 owner message v2,5de7d2ef5dc164818fdbdb3d53d1f433c4bf90a9755bdce13b88e694fafcb763,last measured link for case/label,6e0a224f69ba22691ea77b93a78300c214dfa680dc8ca6f5f68c8ed646fb377e,"[""taskset"",""-c"",""32-63"",""/home/callen/work/mold-next-20261006/bin/cr1-v2"",""@response.txt"",""-o"",""codex-next.out"",""--no-fork""]",/home/callen/work/mold-bench/wl/lld/cur,24,203.67329940199852,209.1378099285066,250.19163871183991,250.19163871183991,1341.4475,4014.0545,5332.1225,2759.822265625,2779.58203125
next-20261006,screen-fourth.json,clang,cr4,{},True,default,32-63,False,reused,32,,,,,topics/s2-assignment-counts/counts.json,False,True,e7c08c342d0cfdd2174a302c7c6603c32345ff54563adcca68a2f18046f356bd,168ca9f55e530d841adce2d89e25682b84391a3a,original_topic_baseline,f8638be95ae14954ec3b1029e6008128d7a27f1b,72508050735c9f5ae61d0c9ce7cba92be0690bbe,CR owner message code commit; a14c236e corrects test only,3fa34d9efa75ab05e4a553e9116f5943bd6a3defa8ba3b3c017b1aef37216c88,last measured link for case/label,6e0a224f69ba22691ea77b93a78300c214dfa680dc8ca6f5f68c8ed646fb377e,"[""taskset"",""-c"",""32-63"",""/home/callen/work/mold-next-20261006/bin/cr4"",""@response.txt"",""-o"",""codex-next.out"",""--no-fork""]",/home/callen/work/mold-bench/wl/clang.d,24,297.6781944744289,304.0971062146127,350.75491201132536,350.75491201132536,2139.445,5917.9745,8121.236000000001,4907.16015625,4940.69140625
next-20261006,screen-fourth.json,clang,cr5,{},True,default,32-63,False,reused,32,,,,,topics/s2-assignment-counts/counts.json,False,True,1624bcf787c69f7f18892497037b23b7f29b0738e28fd37c346edc0f45fc99b2,6789e6c53fa9a82e27bc8295d88f212575a030e0,original_topic_baseline,f8638be95ae14954ec3b1029e6008128d7a27f1b,5917c1d16c8e16bd92b31446111d547b1116b556,CR5 owner message,3fa34d9efa75ab05e4a553e9116f5943bd6a3defa8ba3b3c017b1aef37216c88,last measured link for case/label,6e0a224f69ba22691ea77b93a78300c214dfa680dc8ca6f5f68c8ed646fb377e,"[""taskset"",""-c"",""32-63"",""/home/callen/work/mold-next-20261006/bin/cr5"",""@response.txt"",""-o"",""codex-next.out"",""--no-fork""]",/home/callen/work/mold-bench/wl/clang.d,24,289.5593629218638,299.0918061695993,299.96831621974707,299.96831621974707,2086.5005,5508.8904999999995,7662.236,4712.595703125,4734.671875
next-20261006,screen-fourth.json,clang,s2,{},True,default,32-63,False,reused,32,,,,,topics/s2-assignment-counts/counts.json,False,True,1d42f1118e4fe4551406da5e6fcea0e96835fea50ae6a42c5f202522d80d6bd1,412974f6cb927e2a35c2827b28ac371f4d5c9b5b,original_topic_baseline,f8638be95ae14954ec3b1029e6008128d7a27f1b,c622927a77495658bb2ec977a16f283a9ace3925,S2 owner message,3fa34d9efa75ab05e4a553e9116f5943bd6a3defa8ba3b3c017b1aef37216c88,last measured link for case/label,6e0a224f69ba22691ea77b93a78300c214dfa680dc8ca6f5f68c8ed646fb377e,"[""taskset"",""-c"",""32-63"",""/home/callen/work/mold-next-20261006/bin/s2"",""@response.txt"",""-o"",""codex-next.out"",""--no-fork""]",/home/callen/work/mold-bench/wl/clang.d,24,294.9282869230956,303.7331528030336,303.806699346751,303.806699346751,2101.541,5797.276,7924.227000000001,4664.4453125,4671.48828125
next-20261006,screen-fourth.json,clang,baseline,{},True,default,32-63,False,reused,32,,,,,topics/s2-assignment-counts/counts.json,False,True,529467bd57e056195fb71065d51881e0265e4bfabd6d879b2563a2ec9172f184,f8638be95ae14954ec3b1029e6008128d7a27f1b,original_topic_baseline,f8638be95ae14954ec3b1029e6008128d7a27f1b,006bcd0f9f50ce2c1d0660c43cf9b03f51534970,parent frozen baseline,3fa34d9efa75ab05e4a553e9116f5943bd6a3defa8ba3b3c017b1aef37216c88,last measured link for case/label,6e0a224f69ba22691ea77b93a78300c214dfa680dc8ca6f5f68c8ed646fb377e,"[""taskset"",""-c"",""32-63"",""/home/callen/work/mold-next-20261006/bin/baseline"",""@response.txt"",""-o"",""codex-next.out"",""--no-fork""]",/home/callen/work/mold-bench/wl/clang.d,24,286.80505068041384,293.27608086168766,306.2275042757392,306.2275042757392,2106.9385,5692.795,7800.847,4707.666015625,4726.99609375
next-20261006,screen-fourth.json,clang,ms4,{},True,default,32-63,False,reused,32,,,,,topics/s2-assignment-counts/counts.json,False,True,01563d19f361d3bdedd870da6f32226a11d47e7392dddfe8908c6a6c9a47c5b1,d33ea5505f71adb604f660174bed64a3cb68c682,original_topic_baseline,f8638be95ae14954ec3b1029e6008128d7a27f1b,45da7d446ada4ab56f2b65270584e16b0dd8e21a,MS4 owner build,3fa34d9efa75ab05e4a553e9116f5943bd6a3defa8ba3b3c017b1aef37216c88,last measured link for case/label,6e0a224f69ba22691ea77b93a78300c214dfa680dc8ca6f5f68c8ed646fb377e,"[""taskset"",""-c"",""32-63"",""/home/callen/work/mold-next-20261006/bin/ms4"",""@response.txt"",""-o"",""codex-next.out"",""--no-fork""]",/home/callen/work/mold-bench/wl/clang.d,24,311.826758319512,318.0005419999361,325.18121507018805,325.18121507018805,2758.2485,5377.414000000001,8109.5255,4646.34375,4662.8359375
next-20261006,screen-fourth.json,clang,cr1-v2,{},True,default,32-63,False,reused,32,,,,,topics/s2-assignment-counts/counts.json,False,True,261750bd3f2be8a590150bac3c5426a502d927405e1765e9c202ea0852f910de,24be8a795e466c363d05b6d86bd3537371be3efb,original_topic_baseline,f8638be95ae14954ec3b1029e6008128d7a27f1b,5007455b47750ed7545dcc7018d4fa9dac24d010,CR1 owner message v2,3fa34d9efa75ab05e4a553e9116f5943bd6a3defa8ba3b3c017b1aef37216c88,last measured link for case/label,6e0a224f69ba22691ea77b93a78300c214dfa680dc8ca6f5f68c8ed646fb377e,"[""taskset"",""-c"",""32-63"",""/home/callen/work/mold-next-20261006/bin/cr1-v2"",""@response.txt"",""-o"",""codex-next.out"",""--no-fork""]",/home/callen/work/mold-bench/wl/clang.d,24,290.5465201474726,296.37262504547834,297.0157149247825,297.0157149247825,2078.476,5838.8505000000005,7906.8735,4741.16796875,4757.80859375
next-20261006,screen-fourth.json,clang-s,cr4,{},True,default,32-63,False,reused,32,,,,,topics/s2-assignment-counts/counts.json,False,True,e7c08c342d0cfdd2174a302c7c6603c32345ff54563adcca68a2f18046f356bd,168ca9f55e530d841adce2d89e25682b84391a3a,original_topic_baseline,f8638be95ae14954ec3b1029e6008128d7a27f1b,72508050735c9f5ae61d0c9ce7cba92be0690bbe,CR owner message code commit; a14c236e corrects test only,982ccb2f6847c86c8c5fc9e63631c3b3fb4276b3ecf4a808c55100a032a80c28,last measured link for case/label,6e0a224f69ba22691ea77b93a78300c214dfa680dc8ca6f5f68c8ed646fb377e,"[""taskset"",""-c"",""32-63"",""/home/callen/work/mold-next-20261006/bin/cr4"",""@response.txt"",""-o"",""codex-next.out"",""--no-fork"",""--strip-debug""]",/home/callen/work/mold-bench/wl/clang.d,24,56.691054021939635,63.353701028972864,64.94015920907259,64.94015920907259,873.0459999999999,252.525,1135.748,1369.009765625,1380.9453125
next-20261006,screen-fourth.json,clang-s,cr5,{},True,default,32-63,False,reused,32,,,,,topics/s2-assignment-counts/counts.json,False,True,1624bcf787c69f7f18892497037b23b7f29b0738e28fd37c346edc0f45fc99b2,6789e6c53fa9a82e27bc8295d88f212575a030e0,original_topic_baseline,f8638be95ae14954ec3b1029e6008128d7a27f1b,5917c1d16c8e16bd92b31446111d547b1116b556,CR5 owner message,982ccb2f6847c86c8c5fc9e63631c3b3fb4276b3ecf4a808c55100a032a80c28,last measured link for case/label,6e0a224f69ba22691ea77b93a78300c214dfa680dc8ca6f5f68c8ed646fb377e,"[""taskset"",""-c"",""32-63"",""/home/callen/work/mold-next-20261006/bin/cr5"",""@response.txt"",""-o"",""codex-next.out"",""--no-fork"",""--strip-debug""]",/home/callen/work/mold-bench/wl/clang.d,24,59.41614066250622,64.90093003958464,69.29850298911333,69.29850298911333,873.7249999999999,250.24649999999997,1136.9465,1376.791015625,1388.05859375
next-20261006,screen-fourth.json,clang-s,s2,{},True,default,32-63,False,reused,32,,,,,topics/s2-assignment-counts/counts.json,False,True,1d42f1118e4fe4551406da5e6fcea0e96835fea50ae6a42c5f202522d80d6bd1,412974f6cb927e2a35c2827b28ac371f4d5c9b5b,original_topic_baseline,f8638be95ae14954ec3b1029e6008128d7a27f1b,c622927a77495658bb2ec977a16f283a9ace3925,S2 owner message,982ccb2f6847c86c8c5fc9e63631c3b3fb4276b3ecf4a808c55100a032a80c28,last measured link for case/label,6e0a224f69ba22691ea77b93a78300c214dfa680dc8ca6f5f68c8ed646fb377e,"[""taskset"",""-c"",""32-63"",""/home/callen/work/mold-next-20261006/bin/s2"",""@response.txt"",""-o"",""codex-next.out"",""--no-fork"",""--strip-debug""]",/home/callen/work/mold-bench/wl/clang.d,24,55.82284205593169,67.11142510175705,68.13965504989028,68.13965504989028,877.9295,253.22050000000002,1133.375,1371.0078125,1391.953125
next-20261006,screen-fourth.json,clang-s,baseline,{},True,default,32-63,False,reused,32,,,,,topics/s2-assignment-counts/counts.json,False,True,529467bd57e056195fb71065d51881e0265e4bfabd6d879b2563a2ec9172f184,f8638be95ae14954ec3b1029e6008128d7a27f1b,original_topic_baseline,f8638be95ae14954ec3b1029e6008128d7a27f1b,006bcd0f9f50ce2c1d0660c43cf9b03f51534970,parent frozen baseline,982ccb2f6847c86c8c5fc9e63631c3b3fb4276b3ecf4a808c55100a032a80c28,last measured link for case/label,6e0a224f69ba22691ea77b93a78300c214dfa680dc8ca6f5f68c8ed646fb377e,"[""taskset"",""-c"",""32-63"",""/home/callen/work/mold-next-20261006/bin/baseline"",""@response.txt"",""-o"",""codex-next.out"",""--no-fork"",""--strip-debug""]",/home/callen/work/mold-bench/wl/clang.d,24,55.723425932228565,60.45424100011587,65.83472713828087,65.83472713828087,873.15,246.8965,1136.1255,1372.984375,1389.02734375
next-20261006,screen-fourth.json,clang-s,ms4,{},True,default,32-63,False,reused,32,,,,,topics/s2-assignment-counts/counts.json,False,True,01563d19f361d3bdedd870da6f32226a11d47e7392dddfe8908c6a6c9a47c5b1,d33ea5505f71adb604f660174bed64a3cb68c682,original_topic_baseline,f8638be95ae14954ec3b1029e6008128d7a27f1b,45da7d446ada4ab56f2b65270584e16b0dd8e21a,MS4 owner build,982ccb2f6847c86c8c5fc9e63631c3b3fb4276b3ecf4a808c55100a032a80c28,last measured link for case/label,6e0a224f69ba22691ea77b93a78300c214dfa680dc8ca6f5f68c8ed646fb377e,"[""taskset"",""-c"",""32-63"",""/home/callen/work/mold-next-20261006/bin/ms4"",""@response.txt"",""-o"",""codex-next.out"",""--no-fork"",""--strip-debug""]",/home/callen/work/mold-bench/wl/clang.d,24,58.46183164976537,65.03643468022346,65.42725767940283,65.42725767940283,877.5539999999999,259.50149999999996,1160.52,1366.826171875,1383.32421875
next-20261006,screen-fourth.json,clang-s,cr1-v2,{},True,default,32-63,False,reused,32,,,,,topics/s2-assignment-counts/counts.json,False,True,261750bd3f2be8a590150bac3c5426a502d927405e1765e9c202ea0852f910de,24be8a795e466c363d05b6d86bd3537371be3efb,original_topic_baseline,f8638be95ae14954ec3b1029e6008128d7a27f1b,5007455b47750ed7545dcc7018d4fa9dac24d010,CR1 owner message v2,982ccb2f6847c86c8c5fc9e63631c3b3fb4276b3ecf4a808c55100a032a80c28,last measured link for case/label,6e0a224f69ba22691ea77b93a78300c214dfa680dc8ca6f5f68c8ed646fb377e,"[""taskset"",""-c"",""32-63"",""/home/callen/work/mold-next-20261006/bin/cr1-v2"",""@response.txt"",""-o"",""codex-next.out"",""--no-fork"",""--strip-debug""]",/home/callen/work/mold-bench/wl/clang.d,24,55.25223049335182,59.36267413198948,64.99715521931648,64.99715521931648,862.8629999999998,256.424,1123.4875,1373.029296875,1382.94921875
next-20261006,screen-fourth.json,ra,cr4,{},True,default,32-63,False,reused,32,,,,,topics/s2-assignment-counts/counts.json,False,True,e7c08c342d0cfdd2174a302c7c6603c32345ff54563adcca68a2f18046f356bd,168ca9f55e530d841adce2d89e25682b84391a3a,original_topic_baseline,f8638be95ae14954ec3b1029e6008128d7a27f1b,72508050735c9f5ae61d0c9ce7cba92be0690bbe,CR owner message code commit; a14c236e corrects test only,c54bb48368d1b75376996429c790ab2e8895d835a4a9c466d93bfa77274d4947,last measured link for case/label,6e0a224f69ba22691ea77b93a78300c214dfa680dc8ca6f5f68c8ed646fb377e,"[""taskset"",""-c"",""32-63"",""/home/callen/work/mold-next-20261006/bin/cr4"",""@response.txt"",""-o"",""codex-next.out"",""--no-fork""]",/home/callen/work/mold-bench/wl/ra.d,24,135.59092790819705,164.43645022809505,167.6603127270937,167.6603127270937,1965.3085,379.86899999999997,2350.885,2029.126953125,2051.15234375
next-20261006,screen-fourth.json,ra,cr5,{},True,default,32-63,False,reused,32,,,,,topics/s2-assignment-counts/counts.json,False,True,1624bcf787c69f7f18892497037b23b7f29b0738e28fd37c346edc0f45fc99b2,6789e6c53fa9a82e27bc8295d88f212575a030e0,original_topic_baseline,f8638be95ae14954ec3b1029e6008128d7a27f1b,5917c1d16c8e16bd92b31446111d547b1116b556,CR5 owner message,c54bb48368d1b75376996429c790ab2e8895d835a4a9c466d93bfa77274d4947,last measured link for case/label,6e0a224f69ba22691ea77b93a78300c214dfa680dc8ca6f5f68c8ed646fb377e,"[""taskset"",""-c"",""32-63"",""/home/callen/work/mold-next-20261006/bin/cr5"",""@response.txt"",""-o"",""codex-next.out"",""--no-fork""]",/home/callen/work/mold-bench/wl/ra.d,24,140.8153111115098,164.61658291518688,166.4545531384647,166.4545531384647,2003.6895,385.437,2374.058,2020.583984375,2037.90234375
next-20261006,screen-fourth.json,ra,s2,{},True,default,32-63,False,reused,32,,,,,topics/s2-assignment-counts/counts.json,False,True,1d42f1118e4fe4551406da5e6fcea0e96835fea50ae6a42c5f202522d80d6bd1,412974f6cb927e2a35c2827b28ac371f4d5c9b5b,original_topic_baseline,f8638be95ae14954ec3b1029e6008128d7a27f1b,c622927a77495658bb2ec977a16f283a9ace3925,S2 owner message,c54bb48368d1b75376996429c790ab2e8895d835a4a9c466d93bfa77274d4947,last measured link for case/label,6e0a224f69ba22691ea77b93a78300c214dfa680dc8ca6f5f68c8ed646fb377e,"[""taskset"",""-c"",""32-63"",""/home/callen/work/mold-next-20261006/bin/s2"",""@response.txt"",""-o"",""codex-next.out"",""--no-fork""]",/home/callen/work/mold-bench/wl/ra.d,24,134.25348326563835,159.72665278241038,163.52752083912492,163.52752083912492,1975.0765000000001,360.88699999999994,2377.5985,2015.375,2044.81640625
next-20261006,screen-fourth.json,ra,baseline,{},True,default,32-63,False,reused,32,,,,,topics/s2-assignment-counts/counts.json,False,True,529467bd57e056195fb71065d51881e0265e4bfabd6d879b2563a2ec9172f184,f8638be95ae14954ec3b1029e6008128d7a27f1b,original_topic_baseline,f8638be95ae14954ec3b1029e6008128d7a27f1b,006bcd0f9f50ce2c1d0660c43cf9b03f51534970,parent frozen baseline,c54bb48368d1b75376996429c790ab2e8895d835a4a9c466d93bfa77274d4947,last measured link for case/label,6e0a224f69ba22691ea77b93a78300c214dfa680dc8ca6f5f68c8ed646fb377e,"[""taskset"",""-c"",""32-63"",""/home/callen/work/mold-next-20261006/bin/baseline"",""@response.txt"",""-o"",""codex-next.out"",""--no-fork""]",/home/callen/work/mold-bench/wl/ra.d,24,130.91611815616488,159.46938283741474,160.68907314911485,160.68907314911485,2042.234,384.926,2401.5665,2021.669921875,2037.99609375
next-20261006,screen-fourth.json,ra,ms4,{},True,default,32-63,False,reused,32,,,,,topics/s2-assignment-counts/counts.json,False,True,01563d19f361d3bdedd870da6f32226a11d47e7392dddfe8908c6a6c9a47c5b1,d33ea5505f71adb604f660174bed64a3cb68c682,original_topic_baseline,f8638be95ae14954ec3b1029e6008128d7a27f1b,45da7d446ada4ab56f2b65270584e16b0dd8e21a,MS4 owner build,c54bb48368d1b75376996429c790ab2e8895d835a4a9c466d93bfa77274d4947,last measured link for case/label,6e0a224f69ba22691ea77b93a78300c214dfa680dc8ca6f5f68c8ed646fb377e,"[""taskset"",""-c"",""32-63"",""/home/callen/work/mold-next-20261006/bin/ms4"",""@response.txt"",""-o"",""codex-next.out"",""--no-fork""]",/home/callen/work/mold-bench/wl/ra.d,24,138.8816216494888,173.109102062881,173.71585313230753,173.71585313230753,2175.8495000000003,350.4545,2525.8555,1976.771484375,1995.6328125
next-20261006,screen-fourth.json,ra,cr1-v2,{},True,default,32-63,False,reused,32,,,,,topics/s2-assignment-counts/counts.json,False,True,261750bd3f2be8a590150bac3c5426a502d927405e1765e9c202ea0852f910de,24be8a795e466c363d05b6d86bd3537371be3efb,original_topic_baseline,f8638be95ae14954ec3b1029e6008128d7a27f1b,5007455b47750ed7545dcc7018d4fa9dac24d010,CR1 owner message v2,c54bb48368d1b75376996429c790ab2e8895d835a4a9c466d93bfa77274d4947,last measured link for case/label,6e0a224f69ba22691ea77b93a78300c214dfa680dc8ca6f5f68c8ed646fb377e,"[""taskset"",""-c"",""32-63"",""/home/callen/work/mold-next-20261006/bin/cr1-v2"",""@response.txt"",""-o"",""codex-next.out"",""--no-fork""]",/home/callen/work/mold-bench/wl/ra.d,24,134.1091536451131,143.10196181759238,157.84487733617425,157.84487733617425,2007.9050000000002,373.91499999999996,2401.0699999999997,2041.419921875,2061.828125
next-20261006,screen-fourth.json,ra-s,cr4,{},True,default,32-63,False,reused,32,,,,,topics/s2-assignment-counts/counts.json,False,True,e7c08c342d0cfdd2174a302c7c6603c32345ff54563adcca68a2f18046f356bd,168ca9f55e530d841adce2d89e25682b84391a3a,original_topic_baseline,f8638be95ae14954ec3b1029e6008128d7a27f1b,72508050735c9f5ae61d0c9ce7cba92be0690bbe,CR owner message code commit; a14c236e corrects test only,5b7b53af257f19a253831ab081923075b0f10190728da4aa399eab3b15860b6c,last measured link for case/label,6e0a224f69ba22691ea77b93a78300c214dfa680dc8ca6f5f68c8ed646fb377e,"[""taskset"",""-c"",""32-63"",""/home/callen/work/mold-next-20261006/bin/cr4"",""@response.txt"",""-o"",""codex-next.out"",""--no-fork"",""--strip-debug""]",/home/callen/work/mold-bench/wl/ra.d,24,114.43250509910285,127.27922573685646,151.252550072968,151.252550072968,1578.629,339.31,1942.8585,1417.84375,1440.31640625
next-20261006,screen-fourth.json,ra-s,cr5,{},True,default,32-63,False,reused,32,,,,,topics/s2-assignment-counts/counts.json,False,True,1624bcf787c69f7f18892497037b23b7f29b0738e28fd37c346edc0f45fc99b2,6789e6c53fa9a82e27bc8295d88f212575a030e0,original_topic_baseline,f8638be95ae14954ec3b1029e6008128d7a27f1b,5917c1d16c8e16bd92b31446111d547b1116b556,CR5 owner message,5b7b53af257f19a253831ab081923075b0f10190728da4aa399eab3b15860b6c,last measured link for case/label,6e0a224f69ba22691ea77b93a78300c214dfa680dc8ca6f5f68c8ed646fb377e,"[""taskset"",""-c"",""32-63"",""/home/callen/work/mold-next-20261006/bin/cr5"",""@response.txt"",""-o"",""codex-next.out"",""--no-fork"",""--strip-debug""]",/home/callen/work/mold-bench/wl/ra.d,24,117.24225408397615,127.61574797332287,160.54011369124055,160.54011369124055,1636.269,335.4955,1959.5895,1417.990234375,1445.29296875
next-20261006,screen-fourth.json,ra-s,s2,{},True,default,32-63,False,reused,32,,,,,topics/s2-assignment-counts/counts.json,False,True,1d42f1118e4fe4551406da5e6fcea0e96835fea50ae6a42c5f202522d80d6bd1,412974f6cb927e2a35c2827b28ac371f4d5c9b5b,original_topic_baseline,f8638be95ae14954ec3b1029e6008128d7a27f1b,c622927a77495658bb2ec977a16f283a9ace3925,S2 owner message,5b7b53af257f19a253831ab081923075b0f10190728da4aa399eab3b15860b6c,last measured link for case/label,6e0a224f69ba22691ea77b93a78300c214dfa680dc8ca6f5f68c8ed646fb377e,"[""taskset"",""-c"",""32-63"",""/home/callen/work/mold-next-20261006/bin/s2"",""@response.txt"",""-o"",""codex-next.out"",""--no-fork"",""--strip-debug""]",/home/callen/work/mold-bench/wl/ra.d,24,111.35058687068522,121.84248492121696,125.59251813217998,125.59251813217998,1643.4735,323.60450000000003,1955.053,1421.138671875,1434.06640625
next-20261006,screen-fourth.json,ra-s,baseline,{},True,default,32-63,False,reused,32,,,,,topics/s2-assignment-counts/counts.json,False,True,529467bd57e056195fb71065d51881e0265e4bfabd6d879b2563a2ec9172f184,f8638be95ae14954ec3b1029e6008128d7a27f1b,original_topic_baseline,f8638be95ae14954ec3b1029e6008128d7a27f1b,006bcd0f9f50ce2c1d0660c43cf9b03f51534970,parent frozen baseline,5b7b53af257f19a253831ab081923075b0f10190728da4aa399eab3b15860b6c,last measured link for case/label,6e0a224f69ba22691ea77b93a78300c214dfa680dc8ca6f5f68c8ed646fb377e,"[""taskset"",""-c"",""32-63"",""/home/callen/work/mold-next-20261006/bin/baseline"",""@response.txt"",""-o"",""codex-next.out"",""--no-fork"",""--strip-debug""]",/home/callen/work/mold-bench/wl/ra.d,24,111.10695241950452,121.79519282653928,121.96768587455153,121.96768587455153,1598.7925,338.1685,1937.4410000000003,1416.453125,1431.109375
next-20261006,screen-fourth.json,ra-s,ms4,{},True,default,32-63,False,reused,32,,,,,topics/s2-assignment-counts/counts.json,False,True,01563d19f361d3bdedd870da6f32226a11d47e7392dddfe8908c6a6c9a47c5b1,d33ea5505f71adb604f660174bed64a3cb68c682,original_topic_baseline,f8638be95ae14954ec3b1029e6008128d7a27f1b,45da7d446ada4ab56f2b65270584e16b0dd8e21a,MS4 owner build,5b7b53af257f19a253831ab081923075b0f10190728da4aa399eab3b15860b6c,last measured link for case/label,6e0a224f69ba22691ea77b93a78300c214dfa680dc8ca6f5f68c8ed646fb377e,"[""taskset"",""-c"",""32-63"",""/home/callen/work/mold-next-20261006/bin/ms4"",""@response.txt"",""-o"",""codex-next.out"",""--no-fork"",""--strip-debug""]",/home/callen/work/mold-bench/wl/ra.d,24,110.81042210571468,117.99453618004918,119.5752639323473,119.5752639323473,1641.4125,293.173,1940.1039999999998,1414.98046875,1429.66796875
next-20261006,screen-fourth.json,ra-s,cr1-v2,{},True,default,32-63,False,reused,32,,,,,topics/s2-assignment-counts/counts.json,False,True,261750bd3f2be8a590150bac3c5426a502d927405e1765e9c202ea0852f910de,24be8a795e466c363d05b6d86bd3537371be3efb,original_topic_baseline,f8638be95ae14954ec3b1029e6008128d7a27f1b,5007455b47750ed7545dcc7018d4fa9dac24d010,CR1 owner message v2,5b7b53af257f19a253831ab081923075b0f10190728da4aa399eab3b15860b6c,last measured link for case/label,6e0a224f69ba22691ea77b93a78300c214dfa680dc8ca6f5f68c8ed646fb377e,"[""taskset"",""-c"",""32-63"",""/home/callen/work/mold-next-20261006/bin/cr1-v2"",""@response.txt"",""-o"",""codex-next.out"",""--no-fork"",""--strip-debug""]",/home/callen/work/mold-bench/wl/ra.d,24,109.9504369776696,119.61971130222082,120.93546893447638,120.93546893447638,1618.56,337.155,1951.0210000000002,1418.875,1427.89453125
next-20261006,screen-fresh.json,hello,p1,{},True,default,32-63,False,fresh,1,,,,,topics/s2-assignment-counts/counts.json,False,True,be6e3fab81c17a0fc5234823845a45418ab9f2cb64e7d11acfe43f539fd82cc4,e0f2d3e942fc9985b202f8d2f9327d79acd90e78,original_topic_baseline,f8638be95ae14954ec3b1029e6008128d7a27f1b,d5c11653b174fb1a42dab3b725c2cb08b2b2828e,parent message P1 v2,7277a7318c05b3cb221c9ddc1995bba0deea7b291589fb6ce0ccf8f3857e3d80,last measured link for case/label,4f7ac61aab52688b4f4b0a4962a532b514b7ce3adf94c9b61e2bd3b4d8da9f00,"[""taskset"",""-c"",""32-63"",""/home/callen/work/mold-next-20261006/bin/p1"",""@response.txt"",""-o"",""codex-next.out"",""--no-fork""]",/home/callen/work/mold-bench/wl/hello/cur,24,3.680873429402709,4.110135138034821,4.2235660366714,4.2235660366714,1.7970000000000002,1.822,3.549,15.2109375,15.2109375
next-20261006,screen-fresh.json,hello,baseline,{},True,default,32-63,False,fresh,1,,,,,topics/s2-assignment-counts/counts.json,False,True,529467bd57e056195fb71065d51881e0265e4bfabd6d879b2563a2ec9172f184,f8638be95ae14954ec3b1029e6008128d7a27f1b,original_topic_baseline,f8638be95ae14954ec3b1029e6008128d7a27f1b,006bcd0f9f50ce2c1d0660c43cf9b03f51534970,parent frozen baseline,7277a7318c05b3cb221c9ddc1995bba0deea7b291589fb6ce0ccf8f3857e3d80,last measured link for case/label,4f7ac61aab52688b4f4b0a4962a532b514b7ce3adf94c9b61e2bd3b4d8da9f00,"[""taskset"",""-c"",""32-63"",""/home/callen/work/mold-next-20261006/bin/baseline"",""@response.txt"",""-o"",""codex-next.out"",""--no-fork""]",/home/callen/work/mold-bench/wl/hello/cur,24,4.070925526320934,4.300143104046583,4.382878076285124,4.382878076285124,1.995,1.9674999999999998,3.9395,16.466796875,16.5234375
next-20261006,screen-fresh.json,hello,k1,{},True,default,32-63,False,fresh,1,,,,,topics/s2-assignment-counts/counts.json,False,True,a1c023acfe43a21a24f38f225beaca6b9502a9b0b6f2096b93696454b12f36e0,6d24b45ab5604dae0f59ef9a937cd603ebb9d9d9,original_topic_baseline,f8638be95ae14954ec3b1029e6008128d7a27f1b,2d620f8723cff42a42d0520c1c297219486f0b2f,K1 parent frozen screen candidate,7277a7318c05b3cb221c9ddc1995bba0deea7b291589fb6ce0ccf8f3857e3d80,last measured link for case/label,4f7ac61aab52688b4f4b0a4962a532b514b7ce3adf94c9b61e2bd3b4d8da9f00,"[""taskset"",""-c"",""32-63"",""/home/callen/work/mold-next-20261006/bin/k1"",""@response.txt"",""-o"",""codex-next.out"",""--no-fork""]",/home/callen/work/mold-bench/wl/hello/cur,24,4.0448911022394896,4.185609053820372,4.451541695743799,4.451541695743799,1.9714999999999998,1.9734999999999998,3.9080000000000004,16.470703125,16.51171875
next-20261006,screen-fresh.json,hello,h1-clean,{},True,default,32-63,False,fresh,1,,,,,topics/s2-assignment-counts/counts.json,False,True,0fd060bfbb6d88038ba977feb142dc3682243b7eebb78e5a7377774ae969878e,c35c2fbbb6de046c41df90a3d03464fb1e0619b1,original_topic_baseline,f8638be95ae14954ec3b1029e6008128d7a27f1b,9e09ba9a0edbb137145e04a41041317149894d48,H1 cleaned parent frozen candidate,7277a7318c05b3cb221c9ddc1995bba0deea7b291589fb6ce0ccf8f3857e3d80,last measured link for case/label,4f7ac61aab52688b4f4b0a4962a532b514b7ce3adf94c9b61e2bd3b4d8da9f00,"[""taskset"",""-c"",""32-63"",""/home/callen/work/mold-next-20261006/bin/h1-clean"",""@response.txt"",""-o"",""codex-next.out"",""--no-fork""]",/home/callen/work/mold-bench/wl/hello/cur,24,3.9269013796001673,4.222184885293245,4.232320003211498,4.232320003211498,2.1399999999999997,1.4129999999999998,3.8,16.46484375,16.52734375
next-20261006,screen-fresh.json,rhello,p1,{},True,default,32-63,False,fresh,2,,,,,topics/s2-assignment-counts/counts.json,False,True,be6e3fab81c17a0fc5234823845a45418ab9f2cb64e7d11acfe43f539fd82cc4,e0f2d3e942fc9985b202f8d2f9327d79acd90e78,original_topic_baseline,f8638be95ae14954ec3b1029e6008128d7a27f1b,d5c11653b174fb1a42dab3b725c2cb08b2b2828e,parent message P1 v2,967631a389972f215d294980db400e57627ca2a4fdc60a7316b5bbeb7cf998b6,last measured link for case/label,4f7ac61aab52688b4f4b0a4962a532b514b7ce3adf94c9b61e2bd3b4d8da9f00,"[""taskset"",""-c"",""32-63"",""/home/callen/work/mold-next-20261006/bin/p1"",""@response.txt"",""-o"",""codex-next.out"",""--no-fork""]",/home/callen/work/mold-bench/wl/rhello/cur,24,12.50147307291627,13.28163780272007,13.465164694935083,13.465164694935083,10.3245,9.2365,19.352999999999998,46.416015625,48.19140625
next-20261006,screen-fresh.json,rhello,baseline,{},True,default,32-63,False,fresh,2,,,,,topics/s2-assignment-counts/counts.json,False,True,529467bd57e056195fb71065d51881e0265e4bfabd6d879b2563a2ec9172f184,f8638be95ae14954ec3b1029e6008128d7a27f1b,original_topic_baseline,f8638be95ae14954ec3b1029e6008128d7a27f1b,006bcd0f9f50ce2c1d0660c43cf9b03f51534970,parent frozen baseline,967631a389972f215d294980db400e57627ca2a4fdc60a7316b5bbeb7cf998b6,last measured link for case/label,4f7ac61aab52688b4f4b0a4962a532b514b7ce3adf94c9b61e2bd3b4d8da9f00,"[""taskset"",""-c"",""32-63"",""/home/callen/work/mold-next-20261006/bin/baseline"",""@response.txt"",""-o"",""codex-next.out"",""--no-fork""]",/home/callen/work/mold-bench/wl/rhello/cur,24,12.868760386481881,13.60264327377081,17.384851817041636,17.384851817041636,11.564499999999999,8.1055,20.165,46.4375,48.1953125
next-20261006,screen-fresh.json,rhello,k1,{},True,default,32-63,False,fresh,2,,,,,topics/s2-assignment-counts/counts.json,False,True,a1c023acfe43a21a24f38f225beaca6b9502a9b0b6f2096b93696454b12f36e0,6d24b45ab5604dae0f59ef9a937cd603ebb9d9d9,original_topic_baseline,f8638be95ae14954ec3b1029e6008128d7a27f1b,2d620f8723cff42a42d0520c1c297219486f0b2f,K1 parent frozen screen candidate,967631a389972f215d294980db400e57627ca2a4fdc60a7316b5bbeb7cf998b6,last measured link for case/label,4f7ac61aab52688b4f4b0a4962a532b514b7ce3adf94c9b61e2bd3b4d8da9f00,"[""taskset"",""-c"",""32-63"",""/home/callen/work/mold-next-20261006/bin/k1"",""@response.txt"",""-o"",""codex-next.out"",""--no-fork""]",/home/callen/work/mold-bench/wl/rhello/cur,24,12.068226234987378,13.257660903036594,13.301927596330643,13.301927596330643,11.142,7.084,18.322000000000003,46.400390625,47.98828125
next-20261006,screen-fresh.json,rhello,h1-clean,{},True,default,32-63,False,fresh,2,,,,,topics/s2-assignment-counts/counts.json,False,True,0fd060bfbb6d88038ba977feb142dc3682243b7eebb78e5a7377774ae969878e,c35c2fbbb6de046c41df90a3d03464fb1e0619b1,original_topic_baseline,f8638be95ae14954ec3b1029e6008128d7a27f1b,9e09ba9a0edbb137145e04a41041317149894d48,H1 cleaned parent frozen candidate,967631a389972f215d294980db400e57627ca2a4fdc60a7316b5bbeb7cf998b6,last measured link for case/label,4f7ac61aab52688b4f4b0a4962a532b514b7ce3adf94c9b61e2bd3b4d8da9f00,"[""taskset"",""-c"",""32-63"",""/home/callen/work/mold-next-20261006/bin/h1-clean"",""@response.txt"",""-o"",""codex-next.out"",""--no-fork""]",/home/callen/work/mold-bench/wl/rhello/cur,24,12.714421842247248,13.711699284613132,14.402307104319334,14.402307104319334,10.757,8.5605,19.8825,46.212890625,48.03515625
next-20261006,screen-fresh.json,tblgen,p1,{},True,default,32-63,False,fresh,12,,,,,topics/s2-assignment-counts/counts.json,False,True,be6e3fab81c17a0fc5234823845a45418ab9f2cb64e7d11acfe43f539fd82cc4,e0f2d3e942fc9985b202f8d2f9327d79acd90e78,original_topic_baseline,f8638be95ae14954ec3b1029e6008128d7a27f1b,d5c11653b174fb1a42dab3b725c2cb08b2b2828e,parent message P1 v2,63b068abefeb622662818685a0794d8e5c7e8a5d651213eda3577810ea3369cd,last measured link for case/label,4f7ac61aab52688b4f4b0a4962a532b514b7ce3adf94c9b61e2bd3b4d8da9f00,"[""taskset"",""-c"",""32-63"",""/home/callen/work/mold-next-20261006/bin/p1"",""@response.txt"",""-o"",""codex-next.out"",""--no-fork""]",/home/callen/work/mold-bench/wl/tblgen/cur,24,21.559528773650527,22.531828843057156,22.991306148469448,22.991306148469448,72.0235,79.1125,153.326,178.62109375,181.48828125
next-20261006,screen-fresh.json,tblgen,baseline,{},True,default,32-63,False,fresh,12,,,,,topics/s2-assignment-counts/counts.json,False,True,529467bd57e056195fb71065d51881e0265e4bfabd6d879b2563a2ec9172f184,f8638be95ae14954ec3b1029e6008128d7a27f1b,original_topic_baseline,f8638be95ae14954ec3b1029e6008128d7a27f1b,006bcd0f9f50ce2c1d0660c43cf9b03f51534970,parent frozen baseline,63b068abefeb622662818685a0794d8e5c7e8a5d651213eda3577810ea3369cd,last measured link for case/label,4f7ac61aab52688b4f4b0a4962a532b514b7ce3adf94c9b61e2bd3b4d8da9f00,"[""taskset"",""-c"",""32-63"",""/home/callen/work/mold-next-20261006/bin/baseline"",""@response.txt"",""-o"",""codex-next.out"",""--no-fork""]",/home/callen/work/mold-bench/wl/tblgen/cur,24,21.507445024326444,22.88680709898472,23.784348741173744,23.784348741173744,68.363,83.401,153.79000000000002,178.95703125,183.0
next-20261006,screen-fresh.json,tblgen,k1,{},True,default,32-63,False,fresh,12,,,,,topics/s2-assignment-counts/counts.json,False,True,a1c023acfe43a21a24f38f225beaca6b9502a9b0b6f2096b93696454b12f36e0,6d24b45ab5604dae0f59ef9a937cd603ebb9d9d9,original_topic_baseline,f8638be95ae14954ec3b1029e6008128d7a27f1b,2d620f8723cff42a42d0520c1c297219486f0b2f,K1 parent frozen screen candidate,63b068abefeb622662818685a0794d8e5c7e8a5d651213eda3577810ea3369cd,last measured link for case/label,4f7ac61aab52688b4f4b0a4962a532b514b7ce3adf94c9b61e2bd3b4d8da9f00,"[""taskset"",""-c"",""32-63"",""/home/callen/work/mold-next-20261006/bin/k1"",""@response.txt"",""-o"",""codex-next.out"",""--no-fork""]",/home/callen/work/mold-bench/wl/tblgen/cur,24,20.37016488611698,21.255081985145807,21.52329869568348,21.52329869568348,71.869,44.841499999999996,118.6895,178.16015625,181.984375
next-20261006,screen-fresh.json,tblgen,h1-clean,{},True,default,32-63,False,fresh,12,,,,,topics/s2-assignment-counts/counts.json,False,True,0fd060bfbb6d88038ba977feb142dc3682243b7eebb78e5a7377774ae969878e,c35c2fbbb6de046c41df90a3d03464fb1e0619b1,original_topic_baseline,f8638be95ae14954ec3b1029e6008128d7a27f1b,9e09ba9a0edbb137145e04a41041317149894d48,H1 cleaned parent frozen candidate,63b068abefeb622662818685a0794d8e5c7e8a5d651213eda3577810ea3369cd,last measured link for case/label,4f7ac61aab52688b4f4b0a4962a532b514b7ce3adf94c9b61e2bd3b4d8da9f00,"[""taskset"",""-c"",""32-63"",""/home/callen/work/mold-next-20261006/bin/h1-clean"",""@response.txt"",""-o"",""codex-next.out"",""--no-fork""]",/home/callen/work/mold-bench/wl/tblgen/cur,24,20.988442469388247,22.49527396634221,22.78429176658392,22.78429176658392,66.1825,82.097,149.51749999999998,177.833984375,180.92578125
next-20261006,screen-fresh.json,lld,p1,{},True,default,32-63,False,fresh,32,,,,,topics/s2-assignment-counts/counts.json,False,True,be6e3fab81c17a0fc5234823845a45418ab9f2cb64e7d11acfe43f539fd82cc4,e0f2d3e942fc9985b202f8d2f9327d79acd90e78,original_topic_baseline,f8638be95ae14954ec3b1029e6008128d7a27f1b,d5c11653b174fb1a42dab3b725c2cb08b2b2828e,parent message P1 v2,5de7d2ef5dc164818fdbdb3d53d1f433c4bf90a9755bdce13b88e694fafcb763,last measured link for case/label,4f7ac61aab52688b4f4b0a4962a532b514b7ce3adf94c9b61e2bd3b4d8da9f00,"[""taskset"",""-c"",""32-63"",""/home/callen/work/mold-next-20261006/bin/p1"",""@response.txt"",""-o"",""codex-next.out"",""--no-fork""]",/home/callen/work/mold-bench/wl/lld/cur,24,97.43750467896461,108.4704720415175,113.93890623003244,113.93890623003244,1389.1895,622.0905,2030.9654999999998,2724.654296875,2749.5546875
next-20261006,screen-fresh.json,lld,baseline,{},True,default,32-63,False,fresh,32,,,,,topics/s2-assignment-counts/counts.json,False,True,529467bd57e056195fb71065d51881e0265e4bfabd6d879b2563a2ec9172f184,f8638be95ae14954ec3b1029e6008128d7a27f1b,original_topic_baseline,f8638be95ae14954ec3b1029e6008128d7a27f1b,006bcd0f9f50ce2c1d0660c43cf9b03f51534970,parent frozen baseline,5de7d2ef5dc164818fdbdb3d53d1f433c4bf90a9755bdce13b88e694fafcb763,last measured link for case/label,4f7ac61aab52688b4f4b0a4962a532b514b7ce3adf94c9b61e2bd3b4d8da9f00,"[""taskset"",""-c"",""32-63"",""/home/callen/work/mold-next-20261006/bin/baseline"",""@response.txt"",""-o"",""codex-next.out"",""--no-fork""]",/home/callen/work/mold-bench/wl/lld/cur,24,99.15019408799708,125.26522763073444,127.37133167684078,127.37133167684078,1406.0524999999998,573.2805000000001,1997.028,2728.970703125,2751.5703125
next-20261006,screen-fresh.json,lld,k1,{},True,default,32-63,False,fresh,32,,,,,topics/s2-assignment-counts/counts.json,False,True,a1c023acfe43a21a24f38f225beaca6b9502a9b0b6f2096b93696454b12f36e0,6d24b45ab5604dae0f59ef9a937cd603ebb9d9d9,original_topic_baseline,f8638be95ae14954ec3b1029e6008128d7a27f1b,2d620f8723cff42a42d0520c1c297219486f0b2f,K1 parent frozen screen candidate,5de7d2ef5dc164818fdbdb3d53d1f433c4bf90a9755bdce13b88e694fafcb763,last measured link for case/label,4f7ac61aab52688b4f4b0a4962a532b514b7ce3adf94c9b61e2bd3b4d8da9f00,"[""taskset"",""-c"",""32-63"",""/home/callen/work/mold-next-20261006/bin/k1"",""@response.txt"",""-o"",""codex-next.out"",""--no-fork""]",/home/callen/work/mold-bench/wl/lld/cur,24,153.97412166930735,166.20407905429602,170.6375339999795,170.6375339999795,1411.578,367.5225,1790.8919999999998,2725.572265625,2754.4296875
next-20261006,screen-fresh.json,lld,h1-clean,{},True,default,32-63,False,fresh,32,,,,,topics/s2-assignment-counts/counts.json,False,True,0fd060bfbb6d88038ba977feb142dc3682243b7eebb78e5a7377774ae969878e,c35c2fbbb6de046c41df90a3d03464fb1e0619b1,original_topic_baseline,f8638be95ae14954ec3b1029e6008128d7a27f1b,9e09ba9a0edbb137145e04a41041317149894d48,H1 cleaned parent frozen candidate,5de7d2ef5dc164818fdbdb3d53d1f433c4bf90a9755bdce13b88e694fafcb763,last measured link for case/label,4f7ac61aab52688b4f4b0a4962a532b514b7ce3adf94c9b61e2bd3b4d8da9f00,"[""taskset"",""-c"",""32-63"",""/home/callen/work/mold-next-20261006/bin/h1-clean"",""@response.txt"",""-o"",""codex-next.out"",""--no-fork""]",/home/callen/work/mold-bench/wl/lld/cur,24,98.8488516304642,108.14735060557723,109.16770901530981,109.16770901530981,1384.8899999999999,594.7574999999999,1979.2934999999998,2733.048828125,2746.0
next-20261006,screen-fresh.json,clang,p1,{},True,default,32-63,False,fresh,32,,,,,topics/s2-assignment-counts/counts.json,False,True,be6e3fab81c17a0fc5234823845a45418ab9f2cb64e7d11acfe43f539fd82cc4,e0f2d3e942fc9985b202f8d2f9327d79acd90e78,original_topic_baseline,f8638be95ae14954ec3b1029e6008128d7a27f1b,d5c11653b174fb1a42dab3b725c2cb08b2b2828e,parent message P1 v2,3fa34d9efa75ab05e4a553e9116f5943bd6a3defa8ba3b3c017b1aef37216c88,last measured link for case/label,4f7ac61aab52688b4f4b0a4962a532b514b7ce3adf94c9b61e2bd3b4d8da9f00,"[""taskset"",""-c"",""32-63"",""/home/callen/work/mold-next-20261006/bin/p1"",""@response.txt"",""-o"",""codex-next.out"",""--no-fork""]",/home/callen/work/mold-bench/wl/clang.d,24,160.13721958734095,204.80797300115228,222.23037108778954,222.23037108778954,2290.05,832.565,3127.828,4708.38671875,4732.1328125
next-20261006,screen-fresh.json,clang,baseline,{},True,default,32-63,False,fresh,32,,,,,topics/s2-assignment-counts/counts.json,False,True,529467bd57e056195fb71065d51881e0265e4bfabd6d879b2563a2ec9172f184,f8638be95ae14954ec3b1029e6008128d7a27f1b,original_topic_baseline,f8638be95ae14954ec3b1029e6008128d7a27f1b,006bcd0f9f50ce2c1d0660c43cf9b03f51534970,parent frozen baseline,3fa34d9efa75ab05e4a553e9116f5943bd6a3defa8ba3b3c017b1aef37216c88,last measured link for case/label,4f7ac61aab52688b4f4b0a4962a532b514b7ce3adf94c9b61e2bd3b4d8da9f00,"[""taskset"",""-c"",""32-63"",""/home/callen/work/mold-next-20261006/bin/baseline"",""@response.txt"",""-o"",""codex-next.out"",""--no-fork""]",/home/callen/work/mold-bench/wl/clang.d,24,155.84689076058567,180.39738293737173,199.34414187446237,199.34414187446237,2270.9645,821.021,3100.88,4704.490234375,4724.390625
next-20261006,screen-fresh.json,clang,k1,{},True,default,32-63,False,fresh,32,,,,,topics/s2-assignment-counts/counts.json,False,True,a1c023acfe43a21a24f38f225beaca6b9502a9b0b6f2096b93696454b12f36e0,6d24b45ab5604dae0f59ef9a937cd603ebb9d9d9,original_topic_baseline,f8638be95ae14954ec3b1029e6008128d7a27f1b,2d620f8723cff42a42d0520c1c297219486f0b2f,K1 parent frozen screen candidate,3fa34d9efa75ab05e4a553e9116f5943bd6a3defa8ba3b3c017b1aef37216c88,last measured link for case/label,4f7ac61aab52688b4f4b0a4962a532b514b7ce3adf94c9b61e2bd3b4d8da9f00,"[""taskset"",""-c"",""32-63"",""/home/callen/work/mold-next-20261006/bin/k1"",""@response.txt"",""-o"",""codex-next.out"",""--no-fork""]",/home/callen/work/mold-bench/wl/clang.d,24,260.5960329528898,304.9316727556288,307.95214511454105,307.95214511454105,2322.565,543.8879999999999,2875.949,4709.0234375,4736.19921875
next-20261006,screen-fresh.json,clang,h1-clean,{},True,default,32-63,False,fresh,32,,,,,topics/s2-assignment-counts/counts.json,False,True,0fd060bfbb6d88038ba977feb142dc3682243b7eebb78e5a7377774ae969878e,c35c2fbbb6de046c41df90a3d03464fb1e0619b1,original_topic_baseline,f8638be95ae14954ec3b1029e6008128d7a27f1b,9e09ba9a0edbb137145e04a41041317149894d48,H1 cleaned parent frozen candidate,3fa34d9efa75ab05e4a553e9116f5943bd6a3defa8ba3b3c017b1aef37216c88,last measured link for case/label,4f7ac61aab52688b4f4b0a4962a532b514b7ce3adf94c9b61e2bd3b4d8da9f00,"[""taskset"",""-c"",""32-63"",""/home/callen/work/mold-next-20261006/bin/h1-clean"",""@response.txt"",""-o"",""codex-next.out"",""--no-fork""]",/home/callen/work/mold-bench/wl/clang.d,24,157.35729224979877,188.8311761431396,191.28813175484538,191.28813175484538,2226.0715,854.2015,3070.5119999999997,4703.908203125,4729.0078125
next-20261006,screen-fresh.json,clang-s,p1,{},True,default,32-63,False,fresh,32,,,,,topics/s2-assignment-counts/counts.json,False,True,be6e3fab81c17a0fc5234823845a45418ab9f2cb64e7d11acfe43f539fd82cc4,e0f2d3e942fc9985b202f8d2f9327d79acd90e78,original_topic_baseline,f8638be95ae14954ec3b1029e6008128d7a27f1b,d5c11653b174fb1a42dab3b725c2cb08b2b2828e,parent message P1 v2,982ccb2f6847c86c8c5fc9e63631c3b3fb4276b3ecf4a808c55100a032a80c28,last measured link for case/label,4f7ac61aab52688b4f4b0a4962a532b514b7ce3adf94c9b61e2bd3b4d8da9f00,"[""taskset"",""-c"",""32-63"",""/home/callen/work/mold-next-20261006/bin/p1"",""@response.txt"",""-o"",""codex-next.out"",""--no-fork"",""--strip-debug""]",/home/callen/work/mold-bench/wl/clang.d,24,65.78316516242921,93.3896079659462,96.68428683653474,96.68428683653474,840.2814999999999,338.85049999999995,1173.2954999999997,1363.43359375,1377.39453125
next-20261006,screen-fresh.json,clang-s,baseline,{},True,default,32-63,False,fresh,32,,,,,topics/s2-assignment-counts/counts.json,False,True,529467bd57e056195fb71065d51881e0265e4bfabd6d879b2563a2ec9172f184,f8638be95ae14954ec3b1029e6008128d7a27f1b,original_topic_baseline,f8638be95ae14954ec3b1029e6008128d7a27f1b,006bcd0f9f50ce2c1d0660c43cf9b03f51534970,parent frozen baseline,982ccb2f6847c86c8c5fc9e63631c3b3fb4276b3ecf4a808c55100a032a80c28,last measured link for case/label,4f7ac61aab52688b4f4b0a4962a532b514b7ce3adf94c9b61e2bd3b4d8da9f00,"[""taskset"",""-c"",""32-63"",""/home/callen/work/mold-next-20261006/bin/baseline"",""@response.txt"",""-o"",""codex-next.out"",""--no-fork"",""--strip-debug""]",/home/callen/work/mold-bench/wl/clang.d,24,66.31472148001194,95.74394999071956,103.04542584344745,103.04542584344745,823.4645,339.4905,1191.5175,1368.3125,1386.37890625
next-20261006,screen-fresh.json,clang-s,k1,{},True,default,32-63,False,fresh,32,,,,,topics/s2-assignment-counts/counts.json,False,True,a1c023acfe43a21a24f38f225beaca6b9502a9b0b6f2096b93696454b12f36e0,6d24b45ab5604dae0f59ef9a937cd603ebb9d9d9,original_topic_baseline,f8638be95ae14954ec3b1029e6008128d7a27f1b,2d620f8723cff42a42d0520c1c297219486f0b2f,K1 parent frozen screen candidate,982ccb2f6847c86c8c5fc9e63631c3b3fb4276b3ecf4a808c55100a032a80c28,last measured link for case/label,4f7ac61aab52688b4f4b0a4962a532b514b7ce3adf94c9b61e2bd3b4d8da9f00,"[""taskset"",""-c"",""32-63"",""/home/callen/work/mold-next-20261006/bin/k1"",""@response.txt"",""-o"",""codex-next.out"",""--no-fork"",""--strip-debug""]",/home/callen/work/mold-bench/wl/clang.d,24,75.44087618589401,85.24849778041244,95.9346299059689,95.9346299059689,837.896,252.70299999999997,1086.0555,1359.259765625,1385.515625
next-20261006,screen-fresh.json,clang-s,h1-clean,{},True,default,32-63,False,fresh,32,,,,,topics/s2-assignment-counts/counts.json,False,True,0fd060bfbb6d88038ba977feb142dc3682243b7eebb78e5a7377774ae969878e,c35c2fbbb6de046c41df90a3d03464fb1e0619b1,original_topic_baseline,f8638be95ae14954ec3b1029e6008128d7a27f1b,9e09ba9a0edbb137145e04a41041317149894d48,H1 cleaned parent frozen candidate,982ccb2f6847c86c8c5fc9e63631c3b3fb4276b3ecf4a808c55100a032a80c28,last measured link for case/label,4f7ac61aab52688b4f4b0a4962a532b514b7ce3adf94c9b61e2bd3b4d8da9f00,"[""taskset"",""-c"",""32-63"",""/home/callen/work/mold-next-20261006/bin/h1-clean"",""@response.txt"",""-o"",""codex-next.out"",""--no-fork"",""--strip-debug""]",/home/callen/work/mold-bench/wl/clang.d,24,65.82016195170581,90.62160970643163,102.74687269702554,102.74687269702554,831.6434999999999,338.5225,1174.0674999999999,1363.716796875,1381.78515625
next-20261006,screen-fresh.json,ra,p1,{},True,default,32-63,False,fresh,32,,,,,topics/s2-assignment-counts/counts.json,False,True,be6e3fab81c17a0fc5234823845a45418ab9f2cb64e7d11acfe43f539fd82cc4,e0f2d3e942fc9985b202f8d2f9327d79acd90e78,original_topic_baseline,f8638be95ae14954ec3b1029e6008128d7a27f1b,d5c11653b174fb1a42dab3b725c2cb08b2b2828e,parent message P1 v2,c54bb48368d1b75376996429c790ab2e8895d835a4a9c466d93bfa77274d4947,last measured link for case/label,4f7ac61aab52688b4f4b0a4962a532b514b7ce3adf94c9b61e2bd3b4d8da9f00,"[""taskset"",""-c"",""32-63"",""/home/callen/work/mold-next-20261006/bin/p1"",""@response.txt"",""-o"",""codex-next.out"",""--no-fork""]",/home/callen/work/mold-bench/wl/ra.d,24,180.86108844727278,235.1604518480599,295.5081472173333,295.5081472173333,1942.4955,453.33399999999995,2413.6565,2019.10546875,2039.4296875
next-20261006,screen-fresh.json,ra,baseline,{},True,default,32-63,False,fresh,32,,,,,topics/s2-assignment-counts/counts.json,False,True,529467bd57e056195fb71065d51881e0265e4bfabd6d879b2563a2ec9172f184,f8638be95ae14954ec3b1029e6008128d7a27f1b,original_topic_baseline,f8638be95ae14954ec3b1029e6008128d7a27f1b,006bcd0f9f50ce2c1d0660c43cf9b03f51534970,parent frozen baseline,c54bb48368d1b75376996429c790ab2e8895d835a4a9c466d93bfa77274d4947,last measured link for case/label,4f7ac61aab52688b4f4b0a4962a532b514b7ce3adf94c9b61e2bd3b4d8da9f00,"[""taskset"",""-c"",""32-63"",""/home/callen/work/mold-next-20261006/bin/baseline"",""@response.txt"",""-o"",""codex-next.out"",""--no-fork""]",/home/callen/work/mold-bench/wl/ra.d,24,184.75645151920617,211.2369011156261,211.68212685734034,211.68212685734034,1959.4565,453.36749999999995,2417.834,2020.46484375,2040.6875
next-20261006,screen-fresh.json,ra,k1,{},True,default,32-63,False,fresh,32,,,,,topics/s2-assignment-counts/counts.json,False,True,a1c023acfe43a21a24f38f225beaca6b9502a9b0b6f2096b93696454b12f36e0,6d24b45ab5604dae0f59ef9a937cd603ebb9d9d9,original_topic_baseline,f8638be95ae14954ec3b1029e6008128d7a27f1b,2d620f8723cff42a42d0520c1c297219486f0b2f,K1 parent frozen screen candidate,c54bb48368d1b75376996429c790ab2e8895d835a4a9c466d93bfa77274d4947,last measured link for case/label,4f7ac61aab52688b4f4b0a4962a532b514b7ce3adf94c9b61e2bd3b4d8da9f00,"[""taskset"",""-c"",""32-63"",""/home/callen/work/mold-next-20261006/bin/k1"",""@response.txt"",""-o"",""codex-next.out"",""--no-fork""]",/home/callen/work/mold-bench/wl/ra.d,24,223.44242548570037,306.1909726820886,323.48003005608916,323.48003005608916,1968.2505,380.88749999999993,2326.4815,2011.703125,2031.81640625
next-20261006,screen-fresh.json,ra,h1-clean,{},True,default,32-63,False,fresh,32,,,,,topics/s2-assignment-counts/counts.json,False,True,0fd060bfbb6d88038ba977feb142dc3682243b7eebb78e5a7377774ae969878e,c35c2fbbb6de046c41df90a3d03464fb1e0619b1,original_topic_baseline,f8638be95ae14954ec3b1029e6008128d7a27f1b,9e09ba9a0edbb137145e04a41041317149894d48,H1 cleaned parent frozen candidate,c54bb48368d1b75376996429c790ab2e8895d835a4a9c466d93bfa77274d4947,last measured link for case/label,4f7ac61aab52688b4f4b0a4962a532b514b7ce3adf94c9b61e2bd3b4d8da9f00,"[""taskset"",""-c"",""32-63"",""/home/callen/work/mold-next-20261006/bin/h1-clean"",""@response.txt"",""-o"",""codex-next.out"",""--no-fork""]",/home/callen/work/mold-bench/wl/ra.d,24,189.97089215554297,312.10292084142566,368.43359284102917,368.43359284102917,1944.9385,480.672,2447.6335,2020.845703125,2039.76953125
next-20261006,screen-fresh.json,ra-s,p1,{},True,default,32-63,False,fresh,32,,,,,topics/s2-assignment-counts/counts.json,False,True,be6e3fab81c17a0fc5234823845a45418ab9f2cb64e7d11acfe43f539fd82cc4,e0f2d3e942fc9985b202f8d2f9327d79acd90e78,original_topic_baseline,f8638be95ae14954ec3b1029e6008128d7a27f1b,d5c11653b174fb1a42dab3b725c2cb08b2b2828e,parent message P1 v2,5b7b53af257f19a253831ab081923075b0f10190728da4aa399eab3b15860b6c,last measured link for case/label,4f7ac61aab52688b4f4b0a4962a532b514b7ce3adf94c9b61e2bd3b4d8da9f00,"[""taskset"",""-c"",""32-63"",""/home/callen/work/mold-next-20261006/bin/p1"",""@response.txt"",""-o"",""codex-next.out"",""--no-fork"",""--strip-debug""]",/home/callen/work/mold-bench/wl/ra.d,24,129.90301242098212,144.5517740212381,146.0103178396821,146.0103178396821,1618.4700000000003,424.8925,2027.1189999999997,1415.455078125,1435.1640625
next-20261006,screen-fresh.json,ra-s,baseline,{},True,default,32-63,False,fresh,32,,,,,topics/s2-assignment-counts/counts.json,False,True,529467bd57e056195fb71065d51881e0265e4bfabd6d879b2563a2ec9172f184,f8638be95ae14954ec3b1029e6008128d7a27f1b,original_topic_baseline,f8638be95ae14954ec3b1029e6008128d7a27f1b,006bcd0f9f50ce2c1d0660c43cf9b03f51534970,parent frozen baseline,5b7b53af257f19a253831ab081923075b0f10190728da4aa399eab3b15860b6c,last measured link for case/label,4f7ac61aab52688b4f4b0a4962a532b514b7ce3adf94c9b61e2bd3b4d8da9f00,"[""taskset"",""-c"",""32-63"",""/home/callen/work/mold-next-20261006/bin/baseline"",""@response.txt"",""-o"",""codex-next.out"",""--no-fork"",""--strip-debug""]",/home/callen/work/mold-bench/wl/ra.d,24,129.9025360494852,143.67499388754368,145.99798759445548,145.99798759445548,1616.374,452.07399999999996,2059.6385,1416.693359375,1435.86328125
next-20261006,screen-fresh.json,ra-s,k1,{},True,default,32-63,False,fresh,32,,,,,topics/s2-assignment-counts/counts.json,False,True,a1c023acfe43a21a24f38f225beaca6b9502a9b0b6f2096b93696454b12f36e0,6d24b45ab5604dae0f59ef9a937cd603ebb9d9d9,original_topic_baseline,f8638be95ae14954ec3b1029e6008128d7a27f1b,2d620f8723cff42a42d0520c1c297219486f0b2f,K1 parent frozen screen candidate,5b7b53af257f19a253831ab081923075b0f10190728da4aa399eab3b15860b6c,last measured link for case/label,4f7ac61aab52688b4f4b0a4962a532b514b7ce3adf94c9b61e2bd3b4d8da9f00,"[""taskset"",""-c"",""32-63"",""/home/callen/work/mold-next-20261006/bin/k1"",""@response.txt"",""-o"",""codex-next.out"",""--no-fork"",""--strip-debug""]",/home/callen/work/mold-bench/wl/ra.d,24,145.0005006045103,156.33794432505965,159.27312709391117,159.27312709391117,1584.859,332.3365,1916.492,1412.37109375,1432.3984375
next-20261006,screen-fresh.json,ra-s,h1-clean,{},True,default,32-63,False,fresh,32,,,,,topics/s2-assignment-counts/counts.json,False,True,0fd060bfbb6d88038ba977feb142dc3682243b7eebb78e5a7377774ae969878e,c35c2fbbb6de046c41df90a3d03464fb1e0619b1,original_topic_baseline,f8638be95ae14954ec3b1029e6008128d7a27f1b,9e09ba9a0edbb137145e04a41041317149894d48,H1 cleaned parent frozen candidate,5b7b53af257f19a253831ab081923075b0f10190728da4aa399eab3b15860b6c,last measured link for case/label,4f7ac61aab52688b4f4b0a4962a532b514b7ce3adf94c9b61e2bd3b4d8da9f00,"[""taskset"",""-c"",""32-63"",""/home/callen/work/mold-next-20261006/bin/h1-clean"",""@response.txt"",""-o"",""codex-next.out"",""--no-fork"",""--strip-debug""]",/home/callen/work/mold-bench/wl/ra.d,24,134.1036851517856,145.35447163507342,146.457654889673,146.457654889673,1592.187,449.62149999999997,2021.6290000000001,1420.451171875,1435.73046875
next-20261006,screen-g1-h1.json,hello,baseline,{},True,default,32-63,False,reused,1,,,,,topics/s2-assignment-counts/counts.json,False,True,529467bd57e056195fb71065d51881e0265e4bfabd6d879b2563a2ec9172f184,f8638be95ae14954ec3b1029e6008128d7a27f1b,original_topic_baseline,f8638be95ae14954ec3b1029e6008128d7a27f1b,006bcd0f9f50ce2c1d0660c43cf9b03f51534970,parent frozen baseline,7277a7318c05b3cb221c9ddc1995bba0deea7b291589fb6ce0ccf8f3857e3d80,last measured link for case/label,f7ae82767aab2f6c1717eaec98d0096e86300ffb79c61a91b8aaf5cda0ee9f54,"[""taskset"",""-c"",""32-63"",""/home/callen/work/mold-next-20261006/bin/baseline"",""@response.txt"",""-o"",""codex-next.out"",""--no-fork""]",/home/callen/work/mold-bench/wl/hello/cur,24,4.268535180017352,4.940980579704046,4.955803044140339,4.955803044140339,2.0564999999999998,2.0015,4.1265,16.482421875,16.53125
next-20261006,screen-g1-h1.json,hello,g1,{},True,default,32-63,False,reused,1,,,,,topics/s2-assignment-counts/counts.json,False,True,83c8aa3650b328a8e8c44fbc07d08d7d73452ca20a166b04196c0a7ba1f0a57d,25c7f28ff8360e5aeba3c1a8880eb318dbf39d5c,original_topic_baseline,f8638be95ae14954ec3b1029e6008128d7a27f1b,5d19bcb07e6292da267d829d8037e8e439b7a1bc,topics/g1.md,7277a7318c05b3cb221c9ddc1995bba0deea7b291589fb6ce0ccf8f3857e3d80,last measured link for case/label,f7ae82767aab2f6c1717eaec98d0096e86300ffb79c61a91b8aaf5cda0ee9f54,"[""taskset"",""-c"",""32-63"",""/home/callen/work/mold-next-20261006/bin/g1"",""@response.txt"",""-o"",""codex-next.out"",""--no-fork""]",/home/callen/work/mold-bench/wl/hello/cur,24,4.199995426461101,4.884494934231043,5.217150319367647,5.217150319367647,2.485,1.6465,4.061,16.486328125,16.546875
next-20261006,screen-g1-h1.json,hello,h1,{},True,default,32-63,False,reused,1,,,,,topics/s2-assignment-counts/counts.json,False,True,63323bbb928fc45b6b090c9f6e2e3aad23170c9401f239ca289e37d9c5614d6b,e3347c30bc6d4827a62357599fb9ac5ae528d08f,original_topic_baseline,f8638be95ae14954ec3b1029e6008128d7a27f1b,7077d37395f4314f588452ee4bbe6798f287dbad,topics/h1.md,7277a7318c05b3cb221c9ddc1995bba0deea7b291589fb6ce0ccf8f3857e3d80,last measured link for case/label,f7ae82767aab2f6c1717eaec98d0096e86300ffb79c61a91b8aaf5cda0ee9f54,"[""taskset"",""-c"",""32-63"",""/home/callen/work/mold-next-20261006/bin/h1"",""@response.txt"",""-o"",""codex-next.out"",""--no-fork""]",/home/callen/work/mold-bench/wl/hello/cur,24,4.396364092826843,5.1486860029399395,6.073751021176577,6.073751021176577,2.4574999999999996,1.7824999999999998,4.2255,16.421875,16.53125
next-20261006,screen-g1-h1.json,rhello,baseline,{},True,default,32-63,False,reused,2,,,,,topics/s2-assignment-counts/counts.json,False,True,529467bd57e056195fb71065d51881e0265e4bfabd6d879b2563a2ec9172f184,f8638be95ae14954ec3b1029e6008128d7a27f1b,original_topic_baseline,f8638be95ae14954ec3b1029e6008128d7a27f1b,006bcd0f9f50ce2c1d0660c43cf9b03f51534970,parent frozen baseline,967631a389972f215d294980db400e57627ca2a4fdc60a7316b5bbeb7cf998b6,last measured link for case/label,f7ae82767aab2f6c1717eaec98d0096e86300ffb79c61a91b8aaf5cda0ee9f54,"[""taskset"",""-c"",""32-63"",""/home/callen/work/mold-next-20261006/bin/baseline"",""@response.txt"",""-o"",""codex-next.out"",""--no-fork""]",/home/callen/work/mold-bench/wl/rhello/cur,24,12.23002071492374,13.25243804603815,13.79937818273902,13.79937818273902,11.676499999999999,6.725,18.5265,46.39453125,48.66015625
next-20261006,screen-g1-h1.json,rhello,g1,{},True,default,32-63,False,reused,2,,,,,topics/s2-assignment-counts/counts.json,False,True,83c8aa3650b328a8e8c44fbc07d08d7d73452ca20a166b04196c0a7ba1f0a57d,25c7f28ff8360e5aeba3c1a8880eb318dbf39d5c,original_topic_baseline,f8638be95ae14954ec3b1029e6008128d7a27f1b,5d19bcb07e6292da267d829d8037e8e439b7a1bc,topics/g1.md,967631a389972f215d294980db400e57627ca2a4fdc60a7316b5bbeb7cf998b6,last measured link for case/label,f7ae82767aab2f6c1717eaec98d0096e86300ffb79c61a91b8aaf5cda0ee9f54,"[""taskset"",""-c"",""32-63"",""/home/callen/work/mold-next-20261006/bin/g1"",""@response.txt"",""-o"",""codex-next.out"",""--no-fork""]",/home/callen/work/mold-bench/wl/rhello/cur,24,12.521517463028431,13.951989822089672,14.18745843693614,14.18745843693614,11.965,7.2225,19.247,48.251953125,49.921875
next-20261006,screen-g1-h1.json,rhello,h1,{},True,default,32-63,False,reused,2,,,,,topics/s2-assignment-counts/counts.json,False,True,63323bbb928fc45b6b090c9f6e2e3aad23170c9401f239ca289e37d9c5614d6b,e3347c30bc6d4827a62357599fb9ac5ae528d08f,original_topic_baseline,f8638be95ae14954ec3b1029e6008128d7a27f1b,7077d37395f4314f588452ee4bbe6798f287dbad,topics/h1.md,967631a389972f215d294980db400e57627ca2a4fdc60a7316b5bbeb7cf998b6,last measured link for case/label,f7ae82767aab2f6c1717eaec98d0096e86300ffb79c61a91b8aaf5cda0ee9f54,"[""taskset"",""-c"",""32-63"",""/home/callen/work/mold-next-20261006/bin/h1"",""@response.txt"",""-o"",""codex-next.out"",""--no-fork""]",/home/callen/work/mold-bench/wl/rhello/cur,24,12.436384335160255,13.122681062668562,15.345764812082052,15.345764812082052,11.348499999999998,7.8245000000000005,19.1745,46.51953125,48.26171875
next-20261006,screen-g1-h1.json,tblgen,baseline,{},True,default,32-63,False,reused,12,,,,,topics/s2-assignment-counts/counts.json,False,True,529467bd57e056195fb71065d51881e0265e4bfabd6d879b2563a2ec9172f184,f8638be95ae14954ec3b1029e6008128d7a27f1b,original_topic_baseline,f8638be95ae14954ec3b1029e6008128d7a27f1b,006bcd0f9f50ce2c1d0660c43cf9b03f51534970,parent frozen baseline,63b068abefeb622662818685a0794d8e5c7e8a5d651213eda3577810ea3369cd,last measured link for case/label,f7ae82767aab2f6c1717eaec98d0096e86300ffb79c61a91b8aaf5cda0ee9f54,"[""taskset"",""-c"",""32-63"",""/home/callen/work/mold-next-20261006/bin/baseline"",""@response.txt"",""-o"",""codex-next.out"",""--no-fork""]",/home/callen/work/mold-bench/wl/tblgen/cur,24,18.872223095968366,22.53197366371751,23.6958721652627,23.6958721652627,68.2525,46.834,120.88749999999999,176.7265625,180.765625
next-20261006,screen-g1-h1.json,tblgen,g1,{},True,default,32-63,False,reused,12,,,,,topics/s2-assignment-counts/counts.json,False,True,83c8aa3650b328a8e8c44fbc07d08d7d73452ca20a166b04196c0a7ba1f0a57d,25c7f28ff8360e5aeba3c1a8880eb318dbf39d5c,original_topic_baseline,f8638be95ae14954ec3b1029e6008128d7a27f1b,5d19bcb07e6292da267d829d8037e8e439b7a1bc,topics/g1.md,63b068abefeb622662818685a0794d8e5c7e8a5d651213eda3577810ea3369cd,last measured link for case/label,f7ae82767aab2f6c1717eaec98d0096e86300ffb79c61a91b8aaf5cda0ee9f54,"[""taskset"",""-c"",""32-63"",""/home/callen/work/mold-next-20261006/bin/g1"",""@response.txt"",""-o"",""codex-next.out"",""--no-fork""]",/home/callen/work/mold-bench/wl/tblgen/cur,24,18.471935531124473,23.853990714997053,26.00407460704446,26.00407460704446,69.39099999999999,49.6525,116.4965,176.2890625,181.2109375
next-20261006,screen-g1-h1.json,tblgen,h1,{},True,default,32-63,False,reused,12,,,,,topics/s2-assignment-counts/counts.json,False,True,63323bbb928fc45b6b090c9f6e2e3aad23170c9401f239ca289e37d9c5614d6b,e3347c30bc6d4827a62357599fb9ac5ae528d08f,original_topic_baseline,f8638be95ae14954ec3b1029e6008128d7a27f1b,7077d37395f4314f588452ee4bbe6798f287dbad,topics/h1.md,63b068abefeb622662818685a0794d8e5c7e8a5d651213eda3577810ea3369cd,last measured link for case/label,f7ae82767aab2f6c1717eaec98d0096e86300ffb79c61a91b8aaf5cda0ee9f54,"[""taskset"",""-c"",""32-63"",""/home/callen/work/mold-next-20261006/bin/h1"",""@response.txt"",""-o"",""codex-next.out"",""--no-fork""]",/home/callen/work/mold-bench/wl/tblgen/cur,24,18.351928098127246,22.0195259898901,24.744712747633457,24.744712747633457,68.12299999999999,48.960499999999996,117.3885,176.73046875,182.625
next-20261006,screen-g1-h1.json,lld,baseline,{},True,default,32-63,False,reused,32,,,,,topics/s2-assignment-counts/counts.json,False,True,529467bd57e056195fb71065d51881e0265e4bfabd6d879b2563a2ec9172f184,f8638be95ae14954ec3b1029e6008128d7a27f1b,original_topic_baseline,f8638be95ae14954ec3b1029e6008128d7a27f1b,006bcd0f9f50ce2c1d0660c43cf9b03f51534970,parent frozen baseline,5de7d2ef5dc164818fdbdb3d53d1f433c4bf90a9755bdce13b88e694fafcb763,last measured link for case/label,f7ae82767aab2f6c1717eaec98d0096e86300ffb79c61a91b8aaf5cda0ee9f54,"[""taskset"",""-c"",""32-63"",""/home/callen/work/mold-next-20261006/bin/baseline"",""@response.txt"",""-o"",""codex-next.out"",""--no-fork""]",/home/callen/work/mold-bench/wl/lld/cur,24,201.89472706988454,214.89475388079882,219.855644274503,219.855644274503,1274.166,3808.8195,5053.539000000001,2723.3203125,2747.41796875
next-20261006,screen-g1-h1.json,lld,g1,{},True,default,32-63,False,reused,32,,,,,topics/s2-assignment-counts/counts.json,False,True,83c8aa3650b328a8e8c44fbc07d08d7d73452ca20a166b04196c0a7ba1f0a57d,25c7f28ff8360e5aeba3c1a8880eb318dbf39d5c,original_topic_baseline,f8638be95ae14954ec3b1029e6008128d7a27f1b,5d19bcb07e6292da267d829d8037e8e439b7a1bc,topics/g1.md,5de7d2ef5dc164818fdbdb3d53d1f433c4bf90a9755bdce13b88e694fafcb763,last measured link for case/label,f7ae82767aab2f6c1717eaec98d0096e86300ffb79c61a91b8aaf5cda0ee9f54,"[""taskset"",""-c"",""32-63"",""/home/callen/work/mold-next-20261006/bin/g1"",""@response.txt"",""-o"",""codex-next.out"",""--no-fork""]",/home/callen/work/mold-bench/wl/lld/cur,24,204.25894996151328,209.08106490969658,245.77341601252556,245.77341601252556,1327.654,3901.3019999999997,5276.5055,2726.494140625,2747.09375
next-20261006,screen-g1-h1.json,lld,h1,{},True,default,32-63,False,reused,32,,,,,topics/s2-assignment-counts/counts.json,False,True,63323bbb928fc45b6b090c9f6e2e3aad23170c9401f239ca289e37d9c5614d6b,e3347c30bc6d4827a62357599fb9ac5ae528d08f,original_topic_baseline,f8638be95ae14954ec3b1029e6008128d7a27f1b,7077d37395f4314f588452ee4bbe6798f287dbad,topics/h1.md,5de7d2ef5dc164818fdbdb3d53d1f433c4bf90a9755bdce13b88e694fafcb763,last measured link for case/label,f7ae82767aab2f6c1717eaec98d0096e86300ffb79c61a91b8aaf5cda0ee9f54,"[""taskset"",""-c"",""32-63"",""/home/callen/work/mold-next-20261006/bin/h1"",""@response.txt"",""-o"",""codex-next.out"",""--no-fork""]",/home/callen/work/mold-bench/wl/lld/cur,24,186.7025049868971,194.70199197530746,197.25840212777257,197.25840212777257,1332.2804999999998,2807.938,4234.519,2724.744140625,2758.01953125
next-20261006,screen-g1-h1.json,clang,baseline,{},True,default,32-63,False,reused,32,,,,,topics/s2-assignment-counts/counts.json,False,True,529467bd57e056195fb71065d51881e0265e4bfabd6d879b2563a2ec9172f184,f8638be95ae14954ec3b1029e6008128d7a27f1b,original_topic_baseline,f8638be95ae14954ec3b1029e6008128d7a27f1b,006bcd0f9f50ce2c1d0660c43cf9b03f51534970,parent frozen baseline,3fa34d9efa75ab05e4a553e9116f5943bd6a3defa8ba3b3c017b1aef37216c88,last measured link for case/label,f7ae82767aab2f6c1717eaec98d0096e86300ffb79c61a91b8aaf5cda0ee9f54,"[""taskset"",""-c"",""32-63"",""/home/callen/work/mold-next-20261006/bin/baseline"",""@response.txt"",""-o"",""codex-next.out"",""--no-fork""]",/home/callen/work/mold-bench/wl/clang.d,24,131.9070130120963,143.24880903586745,150.51761316135526,150.51761316135526,2346.1495,548.7094999999999,2900.7014999999997,4708.2109375,4722.5703125
next-20261006,screen-g1-h1.json,clang,g1,{},True,default,32-63,False,reused,32,,,,,topics/s2-assignment-counts/counts.json,False,True,83c8aa3650b328a8e8c44fbc07d08d7d73452ca20a166b04196c0a7ba1f0a57d,25c7f28ff8360e5aeba3c1a8880eb318dbf39d5c,original_topic_baseline,f8638be95ae14954ec3b1029e6008128d7a27f1b,5d19bcb07e6292da267d829d8037e8e439b7a1bc,topics/g1.md,3fa34d9efa75ab05e4a553e9116f5943bd6a3defa8ba3b3c017b1aef37216c88,last measured link for case/label,f7ae82767aab2f6c1717eaec98d0096e86300ffb79c61a91b8aaf5cda0ee9f54,"[""taskset"",""-c"",""32-63"",""/home/callen/work/mold-next-20261006/bin/g1"",""@response.txt"",""-o"",""codex-next.out"",""--no-fork""]",/home/callen/work/mold-bench/wl/clang.d,24,132.0986789651215,143.23199493810534,145.34498285502195,145.34498285502195,2336.9885,548.8634999999999,2883.9675,4709.66015625,4742.890625
next-20261006,screen-g1-h1.json,clang,h1,{},True,default,32-63,False,reused,32,,,,,topics/s2-assignment-counts/counts.json,False,True,63323bbb928fc45b6b090c9f6e2e3aad23170c9401f239ca289e37d9c5614d6b,e3347c30bc6d4827a62357599fb9ac5ae528d08f,original_topic_baseline,f8638be95ae14954ec3b1029e6008128d7a27f1b,7077d37395f4314f588452ee4bbe6798f287dbad,topics/h1.md,3fa34d9efa75ab05e4a553e9116f5943bd6a3defa8ba3b3c017b1aef37216c88,last measured link for case/label,f7ae82767aab2f6c1717eaec98d0096e86300ffb79c61a91b8aaf5cda0ee9f54,"[""taskset"",""-c"",""32-63"",""/home/callen/work/mold-next-20261006/bin/h1"",""@response.txt"",""-o"",""codex-next.out"",""--no-fork""]",/home/callen/work/mold-bench/wl/clang.d,24,130.66067546606064,149.66977620497346,150.62798094004393,150.62798094004393,2351.92,559.4714999999999,2915.8125,4703.4765625,4734.859375
next-20261006,screen-g1-h1.json,clang-s,baseline,{},True,default,32-63,False,reused,32,,,,,topics/s2-assignment-counts/counts.json,False,True,529467bd57e056195fb71065d51881e0265e4bfabd6d879b2563a2ec9172f184,f8638be95ae14954ec3b1029e6008128d7a27f1b,original_topic_baseline,f8638be95ae14954ec3b1029e6008128d7a27f1b,006bcd0f9f50ce2c1d0660c43cf9b03f51534970,parent frozen baseline,982ccb2f6847c86c8c5fc9e63631c3b3fb4276b3ecf4a808c55100a032a80c28,last measured link for case/label,f7ae82767aab2f6c1717eaec98d0096e86300ffb79c61a91b8aaf5cda0ee9f54,"[""taskset"",""-c"",""32-63"",""/home/callen/work/mold-next-20261006/bin/baseline"",""@response.txt"",""-o"",""codex-next.out"",""--no-fork"",""--strip-debug""]",/home/callen/work/mold-bench/wl/clang.d,24,59.38464356586337,68.06257599964738,105.92303797602654,105.92303797602654,849.1434999999999,234.7385,1094.088,1368.064453125,1390.03125
next-20261006,screen-g1-h1.json,clang-s,g1,{},True,default,32-63,False,reused,32,,,,,topics/s2-assignment-counts/counts.json,False,True,83c8aa3650b328a8e8c44fbc07d08d7d73452ca20a166b04196c0a7ba1f0a57d,25c7f28ff8360e5aeba3c1a8880eb318dbf39d5c,original_topic_baseline,f8638be95ae14954ec3b1029e6008128d7a27f1b,5d19bcb07e6292da267d829d8037e8e439b7a1bc,topics/g1.md,982ccb2f6847c86c8c5fc9e63631c3b3fb4276b3ecf4a808c55100a032a80c28,last measured link for case/label,f7ae82767aab2f6c1717eaec98d0096e86300ffb79c61a91b8aaf5cda0ee9f54,"[""taskset"",""-c"",""32-63"",""/home/callen/work/mold-next-20261006/bin/g1"",""@response.txt"",""-o"",""codex-next.out"",""--no-fork"",""--strip-debug""]",/home/callen/work/mold-bench/wl/clang.d,24,57.418168522417545,66.45931303501129,67.08530290052295,67.08530290052295,871.9975,255.04999999999995,1123.8874999999998,1370.23828125,1382.828125
next-20261006,screen-g1-h1.json,clang-s,h1,{},True,default,32-63,False,reused,32,,,,,topics/s2-assignment-counts/counts.json,False,True,63323bbb928fc45b6b090c9f6e2e3aad23170c9401f239ca289e37d9c5614d6b,e3347c30bc6d4827a62357599fb9ac5ae528d08f,original_topic_baseline,f8638be95ae14954ec3b1029e6008128d7a27f1b,7077d37395f4314f588452ee4bbe6798f287dbad,topics/h1.md,982ccb2f6847c86c8c5fc9e63631c3b3fb4276b3ecf4a808c55100a032a80c28,last measured link for case/label,f7ae82767aab2f6c1717eaec98d0096e86300ffb79c61a91b8aaf5cda0ee9f54,"[""taskset"",""-c"",""32-63"",""/home/callen/work/mold-next-20261006/bin/h1"",""@response.txt"",""-o"",""codex-next.out"",""--no-fork"",""--strip-debug""]",/home/callen/work/mold-bench/wl/clang.d,24,59.58886886946857,66.30906462669373,66.75726501271129,66.75726501271129,851.4739999999999,252.15149999999997,1122.8754999999999,1371.19140625,1381.5390625
next-20261006,screen-g1-h1.json,ra,baseline,{},True,default,32-63,False,reused,32,,,,,topics/s2-assignment-counts/counts.json,False,True,529467bd57e056195fb71065d51881e0265e4bfabd6d879b2563a2ec9172f184,f8638be95ae14954ec3b1029e6008128d7a27f1b,original_topic_baseline,f8638be95ae14954ec3b1029e6008128d7a27f1b,006bcd0f9f50ce2c1d0660c43cf9b03f51534970,parent frozen baseline,c54bb48368d1b75376996429c790ab2e8895d835a4a9c466d93bfa77274d4947,last measured link for case/label,f7ae82767aab2f6c1717eaec98d0096e86300ffb79c61a91b8aaf5cda0ee9f54,"[""taskset"",""-c"",""32-63"",""/home/callen/work/mold-next-20261006/bin/baseline"",""@response.txt"",""-o"",""codex-next.out"",""--no-fork""]",/home/callen/work/mold-bench/wl/ra.d,24,137.05097138881683,154.4644283130765,157.58992219343781,157.58992219343781,2029.9029999999998,381.6935,2408.2835,2018.328125,2035.734375
next-20261006,screen-g1-h1.json,ra,g1,{},True,default,32-63,False,reused,32,,,,,topics/s2-assignment-counts/counts.json,False,True,83c8aa3650b328a8e8c44fbc07d08d7d73452ca20a166b04196c0a7ba1f0a57d,25c7f28ff8360e5aeba3c1a8880eb318dbf39d5c,original_topic_baseline,f8638be95ae14954ec3b1029e6008128d7a27f1b,5d19bcb07e6292da267d829d8037e8e439b7a1bc,topics/g1.md,c54bb48368d1b75376996429c790ab2e8895d835a4a9c466d93bfa77274d4947,last measured link for case/label,f7ae82767aab2f6c1717eaec98d0096e86300ffb79c61a91b8aaf5cda0ee9f54,"[""taskset"",""-c"",""32-63"",""/home/callen/work/mold-next-20261006/bin/g1"",""@response.txt"",""-o"",""codex-next.out"",""--no-fork""]",/home/callen/work/mold-bench/wl/ra.d,24,131.6996831446886,139.4083248451352,145.05863096565008,145.05863096565008,2032.154,395.81049999999993,2419.3355,2018.1953125,2028.4609375
next-20261006,screen-g1-h1.json,ra,h1,{},True,default,32-63,False,reused,32,,,,,topics/s2-assignment-counts/counts.json,False,True,63323bbb928fc45b6b090c9f6e2e3aad23170c9401f239ca289e37d9c5614d6b,e3347c30bc6d4827a62357599fb9ac5ae528d08f,original_topic_baseline,f8638be95ae14954ec3b1029e6008128d7a27f1b,7077d37395f4314f588452ee4bbe6798f287dbad,topics/h1.md,c54bb48368d1b75376996429c790ab2e8895d835a4a9c466d93bfa77274d4947,last measured link for case/label,f7ae82767aab2f6c1717eaec98d0096e86300ffb79c61a91b8aaf5cda0ee9f54,"[""taskset"",""-c"",""32-63"",""/home/callen/work/mold-next-20261006/bin/h1"",""@response.txt"",""-o"",""codex-next.out"",""--no-fork""]",/home/callen/work/mold-bench/wl/ra.d,24,136.55332499183714,148.26732221990824,151.78791573271155,151.78791573271155,2036.9735,386.2005,2427.518,2020.716796875,2034.94921875
next-20261006,screen-g1-h1.json,ra-s,baseline,{},True,default,32-63,False,reused,32,,,,,topics/s2-assignment-counts/counts.json,False,True,529467bd57e056195fb71065d51881e0265e4bfabd6d879b2563a2ec9172f184,f8638be95ae14954ec3b1029e6008128d7a27f1b,original_topic_baseline,f8638be95ae14954ec3b1029e6008128d7a27f1b,006bcd0f9f50ce2c1d0660c43cf9b03f51534970,parent frozen baseline,5b7b53af257f19a253831ab081923075b0f10190728da4aa399eab3b15860b6c,last measured link for case/label,f7ae82767aab2f6c1717eaec98d0096e86300ffb79c61a91b8aaf5cda0ee9f54,"[""taskset"",""-c"",""32-63"",""/home/callen/work/mold-next-20261006/bin/baseline"",""@response.txt"",""-o"",""codex-next.out"",""--no-fork"",""--strip-debug""]",/home/callen/work/mold-bench/wl/ra.d,24,113.20966808125377,124.86385507509112,126.0175546631217,126.0175546631217,1633.8509999999999,311.18550000000005,1975.775,1417.912109375,1434.8046875
next-20261006,screen-g1-h1.json,ra-s,g1,{},True,default,32-63,False,reused,32,,,,,topics/s2-assignment-counts/counts.json,False,True,83c8aa3650b328a8e8c44fbc07d08d7d73452ca20a166b04196c0a7ba1f0a57d,25c7f28ff8360e5aeba3c1a8880eb318dbf39d5c,original_topic_baseline,f8638be95ae14954ec3b1029e6008128d7a27f1b,5d19bcb07e6292da267d829d8037e8e439b7a1bc,topics/g1.md,5b7b53af257f19a253831ab081923075b0f10190728da4aa399eab3b15860b6c,last measured link for case/label,f7ae82767aab2f6c1717eaec98d0096e86300ffb79c61a91b8aaf5cda0ee9f54,"[""taskset"",""-c"",""32-63"",""/home/callen/work/mold-next-20261006/bin/g1"",""@response.txt"",""-o"",""codex-next.out"",""--no-fork"",""--strip-debug""]",/home/callen/work/mold-bench/wl/ra.d,24,110.90696766041219,127.42680544033647,135.0904582068324,135.0904582068324,1619.094,326.89799999999997,1976.6299999999997,1418.509765625,1440.30078125
next-20261006,screen-g1-h1.json,ra-s,h1,{},True,default,32-63,False,reused,32,,,,,topics/s2-assignment-counts/counts.json,False,True,63323bbb928fc45b6b090c9f6e2e3aad23170c9401f239ca289e37d9c5614d6b,e3347c30bc6d4827a62357599fb9ac5ae528d08f,original_topic_baseline,f8638be95ae14954ec3b1029e6008128d7a27f1b,7077d37395f4314f588452ee4bbe6798f287dbad,topics/h1.md,5b7b53af257f19a253831ab081923075b0f10190728da4aa399eab3b15860b6c,last measured link for case/label,f7ae82767aab2f6c1717eaec98d0096e86300ffb79c61a91b8aaf5cda0ee9f54,"[""taskset"",""-c"",""32-63"",""/home/callen/work/mold-next-20261006/bin/h1"",""@response.txt"",""-o"",""codex-next.out"",""--no-fork"",""--strip-debug""]",/home/callen/work/mold-bench/wl/ra.d,24,112.42929380387068,131.54926197603345,136.47708296775818,136.47708296775818,1664.7640000000001,325.1155,1966.336,1417.6640625,1433.65625
next-20261006,screen-ms1.json,hello,ms1,{},True,default,32-63,False,reused,1,,,,,topics/s2-assignment-counts/counts.json,False,True,930881d2798b67c8c87b3dcf9bd21b2a6033bf6105a35235144635e41bae7c42,f8bb8d521df7f478c453e8a4d79c41a7c8dd8832,original_topic_baseline,f8638be95ae14954ec3b1029e6008128d7a27f1b,7cb4cd46a1135d505a34e95e6f95a06cbb6195f1,MS1 owner build,7277a7318c05b3cb221c9ddc1995bba0deea7b291589fb6ce0ccf8f3857e3d80,last measured link for case/label,622d9fec93ab946d9f8978be62fb2096516542e1211f414d1d18ddcf263b4d3b,"[""taskset"",""-c"",""32-63"",""/home/callen/work/mold-next-20261006/bin/ms1"",""@response.txt"",""-o"",""codex-next.out"",""--no-fork""]",/home/callen/work/mold-bench/wl/hello/cur,24,4.037639824673533,4.426310304552317,4.753065761178732,4.753065761178732,2.0495,1.798,3.9324999999999997,16.45703125,16.5390625
next-20261006,screen-ms1.json,hello,baseline,{},True,default,32-63,False,reused,1,,,,,topics/s2-assignment-counts/counts.json,False,True,529467bd57e056195fb71065d51881e0265e4bfabd6d879b2563a2ec9172f184,f8638be95ae14954ec3b1029e6008128d7a27f1b,original_topic_baseline,f8638be95ae14954ec3b1029e6008128d7a27f1b,006bcd0f9f50ce2c1d0660c43cf9b03f51534970,parent frozen baseline,7277a7318c05b3cb221c9ddc1995bba0deea7b291589fb6ce0ccf8f3857e3d80,last measured link for case/label,622d9fec93ab946d9f8978be62fb2096516542e1211f414d1d18ddcf263b4d3b,"[""taskset"",""-c"",""32-63"",""/home/callen/work/mold-next-20261006/bin/baseline"",""@response.txt"",""-o"",""codex-next.out"",""--no-fork""]",/home/callen/work/mold-bench/wl/hello/cur,24,3.9141520392149687,4.4839768670499325,4.701788071542978,4.701788071542978,2.4204999999999997,1.3235,3.8095,16.48828125,16.53515625
next-20261006,screen-ms1.json,rhello,ms1,{},True,default,32-63,False,reused,2,,,,,topics/s2-assignment-counts/counts.json,False,True,930881d2798b67c8c87b3dcf9bd21b2a6033bf6105a35235144635e41bae7c42,f8bb8d521df7f478c453e8a4d79c41a7c8dd8832,original_topic_baseline,f8638be95ae14954ec3b1029e6008128d7a27f1b,7cb4cd46a1135d505a34e95e6f95a06cbb6195f1,MS1 owner build,967631a389972f215d294980db400e57627ca2a4fdc60a7316b5bbeb7cf998b6,last measured link for case/label,622d9fec93ab946d9f8978be62fb2096516542e1211f414d1d18ddcf263b4d3b,"[""taskset"",""-c"",""32-63"",""/home/callen/work/mold-next-20261006/bin/ms1"",""@response.txt"",""-o"",""codex-next.out"",""--no-fork""]",/home/callen/work/mold-bench/wl/rhello/cur,24,11.379140662029386,11.954628862440586,12.071996927261353,12.071996927261353,10.3195,7.159,17.563000000000002,46.7421875,48.3828125
next-20261006,screen-ms1.json,rhello,baseline,{},True,default,32-63,False,reused,2,,,,,topics/s2-assignment-counts/counts.json,False,True,529467bd57e056195fb71065d51881e0265e4bfabd6d879b2563a2ec9172f184,f8638be95ae14954ec3b1029e6008128d7a27f1b,original_topic_baseline,f8638be95ae14954ec3b1029e6008128d7a27f1b,006bcd0f9f50ce2c1d0660c43cf9b03f51534970,parent frozen baseline,967631a389972f215d294980db400e57627ca2a4fdc60a7316b5bbeb7cf998b6,last measured link for case/label,622d9fec93ab946d9f8978be62fb2096516542e1211f414d1d18ddcf263b4d3b,"[""taskset"",""-c"",""32-63"",""/home/callen/work/mold-next-20261006/bin/baseline"",""@response.txt"",""-o"",""codex-next.out"",""--no-fork""]",/home/callen/work/mold-bench/wl/rhello/cur,24,11.799874249845743,12.12196284905076,12.278972193598747,12.278972193598747,10.642,7.0409999999999995,18.277,46.4921875,48.10546875
next-20261006,screen-ms1.json,tblgen,ms1,{},True,default,32-63,False,reused,12,,,,,topics/s2-assignment-counts/counts.json,False,True,930881d2798b67c8c87b3dcf9bd21b2a6033bf6105a35235144635e41bae7c42,f8bb8d521df7f478c453e8a4d79c41a7c8dd8832,original_topic_baseline,f8638be95ae14954ec3b1029e6008128d7a27f1b,7cb4cd46a1135d505a34e95e6f95a06cbb6195f1,MS1 owner build,63b068abefeb622662818685a0794d8e5c7e8a5d651213eda3577810ea3369cd,last measured link for case/label,622d9fec93ab946d9f8978be62fb2096516542e1211f414d1d18ddcf263b4d3b,"[""taskset"",""-c"",""32-63"",""/home/callen/work/mold-next-20261006/bin/ms1"",""@response.txt"",""-o"",""codex-next.out"",""--no-fork""]",/home/callen/work/mold-bench/wl/tblgen/cur,24,18.105977214872837,18.97823205217719,19.783675204962492,19.783675204962492,74.357,41.653000000000006,116.314,178.65625,181.578125
next-20261006,screen-ms1.json,tblgen,baseline,{},True,default,32-63,False,reused,12,,,,,topics/s2-assignment-counts/counts.json,False,True,529467bd57e056195fb71065d51881e0265e4bfabd6d879b2563a2ec9172f184,f8638be95ae14954ec3b1029e6008128d7a27f1b,original_topic_baseline,f8638be95ae14954ec3b1029e6008128d7a27f1b,006bcd0f9f50ce2c1d0660c43cf9b03f51534970,parent frozen baseline,63b068abefeb622662818685a0794d8e5c7e8a5d651213eda3577810ea3369cd,last measured link for case/label,622d9fec93ab946d9f8978be62fb2096516542e1211f414d1d18ddcf263b4d3b,"[""taskset"",""-c"",""32-63"",""/home/callen/work/mold-next-20261006/bin/baseline"",""@response.txt"",""-o"",""codex-next.out"",""--no-fork""]",/home/callen/work/mold-bench/wl/tblgen/cur,24,18.378736451268196,19.03846301138401,19.446793012320995,19.446793012320995,67.4735,49.527,119.7955,177.658203125,180.640625
next-20261006,screen-ms1.json,lld,ms1,{},True,default,32-63,False,reused,32,,,,,topics/s2-assignment-counts/counts.json,False,True,930881d2798b67c8c87b3dcf9bd21b2a6033bf6105a35235144635e41bae7c42,f8bb8d521df7f478c453e8a4d79c41a7c8dd8832,original_topic_baseline,f8638be95ae14954ec3b1029e6008128d7a27f1b,7cb4cd46a1135d505a34e95e6f95a06cbb6195f1,MS1 owner build,5de7d2ef5dc164818fdbdb3d53d1f433c4bf90a9755bdce13b88e694fafcb763,last measured link for case/label,622d9fec93ab946d9f8978be62fb2096516542e1211f414d1d18ddcf263b4d3b,"[""taskset"",""-c"",""32-63"",""/home/callen/work/mold-next-20261006/bin/ms1"",""@response.txt"",""-o"",""codex-next.out"",""--no-fork""]",/home/callen/work/mold-bench/wl/lld/cur,24,220.9650028962642,249.67007199302316,258.3286860026419,258.3286860026419,1418.8065,3917.183,5348.205,2726.3359375,2744.2265625
next-20261006,screen-ms1.json,lld,baseline,{},True,default,32-63,False,reused,32,,,,,topics/s2-assignment-counts/counts.json,False,True,529467bd57e056195fb71065d51881e0265e4bfabd6d879b2563a2ec9172f184,f8638be95ae14954ec3b1029e6008128d7a27f1b,original_topic_baseline,f8638be95ae14954ec3b1029e6008128d7a27f1b,006bcd0f9f50ce2c1d0660c43cf9b03f51534970,parent frozen baseline,5de7d2ef5dc164818fdbdb3d53d1f433c4bf90a9755bdce13b88e694fafcb763,last measured link for case/label,622d9fec93ab946d9f8978be62fb2096516542e1211f414d1d18ddcf263b4d3b,"[""taskset"",""-c"",""32-63"",""/home/callen/work/mold-next-20261006/bin/baseline"",""@response.txt"",""-o"",""codex-next.out"",""--no-fork""]",/home/callen/work/mold-bench/wl/lld/cur,24,213.55917328037322,252.059830352664,258.8908700272441,258.8908700272441,1304.877,3865.49,5174.520499999999,2724.58984375,2750.4375
next-20261006,screen-ms1.json,clang,ms1,{},True,default,32-63,False,reused,32,,,,,topics/s2-assignment-counts/counts.json,False,True,930881d2798b67c8c87b3dcf9bd21b2a6033bf6105a35235144635e41bae7c42,f8bb8d521df7f478c453e8a4d79c41a7c8dd8832,original_topic_baseline,f8638be95ae14954ec3b1029e6008128d7a27f1b,7cb4cd46a1135d505a34e95e6f95a06cbb6195f1,MS1 owner build,3fa34d9efa75ab05e4a553e9116f5943bd6a3defa8ba3b3c017b1aef37216c88,last measured link for case/label,622d9fec93ab946d9f8978be62fb2096516542e1211f414d1d18ddcf263b4d3b,"[""taskset"",""-c"",""32-63"",""/home/callen/work/mold-next-20261006/bin/ms1"",""@response.txt"",""-o"",""codex-next.out"",""--no-fork""]",/home/callen/work/mold-bench/wl/clang.d,24,142.52211339771748,158.5939829237759,159.43187614902854,159.43187614902854,2527.8665,530.208,3062.2115,4708.326171875,4724.38671875
next-20261006,screen-ms1.json,clang,baseline,{},True,default,32-63,False,reused,32,,,,,topics/s2-assignment-counts/counts.json,False,True,529467bd57e056195fb71065d51881e0265e4bfabd6d879b2563a2ec9172f184,f8638be95ae14954ec3b1029e6008128d7a27f1b,original_topic_baseline,f8638be95ae14954ec3b1029e6008128d7a27f1b,006bcd0f9f50ce2c1d0660c43cf9b03f51534970,parent frozen baseline,3fa34d9efa75ab05e4a553e9116f5943bd6a3defa8ba3b3c017b1aef37216c88,last measured link for case/label,622d9fec93ab946d9f8978be62fb2096516542e1211f414d1d18ddcf263b4d3b,"[""taskset"",""-c"",""32-63"",""/home/callen/work/mold-next-20261006/bin/baseline"",""@response.txt"",""-o"",""codex-next.out"",""--no-fork""]",/home/callen/work/mold-bench/wl/clang.d,24,135.99980087019503,161.75827663391829,177.5203151628375,177.5203151628375,2363.3900000000003,518.7055,2898.0805,4705.8203125,4735.09765625
next-20261006,screen-ms1.json,clang-s,ms1,{},True,default,32-63,False,reused,32,,,,,topics/s2-assignment-counts/counts.json,False,True,930881d2798b67c8c87b3dcf9bd21b2a6033bf6105a35235144635e41bae7c42,f8bb8d521df7f478c453e8a4d79c41a7c8dd8832,original_topic_baseline,f8638be95ae14954ec3b1029e6008128d7a27f1b,7cb4cd46a1135d505a34e95e6f95a06cbb6195f1,MS1 owner build,982ccb2f6847c86c8c5fc9e63631c3b3fb4276b3ecf4a808c55100a032a80c28,last measured link for case/label,622d9fec93ab946d9f8978be62fb2096516542e1211f414d1d18ddcf263b4d3b,"[""taskset"",""-c"",""32-63"",""/home/callen/work/mold-next-20261006/bin/ms1"",""@response.txt"",""-o"",""codex-next.out"",""--no-fork"",""--strip-debug""]",/home/callen/work/mold-bench/wl/clang.d,24,60.427789343521,64.80352813377976,65.79283904284239,65.79283904284239,877.0884999999998,243.75549999999998,1121.379,1369.322265625,1382.203125
next-20261006,screen-ms1.json,clang-s,baseline,{},True,default,32-63,False,reused,32,,,,,topics/s2-assignment-counts/counts.json,False,True,529467bd57e056195fb71065d51881e0265e4bfabd6d879b2563a2ec9172f184,f8638be95ae14954ec3b1029e6008128d7a27f1b,original_topic_baseline,f8638be95ae14954ec3b1029e6008128d7a27f1b,006bcd0f9f50ce2c1d0660c43cf9b03f51534970,parent frozen baseline,982ccb2f6847c86c8c5fc9e63631c3b3fb4276b3ecf4a808c55100a032a80c28,last measured link for case/label,622d9fec93ab946d9f8978be62fb2096516542e1211f414d1d18ddcf263b4d3b,"[""taskset"",""-c"",""32-63"",""/home/callen/work/mold-next-20261006/bin/baseline"",""@response.txt"",""-o"",""codex-next.out"",""--no-fork"",""--strip-debug""]",/home/callen/work/mold-bench/wl/clang.d,24,59.473120141774416,62.8844341263175,64.88334899768233,64.88334899768233,869.9144999999999,252.1605,1124.163,1366.986328125,1385.515625
next-20261006,screen-ms1.json,ra,ms1,{},True,default,32-63,False,reused,32,,,,,topics/s2-assignment-counts/counts.json,False,True,930881d2798b67c8c87b3dcf9bd21b2a6033bf6105a35235144635e41bae7c42,f8bb8d521df7f478c453e8a4d79c41a7c8dd8832,original_topic_baseline,f8638be95ae14954ec3b1029e6008128d7a27f1b,7cb4cd46a1135d505a34e95e6f95a06cbb6195f1,MS1 owner build,c54bb48368d1b75376996429c790ab2e8895d835a4a9c466d93bfa77274d4947,last measured link for case/label,622d9fec93ab946d9f8978be62fb2096516542e1211f414d1d18ddcf263b4d3b,"[""taskset"",""-c"",""32-63"",""/home/callen/work/mold-next-20261006/bin/ms1"",""@response.txt"",""-o"",""codex-next.out"",""--no-fork""]",/home/callen/work/mold-bench/wl/ra.d,24,138.2639806251973,161.18160402402282,163.11435913667083,163.11435913667083,2016.656,367.68449999999996,2399.6040000000003,2012.689453125,2041.703125
next-20261006,screen-ms1.json,ra,baseline,{},True,default,32-63,False,reused,32,,,,,topics/s2-assignment-counts/counts.json,False,True,529467bd57e056195fb71065d51881e0265e4bfabd6d879b2563a2ec9172f184,f8638be95ae14954ec3b1029e6008128d7a27f1b,original_topic_baseline,f8638be95ae14954ec3b1029e6008128d7a27f1b,006bcd0f9f50ce2c1d0660c43cf9b03f51534970,parent frozen baseline,c54bb48368d1b75376996429c790ab2e8895d835a4a9c466d93bfa77274d4947,last measured link for case/label,622d9fec93ab946d9f8978be62fb2096516542e1211f414d1d18ddcf263b4d3b,"[""taskset"",""-c"",""32-63"",""/home/callen/work/mold-next-20261006/bin/baseline"",""@response.txt"",""-o"",""codex-next.out"",""--no-fork""]",/home/callen/work/mold-bench/wl/ra.d,24,135.40703826583922,149.9513373710215,159.57466512918472,159.57466512918472,2019.7224999999999,392.1255,2405.9030000000002,2019.455078125,2029.23828125
next-20261006,screen-ms1.json,ra-s,ms1,{},True,default,32-63,False,reused,32,,,,,topics/s2-assignment-counts/counts.json,False,True,930881d2798b67c8c87b3dcf9bd21b2a6033bf6105a35235144635e41bae7c42,f8bb8d521df7f478c453e8a4d79c41a7c8dd8832,original_topic_baseline,f8638be95ae14954ec3b1029e6008128d7a27f1b,7cb4cd46a1135d505a34e95e6f95a06cbb6195f1,MS1 owner build,5b7b53af257f19a253831ab081923075b0f10190728da4aa399eab3b15860b6c,last measured link for case/label,622d9fec93ab946d9f8978be62fb2096516542e1211f414d1d18ddcf263b4d3b,"[""taskset"",""-c"",""32-63"",""/home/callen/work/mold-next-20261006/bin/ms1"",""@response.txt"",""-o"",""codex-next.out"",""--no-fork"",""--strip-debug""]",/home/callen/work/mold-bench/wl/ra.d,24,117.13176779448986,126.12522579729557,126.39324180781841,126.39324180781841,1622.8155000000002,315.236,1928.117,1415.16015625,1429.55078125
next-20261006,screen-ms1.json,ra-s,baseline,{},True,default,32-63,False,reused,32,,,,,topics/s2-assignment-counts/counts.json,False,True,529467bd57e056195fb71065d51881e0265e4bfabd6d879b2563a2ec9172f184,f8638be95ae14954ec3b1029e6008128d7a27f1b,original_topic_baseline,f8638be95ae14954ec3b1029e6008128d7a27f1b,006bcd0f9f50ce2c1d0660c43cf9b03f51534970,parent frozen baseline,5b7b53af257f19a253831ab081923075b0f10190728da4aa399eab3b15860b6c,last measured link for case/label,622d9fec93ab946d9f8978be62fb2096516542e1211f414d1d18ddcf263b4d3b,"[""taskset"",""-c"",""32-63"",""/home/callen/work/mold-next-20261006/bin/baseline"",""@response.txt"",""-o"",""codex-next.out"",""--no-fork"",""--strip-debug""]",/home/callen/work/mold-bench/wl/ra.d,24,116.46670754998922,131.11264584586024,131.50988006964326,131.50988006964326,1609.9785000000002,322.976,1937.5075,1415.6875,1441.328125
next-20261006,screen-p1.json,hello,p1,{},True,default,32-63,False,reused,1,,,,,topics/s2-assignment-counts/counts.json,False,True,b5728f858fcea4d121c1400817d5fa738c61181e22256fb932d9ecf9fb5b27b7,871cfa702559c162bd7ff9ee50a6b16610416d9f,original_topic_baseline,f8638be95ae14954ec3b1029e6008128d7a27f1b,f4190d753f899c9435a22eb3eae3187651b7637c,topics/p1.md v1,7277a7318c05b3cb221c9ddc1995bba0deea7b291589fb6ce0ccf8f3857e3d80,last measured link for case/label,08a61d3f146f84ba459ac92f21466c9a9b1a5891aedd24d2fc2a417365cb7396,"[""taskset"",""-c"",""32-63"",""/home/callen/work/mold-next-20261006/bin/p1"",""@response.txt"",""-o"",""codex-next.out"",""--no-fork""]",/home/callen/work/mold-bench/wl/hello/cur,24,3.3488760236650705,3.778577782213688,4.327502101659775,4.327502101659775,1.9084999999999999,1.2690000000000001,3.207,17.28515625,17.28515625
next-20261006,screen-p1.json,hello,baseline,{},True,default,32-63,False,reused,1,,,,,topics/s2-assignment-counts/counts.json,False,True,529467bd57e056195fb71065d51881e0265e4bfabd6d879b2563a2ec9172f184,f8638be95ae14954ec3b1029e6008128d7a27f1b,original_topic_baseline,f8638be95ae14954ec3b1029e6008128d7a27f1b,006bcd0f9f50ce2c1d0660c43cf9b03f51534970,parent frozen baseline,7277a7318c05b3cb221c9ddc1995bba0deea7b291589fb6ce0ccf8f3857e3d80,last measured link for case/label,08a61d3f146f84ba459ac92f21466c9a9b1a5891aedd24d2fc2a417365cb7396,"[""taskset"",""-c"",""32-63"",""/home/callen/work/mold-next-20261006/bin/baseline"",""@response.txt"",""-o"",""codex-next.out"",""--no-fork""]",/home/callen/work/mold-bench/wl/hello/cur,24,3.6374139599502087,4.036500118672848,4.249402787536383,4.249402787536383,2.1755,1.0875,3.5069999999999997,17.28515625,17.28515625
next-20261006,screen-p1.json,rhello,p1,{},True,default,32-63,False,reused,2,,,,,topics/s2-assignment-counts/counts.json,False,True,b5728f858fcea4d121c1400817d5fa738c61181e22256fb932d9ecf9fb5b27b7,871cfa702559c162bd7ff9ee50a6b16610416d9f,original_topic_baseline,f8638be95ae14954ec3b1029e6008128d7a27f1b,f4190d753f899c9435a22eb3eae3187651b7637c,topics/p1.md v1,967631a389972f215d294980db400e57627ca2a4fdc60a7316b5bbeb7cf998b6,last measured link for case/label,08a61d3f146f84ba459ac92f21466c9a9b1a5891aedd24d2fc2a417365cb7396,"[""taskset"",""-c"",""32-63"",""/home/callen/work/mold-next-20261006/bin/p1"",""@response.txt"",""-o"",""codex-next.out"",""--no-fork""]",/home/callen/work/mold-bench/wl/rhello/cur,24,11.531476629897952,12.463146355003119,13.15080001950264,13.15080001950264,9.832999999999998,7.5665,17.785999999999998,46.41015625,48.40234375
next-20261006,screen-p1.json,rhello,baseline,{},True,default,32-63,False,reused,2,,,,,topics/s2-assignment-counts/counts.json,False,True,529467bd57e056195fb71065d51881e0265e4bfabd6d879b2563a2ec9172f184,f8638be95ae14954ec3b1029e6008128d7a27f1b,original_topic_baseline,f8638be95ae14954ec3b1029e6008128d7a27f1b,006bcd0f9f50ce2c1d0660c43cf9b03f51534970,parent frozen baseline,967631a389972f215d294980db400e57627ca2a4fdc60a7316b5bbeb7cf998b6,last measured link for case/label,08a61d3f146f84ba459ac92f21466c9a9b1a5891aedd24d2fc2a417365cb7396,"[""taskset"",""-c"",""32-63"",""/home/callen/work/mold-next-20261006/bin/baseline"",""@response.txt"",""-o"",""codex-next.out"",""--no-fork""]",/home/callen/work/mold-bench/wl/rhello/cur,24,11.785095324739814,12.67464691773057,12.910034973174334,12.910034973174334,9.443999999999999,8.660499999999999,18.314,46.5078125,48.546875
next-20261006,screen-p1.json,tblgen,p1,{},True,default,32-63,False,reused,12,,,,,topics/s2-assignment-counts/counts.json,False,True,b5728f858fcea4d121c1400817d5fa738c61181e22256fb932d9ecf9fb5b27b7,871cfa702559c162bd7ff9ee50a6b16610416d9f,original_topic_baseline,f8638be95ae14954ec3b1029e6008128d7a27f1b,f4190d753f899c9435a22eb3eae3187651b7637c,topics/p1.md v1,63b068abefeb622662818685a0794d8e5c7e8a5d651213eda3577810ea3369cd,last measured link for case/label,08a61d3f146f84ba459ac92f21466c9a9b1a5891aedd24d2fc2a417365cb7396,"[""taskset"",""-c"",""32-63"",""/home/callen/work/mold-next-20261006/bin/p1"",""@response.txt"",""-o"",""codex-next.out"",""--no-fork""]",/home/callen/work/mold-bench/wl/tblgen/cur,24,18.196302000433207,19.193836953490973,19.332917872816324,19.332917872816324,70.2435,46.925,118.61699999999999,177.65625,180.63671875
next-20261006,screen-p1.json,tblgen,baseline,{},True,default,32-63,False,reused,12,,,,,topics/s2-assignment-counts/counts.json,False,True,529467bd57e056195fb71065d51881e0265e4bfabd6d879b2563a2ec9172f184,f8638be95ae14954ec3b1029e6008128d7a27f1b,original_topic_baseline,f8638be95ae14954ec3b1029e6008128d7a27f1b,006bcd0f9f50ce2c1d0660c43cf9b03f51534970,parent frozen baseline,63b068abefeb622662818685a0794d8e5c7e8a5d651213eda3577810ea3369cd,last measured link for case/label,08a61d3f146f84ba459ac92f21466c9a9b1a5891aedd24d2fc2a417365cb7396,"[""taskset"",""-c"",""32-63"",""/home/callen/work/mold-next-20261006/bin/baseline"",""@response.txt"",""-o"",""codex-next.out"",""--no-fork""]",/home/callen/work/mold-bench/wl/tblgen/cur,24,17.897998681291938,18.881411757320166,19.028204958885908,19.028204958885908,73.28899999999999,40.461999999999996,115.318,178.2265625,181.91796875
next-20261006,screen-p1.json,lld,p1,{},True,default,32-63,False,reused,32,,,,,topics/s2-assignment-counts/counts.json,False,True,b5728f858fcea4d121c1400817d5fa738c61181e22256fb932d9ecf9fb5b27b7,871cfa702559c162bd7ff9ee50a6b16610416d9f,original_topic_baseline,f8638be95ae14954ec3b1029e6008128d7a27f1b,f4190d753f899c9435a22eb3eae3187651b7637c,topics/p1.md v1,5de7d2ef5dc164818fdbdb3d53d1f433c4bf90a9755bdce13b88e694fafcb763,last measured link for case/label,08a61d3f146f84ba459ac92f21466c9a9b1a5891aedd24d2fc2a417365cb7396,"[""taskset"",""-c"",""32-63"",""/home/callen/work/mold-next-20261006/bin/p1"",""@response.txt"",""-o"",""codex-next.out"",""--no-fork""]",/home/callen/work/mold-bench/wl/lld/cur,24,203.32874613814056,207.82942324876785,214.2208102159202,214.2208102159202,1308.125,4273.369000000001,5601.315500000001,2718.37109375,2764.0390625
next-20261006,screen-p1.json,lld,baseline,{},True,default,32-63,False,reused,32,,,,,topics/s2-assignment-counts/counts.json,False,True,529467bd57e056195fb71065d51881e0265e4bfabd6d879b2563a2ec9172f184,f8638be95ae14954ec3b1029e6008128d7a27f1b,original_topic_baseline,f8638be95ae14954ec3b1029e6008128d7a27f1b,006bcd0f9f50ce2c1d0660c43cf9b03f51534970,parent frozen baseline,5de7d2ef5dc164818fdbdb3d53d1f433c4bf90a9755bdce13b88e694fafcb763,last measured link for case/label,08a61d3f146f84ba459ac92f21466c9a9b1a5891aedd24d2fc2a417365cb7396,"[""taskset"",""-c"",""32-63"",""/home/callen/work/mold-next-20261006/bin/baseline"",""@response.txt"",""-o"",""codex-next.out"",""--no-fork""]",/home/callen/work/mold-bench/wl/lld/cur,24,203.94661626778543,208.20335997268558,209.34070320799947,209.34070320799947,1322.9655,4254.875,5570.637499999999,2733.41796875,2760.85546875
next-20261006,screen-p1.json,clang,p1,{},True,default,32-63,False,reused,32,,,,,topics/s2-assignment-counts/counts.json,False,True,b5728f858fcea4d121c1400817d5fa738c61181e22256fb932d9ecf9fb5b27b7,871cfa702559c162bd7ff9ee50a6b16610416d9f,original_topic_baseline,f8638be95ae14954ec3b1029e6008128d7a27f1b,f4190d753f899c9435a22eb3eae3187651b7637c,topics/p1.md v1,3fa34d9efa75ab05e4a553e9116f5943bd6a3defa8ba3b3c017b1aef37216c88,last measured link for case/label,08a61d3f146f84ba459ac92f21466c9a9b1a5891aedd24d2fc2a417365cb7396,"[""taskset"",""-c"",""32-63"",""/home/callen/work/mold-next-20261006/bin/p1"",""@response.txt"",""-o"",""codex-next.out"",""--no-fork""]",/home/callen/work/mold-bench/wl/clang.d,24,210.97596269100904,219.97711807489395,220.2963070012629,220.2963070012629,2179.91,3096.4955,5230.899,4705.091796875,4735.4375
next-20261006,screen-p1.json,clang,baseline,{},True,default,32-63,False,reused,32,,,,,topics/s2-assignment-counts/counts.json,False,True,529467bd57e056195fb71065d51881e0265e4bfabd6d879b2563a2ec9172f184,f8638be95ae14954ec3b1029e6008128d7a27f1b,original_topic_baseline,f8638be95ae14954ec3b1029e6008128d7a27f1b,006bcd0f9f50ce2c1d0660c43cf9b03f51534970,parent frozen baseline,3fa34d9efa75ab05e4a553e9116f5943bd6a3defa8ba3b3c017b1aef37216c88,last measured link for case/label,08a61d3f146f84ba459ac92f21466c9a9b1a5891aedd24d2fc2a417365cb7396,"[""taskset"",""-c"",""32-63"",""/home/callen/work/mold-next-20261006/bin/baseline"",""@response.txt"",""-o"",""codex-next.out"",""--no-fork""]",/home/callen/work/mold-bench/wl/clang.d,24,209.27403564564884,217.2633591108024,224.1241899318993,224.1241899318993,2172.5895,3174.1195,5361.8414999999995,4707.541015625,4749.13671875
next-20261006,screen-p1.json,clang-s,p1,{},True,default,32-63,False,reused,32,,,,,topics/s2-assignment-counts/counts.json,False,True,b5728f858fcea4d121c1400817d5fa738c61181e22256fb932d9ecf9fb5b27b7,871cfa702559c162bd7ff9ee50a6b16610416d9f,original_topic_baseline,f8638be95ae14954ec3b1029e6008128d7a27f1b,f4190d753f899c9435a22eb3eae3187651b7637c,topics/p1.md v1,982ccb2f6847c86c8c5fc9e63631c3b3fb4276b3ecf4a808c55100a032a80c28,last measured link for case/label,08a61d3f146f84ba459ac92f21466c9a9b1a5891aedd24d2fc2a417365cb7396,"[""taskset"",""-c"",""32-63"",""/home/callen/work/mold-next-20261006/bin/p1"",""@response.txt"",""-o"",""codex-next.out"",""--no-fork"",""--strip-debug""]",/home/callen/work/mold-bench/wl/clang.d,24,58.376692002639174,62.82043969258666,68.02873779088259,68.02873779088259,852.6289999999999,237.2165,1116.0339999999999,1366.861328125,1387.02734375
next-20261006,screen-p1.json,clang-s,baseline,{},True,default,32-63,False,reused,32,,,,,topics/s2-assignment-counts/counts.json,False,True,529467bd57e056195fb71065d51881e0265e4bfabd6d879b2563a2ec9172f184,f8638be95ae14954ec3b1029e6008128d7a27f1b,original_topic_baseline,f8638be95ae14954ec3b1029e6008128d7a27f1b,006bcd0f9f50ce2c1d0660c43cf9b03f51534970,parent frozen baseline,982ccb2f6847c86c8c5fc9e63631c3b3fb4276b3ecf4a808c55100a032a80c28,last measured link for case/label,08a61d3f146f84ba459ac92f21466c9a9b1a5891aedd24d2fc2a417365cb7396,"[""taskset"",""-c"",""32-63"",""/home/callen/work/mold-next-20261006/bin/baseline"",""@response.txt"",""-o"",""codex-next.out"",""--no-fork"",""--strip-debug""]",/home/callen/work/mold-bench/wl/clang.d,24,58.10738820582628,64.28619520738721,66.55883602797985,66.55883602797985,854.9075,263.5265,1112.5095000000001,1367.1640625,1390.76171875
next-20261006,screen-p1.json,ra,p1,{},True,default,32-63,False,reused,32,,,,,topics/s2-assignment-counts/counts.json,False,True,b5728f858fcea4d121c1400817d5fa738c61181e22256fb932d9ecf9fb5b27b7,871cfa702559c162bd7ff9ee50a6b16610416d9f,original_topic_baseline,f8638be95ae14954ec3b1029e6008128d7a27f1b,f4190d753f899c9435a22eb3eae3187651b7637c,topics/p1.md v1,c54bb48368d1b75376996429c790ab2e8895d835a4a9c466d93bfa77274d4947,last measured link for case/label,08a61d3f146f84ba459ac92f21466c9a9b1a5891aedd24d2fc2a417365cb7396,"[""taskset"",""-c"",""32-63"",""/home/callen/work/mold-next-20261006/bin/p1"",""@response.txt"",""-o"",""codex-next.out"",""--no-fork""]",/home/callen/work/mold-bench/wl/ra.d,24,131.6444780677557,150.90795420110226,157.0039400830865,157.0039400830865,1991.946,371.506,2374.3160000000003,2015.296875,2036.4765625
next-20261006,screen-p1.json,ra,baseline,{},True,default,32-63,False,reused,32,,,,,topics/s2-assignment-counts/counts.json,False,True,529467bd57e056195fb71065d51881e0265e4bfabd6d879b2563a2ec9172f184,f8638be95ae14954ec3b1029e6008128d7a27f1b,original_topic_baseline,f8638be95ae14954ec3b1029e6008128d7a27f1b,006bcd0f9f50ce2c1d0660c43cf9b03f51534970,parent frozen baseline,c54bb48368d1b75376996429c790ab2e8895d835a4a9c466d93bfa77274d4947,last measured link for case/label,08a61d3f146f84ba459ac92f21466c9a9b1a5891aedd24d2fc2a417365cb7396,"[""taskset"",""-c"",""32-63"",""/home/callen/work/mold-next-20261006/bin/baseline"",""@response.txt"",""-o"",""codex-next.out"",""--no-fork""]",/home/callen/work/mold-bench/wl/ra.d,24,128.97040229290724,156.33922116830945,160.82006366923451,160.82006366923451,2029.987,366.2585,2396.366,2014.4296875,2032.109375
next-20261006,screen-p1.json,ra-s,p1,{},True,default,32-63,False,reused,32,,,,,topics/s2-assignment-counts/counts.json,False,True,b5728f858fcea4d121c1400817d5fa738c61181e22256fb932d9ecf9fb5b27b7,871cfa702559c162bd7ff9ee50a6b16610416d9f,original_topic_baseline,f8638be95ae14954ec3b1029e6008128d7a27f1b,f4190d753f899c9435a22eb3eae3187651b7637c,topics/p1.md v1,5b7b53af257f19a253831ab081923075b0f10190728da4aa399eab3b15860b6c,last measured link for case/label,08a61d3f146f84ba459ac92f21466c9a9b1a5891aedd24d2fc2a417365cb7396,"[""taskset"",""-c"",""32-63"",""/home/callen/work/mold-next-20261006/bin/p1"",""@response.txt"",""-o"",""codex-next.out"",""--no-fork"",""--strip-debug""]",/home/callen/work/mold-bench/wl/ra.d,24,112.84714797511697,124.16023714467883,128.12713021412492,128.12713021412492,1605.3105,341.19,1926.5645,1417.8515625,1435.93359375
next-20261006,screen-p1.json,ra-s,baseline,{},True,default,32-63,False,reused,32,,,,,topics/s2-assignment-counts/counts.json,False,True,529467bd57e056195fb71065d51881e0265e4bfabd6d879b2563a2ec9172f184,f8638be95ae14954ec3b1029e6008128d7a27f1b,original_topic_baseline,f8638be95ae14954ec3b1029e6008128d7a27f1b,006bcd0f9f50ce2c1d0660c43cf9b03f51534970,parent frozen baseline,5b7b53af257f19a253831ab081923075b0f10190728da4aa399eab3b15860b6c,last measured link for case/label,08a61d3f146f84ba459ac92f21466c9a9b1a5891aedd24d2fc2a417365cb7396,"[""taskset"",""-c"",""32-63"",""/home/callen/work/mold-next-20261006/bin/baseline"",""@response.txt"",""-o"",""codex-next.out"",""--no-fork"",""--strip-debug""]",/home/callen/work/mold-bench/wl/ra.d,24,112.76376689784229,124.84491476789117,130.10786613449454,130.10786613449454,1615.8410000000001,321.59599999999995,1943.281,1415.1953125,1434.2109375
next-20261006,screen-second.json,hello,p1,{},True,default,32-63,False,reused,1,,,,,topics/s2-assignment-counts/counts.json,False,True,be6e3fab81c17a0fc5234823845a45418ab9f2cb64e7d11acfe43f539fd82cc4,e0f2d3e942fc9985b202f8d2f9327d79acd90e78,original_topic_baseline,f8638be95ae14954ec3b1029e6008128d7a27f1b,d5c11653b174fb1a42dab3b725c2cb08b2b2828e,parent message P1 v2,7277a7318c05b3cb221c9ddc1995bba0deea7b291589fb6ce0ccf8f3857e3d80,last measured link for case/label,f5383d7244a37597021b8400ee17243e46a3497d27a2b7aff227c3475d0d306d,"[""taskset"",""-c"",""32-63"",""/home/callen/work/mold-next-20261006/bin/p1"",""@response.txt"",""-o"",""codex-next.out"",""--no-fork""]",/home/callen/work/mold-bench/wl/hello/cur,24,3.60671803355217,3.9784773252904415,4.087572917342186,4.087572917342186,1.7425,1.8365,3.4985,16.22265625,16.22265625
next-20261006,screen-second.json,hello,cr2,{},True,default,32-63,False,reused,1,,,,,topics/s2-assignment-counts/counts.json,False,True,78ed4a2db7d8b0fe21c00dbab63a5db24ef8869a908ccd1641de3a334e07cdf8,7f9e54cee5c55fb729107a7827d80aa84158868a,original_topic_baseline,f8638be95ae14954ec3b1029e6008128d7a27f1b,c1f5323cafa824e51ce869ebe92320ad35f9da8a,CR owner message clean production,7277a7318c05b3cb221c9ddc1995bba0deea7b291589fb6ce0ccf8f3857e3d80,last measured link for case/label,f5383d7244a37597021b8400ee17243e46a3497d27a2b7aff227c3475d0d306d,"[""taskset"",""-c"",""32-63"",""/home/callen/work/mold-next-20261006/bin/cr2"",""@response.txt"",""-o"",""codex-next.out"",""--no-fork""]",/home/callen/work/mold-bench/wl/hello/cur,24,4.033280303701758,4.6593910083174706,4.944112151861191,4.944112151861191,2.0035,1.9425,3.9139999999999997,16.50390625,16.5390625
next-20261006,screen-second.json,hello,baseline,{},True,default,32-63,False,reused,1,,,,,topics/s2-assignment-counts/counts.json,False,True,529467bd57e056195fb71065d51881e0265e4bfabd6d879b2563a2ec9172f184,f8638be95ae14954ec3b1029e6008128d7a27f1b,original_topic_baseline,f8638be95ae14954ec3b1029e6008128d7a27f1b,006bcd0f9f50ce2c1d0660c43cf9b03f51534970,parent frozen baseline,7277a7318c05b3cb221c9ddc1995bba0deea7b291589fb6ce0ccf8f3857e3d80,last measured link for case/label,f5383d7244a37597021b8400ee17243e46a3497d27a2b7aff227c3475d0d306d,"[""taskset"",""-c"",""32-63"",""/home/callen/work/mold-next-20261006/bin/baseline"",""@response.txt"",""-o"",""codex-next.out"",""--no-fork""]",/home/callen/work/mold-bench/wl/hello/cur,24,4.060477018356323,4.438926000148058,4.573228769004345,4.573228769004345,1.943,1.9695,3.9364999999999997,16.478515625,16.52734375
next-20261006,screen-second.json,hello,ms2,{},True,default,32-63,False,reused,1,,,,,topics/s2-assignment-counts/counts.json,False,True,9204becb1de90c9d8d5c0871cb350050282b10bc5aa4b9d3b459d18f24cc780e,10fcda6c688f474571b79c63f6c23c16e7d89269,original_topic_baseline,f8638be95ae14954ec3b1029e6008128d7a27f1b,7fbd4618037a012422eb044f2704d78818cc7779,MS2 v1 owner build,7277a7318c05b3cb221c9ddc1995bba0deea7b291589fb6ce0ccf8f3857e3d80,last measured link for case/label,f5383d7244a37597021b8400ee17243e46a3497d27a2b7aff227c3475d0d306d,"[""taskset"",""-c"",""32-63"",""/home/callen/work/mold-next-20261006/bin/ms2"",""@response.txt"",""-o"",""codex-next.out"",""--no-fork""]",/home/callen/work/mold-bench/wl/hello/cur,24,3.9315714966505766,4.069384653121233,4.129095934331417,4.129095934331417,1.879,1.976,3.831,16.46484375,16.53515625
next-20261006,screen-second.json,hello,h2,{},True,default,32-63,False,reused,1,,,,,topics/s2-assignment-counts/counts.json,False,True,50c2ca9372565b00411f352f1053f1e2227984a9a53b9cd83713edb37d23d370,2790a9882afd3f580249d727c910f382a9900b3f,original_topic_baseline,f8638be95ae14954ec3b1029e6008128d7a27f1b,adf4a6c91068b2a9acc7b8bb036890b3c6bd0856,topics/h2.md,7277a7318c05b3cb221c9ddc1995bba0deea7b291589fb6ce0ccf8f3857e3d80,last measured link for case/label,f5383d7244a37597021b8400ee17243e46a3497d27a2b7aff227c3475d0d306d,"[""taskset"",""-c"",""32-63"",""/home/callen/work/mold-next-20261006/bin/h2"",""@response.txt"",""-o"",""codex-next.out"",""--no-fork""]",/home/callen/work/mold-bench/wl/hello/cur,24,4.053120268508792,4.458606243133545,4.850570112466812,4.850570112466812,2.0199999999999996,1.9364999999999999,3.925,16.482421875,16.54296875
next-20261006,screen-second.json,rhello,p1,{},True,default,32-63,False,reused,2,,,,,topics/s2-assignment-counts/counts.json,False,True,be6e3fab81c17a0fc5234823845a45418ab9f2cb64e7d11acfe43f539fd82cc4,e0f2d3e942fc9985b202f8d2f9327d79acd90e78,original_topic_baseline,f8638be95ae14954ec3b1029e6008128d7a27f1b,d5c11653b174fb1a42dab3b725c2cb08b2b2828e,parent message P1 v2,967631a389972f215d294980db400e57627ca2a4fdc60a7316b5bbeb7cf998b6,last measured link for case/label,f5383d7244a37597021b8400ee17243e46a3497d27a2b7aff227c3475d0d306d,"[""taskset"",""-c"",""32-63"",""/home/callen/work/mold-next-20261006/bin/p1"",""@response.txt"",""-o"",""codex-next.out"",""--no-fork""]",/home/callen/work/mold-bench/wl/rhello/cur,24,12.141314102336764,12.816277798265219,16.251040156930685,16.251040156930685,10.9435,7.2955000000000005,18.493,46.45703125,48.203125
next-20261006,screen-second.json,rhello,cr2,{},True,default,32-63,False,reused,2,,,,,topics/s2-assignment-counts/counts.json,False,True,78ed4a2db7d8b0fe21c00dbab63a5db24ef8869a908ccd1641de3a334e07cdf8,7f9e54cee5c55fb729107a7827d80aa84158868a,original_topic_baseline,f8638be95ae14954ec3b1029e6008128d7a27f1b,c1f5323cafa824e51ce869ebe92320ad35f9da8a,CR owner message clean production,967631a389972f215d294980db400e57627ca2a4fdc60a7316b5bbeb7cf998b6,last measured link for case/label,f5383d7244a37597021b8400ee17243e46a3497d27a2b7aff227c3475d0d306d,"[""taskset"",""-c"",""32-63"",""/home/callen/work/mold-next-20261006/bin/cr2"",""@response.txt"",""-o"",""codex-next.out"",""--no-fork""]",/home/callen/work/mold-bench/wl/rhello/cur,24,12.070932425558567,13.262524735182524,13.602231163531542,13.602231163531542,11.622,6.8635,18.613,46.47265625,48.91015625
next-20261006,screen-second.json,rhello,baseline,{},True,default,32-63,False,reused,2,,,,,topics/s2-assignment-counts/counts.json,False,True,529467bd57e056195fb71065d51881e0265e4bfabd6d879b2563a2ec9172f184,f8638be95ae14954ec3b1029e6008128d7a27f1b,original_topic_baseline,f8638be95ae14954ec3b1029e6008128d7a27f1b,006bcd0f9f50ce2c1d0660c43cf9b03f51534970,parent frozen baseline,967631a389972f215d294980db400e57627ca2a4fdc60a7316b5bbeb7cf998b6,last measured link for case/label,f5383d7244a37597021b8400ee17243e46a3497d27a2b7aff227c3475d0d306d,"[""taskset"",""-c"",""32-63"",""/home/callen/work/mold-next-20261006/bin/baseline"",""@response.txt"",""-o"",""codex-next.out"",""--no-fork""]",/home/callen/work/mold-bench/wl/rhello/cur,24,12.32580398209393,14.05744208022952,14.153617899864912,14.153617899864912,11.9015,6.430999999999999,18.63,46.4765625,48.1640625
next-20261006,screen-second.json,rhello,ms2,{},True,default,32-63,False,reused,2,,,,,topics/s2-assignment-counts/counts.json,False,True,9204becb1de90c9d8d5c0871cb350050282b10bc5aa4b9d3b459d18f24cc780e,10fcda6c688f474571b79c63f6c23c16e7d89269,original_topic_baseline,f8638be95ae14954ec3b1029e6008128d7a27f1b,7fbd4618037a012422eb044f2704d78818cc7779,MS2 v1 owner build,967631a389972f215d294980db400e57627ca2a4fdc60a7316b5bbeb7cf998b6,last measured link for case/label,f5383d7244a37597021b8400ee17243e46a3497d27a2b7aff227c3475d0d306d,"[""taskset"",""-c"",""32-63"",""/home/callen/work/mold-next-20261006/bin/ms2"",""@response.txt"",""-o"",""codex-next.out"",""--no-fork""]",/home/callen/work/mold-bench/wl/rhello/cur,24,12.069314951077104,13.018605764955282,13.352703303098679,13.352703303098679,10.7775,6.978,18.2965,46.427734375,47.46484375
next-20261006,screen-second.json,rhello,h2,{},True,default,32-63,False,reused,2,,,,,topics/s2-assignment-counts/counts.json,False,True,50c2ca9372565b00411f352f1053f1e2227984a9a53b9cd83713edb37d23d370,2790a9882afd3f580249d727c910f382a9900b3f,original_topic_baseline,f8638be95ae14954ec3b1029e6008128d7a27f1b,adf4a6c91068b2a9acc7b8bb036890b3c6bd0856,topics/h2.md,967631a389972f215d294980db400e57627ca2a4fdc60a7316b5bbeb7cf998b6,last measured link for case/label,f5383d7244a37597021b8400ee17243e46a3497d27a2b7aff227c3475d0d306d,"[""taskset"",""-c"",""32-63"",""/home/callen/work/mold-next-20261006/bin/h2"",""@response.txt"",""-o"",""codex-next.out"",""--no-fork""]",/home/callen/work/mold-bench/wl/rhello/cur,24,12.093586614355445,13.39500630274415,13.535679783672094,13.535679783672094,11.032499999999999,7.0489999999999995,18.6655,46.322265625,47.94140625
next-20261006,screen-second.json,tblgen,p1,{},True,default,32-63,False,reused,12,,,,,topics/s2-assignment-counts/counts.json,False,True,be6e3fab81c17a0fc5234823845a45418ab9f2cb64e7d11acfe43f539fd82cc4,e0f2d3e942fc9985b202f8d2f9327d79acd90e78,original_topic_baseline,f8638be95ae14954ec3b1029e6008128d7a27f1b,d5c11653b174fb1a42dab3b725c2cb08b2b2828e,parent message P1 v2,63b068abefeb622662818685a0794d8e5c7e8a5d651213eda3577810ea3369cd,last measured link for case/label,f5383d7244a37597021b8400ee17243e46a3497d27a2b7aff227c3475d0d306d,"[""taskset"",""-c"",""32-63"",""/home/callen/work/mold-next-20261006/bin/p1"",""@response.txt"",""-o"",""codex-next.out"",""--no-fork""]",/home/callen/work/mold-bench/wl/tblgen/cur,24,17.898600548505783,18.76428397372365,19.05061863362789,19.05061863362789,69.195,44.42399999999999,112.67849999999999,178.3046875,183.24609375
next-20261006,screen-second.json,tblgen,cr2,{},True,default,32-63,False,reused,12,,,,,topics/s2-assignment-counts/counts.json,False,True,78ed4a2db7d8b0fe21c00dbab63a5db24ef8869a908ccd1641de3a334e07cdf8,7f9e54cee5c55fb729107a7827d80aa84158868a,original_topic_baseline,f8638be95ae14954ec3b1029e6008128d7a27f1b,c1f5323cafa824e51ce869ebe92320ad35f9da8a,CR owner message clean production,63b068abefeb622662818685a0794d8e5c7e8a5d651213eda3577810ea3369cd,last measured link for case/label,f5383d7244a37597021b8400ee17243e46a3497d27a2b7aff227c3475d0d306d,"[""taskset"",""-c"",""32-63"",""/home/callen/work/mold-next-20261006/bin/cr2"",""@response.txt"",""-o"",""codex-next.out"",""--no-fork""]",/home/callen/work/mold-bench/wl/tblgen/cur,24,18.096345709636807,19.01419321075082,19.104159902781248,19.104159902781248,68.717,49.022499999999994,117.98049999999999,178.52734375,183.234375
next-20261006,screen-second.json,tblgen,baseline,{},True,default,32-63,False,reused,12,,,,,topics/s2-assignment-counts/counts.json,False,True,529467bd57e056195fb71065d51881e0265e4bfabd6d879b2563a2ec9172f184,f8638be95ae14954ec3b1029e6008128d7a27f1b,original_topic_baseline,f8638be95ae14954ec3b1029e6008128d7a27f1b,006bcd0f9f50ce2c1d0660c43cf9b03f51534970,parent frozen baseline,63b068abefeb622662818685a0794d8e5c7e8a5d651213eda3577810ea3369cd,last measured link for case/label,f5383d7244a37597021b8400ee17243e46a3497d27a2b7aff227c3475d0d306d,"[""taskset"",""-c"",""32-63"",""/home/callen/work/mold-next-20261006/bin/baseline"",""@response.txt"",""-o"",""codex-next.out"",""--no-fork""]",/home/callen/work/mold-bench/wl/tblgen/cur,24,18.34346540272236,18.940451089292765,18.963515758514404,18.963515758514404,67.44999999999999,52.90599999999999,120.9045,177.423828125,181.46875
next-20261006,screen-second.json,tblgen,ms2,{},True,default,32-63,False,reused,12,,,,,topics/s2-assignment-counts/counts.json,False,True,9204becb1de90c9d8d5c0871cb350050282b10bc5aa4b9d3b459d18f24cc780e,10fcda6c688f474571b79c63f6c23c16e7d89269,original_topic_baseline,f8638be95ae14954ec3b1029e6008128d7a27f1b,7fbd4618037a012422eb044f2704d78818cc7779,MS2 v1 owner build,63b068abefeb622662818685a0794d8e5c7e8a5d651213eda3577810ea3369cd,last measured link for case/label,f5383d7244a37597021b8400ee17243e46a3497d27a2b7aff227c3475d0d306d,"[""taskset"",""-c"",""32-63"",""/home/callen/work/mold-next-20261006/bin/ms2"",""@response.txt"",""-o"",""codex-next.out"",""--no-fork""]",/home/callen/work/mold-bench/wl/tblgen/cur,24,18.302457872778177,19.384905695915222,19.535643979907036,19.535643979907036,68.58749999999999,48.3645,118.18749999999999,178.365234375,180.8125
next-20261006,screen-second.json,tblgen,h2,{},True,default,32-63,False,reused,12,,,,,topics/s2-assignment-counts/counts.json,False,True,50c2ca9372565b00411f352f1053f1e2227984a9a53b9cd83713edb37d23d370,2790a9882afd3f580249d727c910f382a9900b3f,original_topic_baseline,f8638be95ae14954ec3b1029e6008128d7a27f1b,adf4a6c91068b2a9acc7b8bb036890b3c6bd0856,topics/h2.md,63b068abefeb622662818685a0794d8e5c7e8a5d651213eda3577810ea3369cd,last measured link for case/label,f5383d7244a37597021b8400ee17243e46a3497d27a2b7aff227c3475d0d306d,"[""taskset"",""-c"",""32-63"",""/home/callen/work/mold-next-20261006/bin/h2"",""@response.txt"",""-o"",""codex-next.out"",""--no-fork""]",/home/callen/work/mold-bench/wl/tblgen/cur,24,17.784883035346866,18.97962996736169,19.146163016557693,19.146163016557693,71.66999999999999,39.543499999999995,109.7225,178.6796875,180.69921875
next-20261006,screen-second.json,lld,p1,{},True,default,32-63,False,reused,32,,,,,topics/s2-assignment-counts/counts.json,False,True,be6e3fab81c17a0fc5234823845a45418ab9f2cb64e7d11acfe43f539fd82cc4,e0f2d3e942fc9985b202f8d2f9327d79acd90e78,original_topic_baseline,f8638be95ae14954ec3b1029e6008128d7a27f1b,d5c11653b174fb1a42dab3b725c2cb08b2b2828e,parent message P1 v2,5de7d2ef5dc164818fdbdb3d53d1f433c4bf90a9755bdce13b88e694fafcb763,last measured link for case/label,f5383d7244a37597021b8400ee17243e46a3497d27a2b7aff227c3475d0d306d,"[""taskset"",""-c"",""32-63"",""/home/callen/work/mold-next-20261006/bin/p1"",""@response.txt"",""-o"",""codex-next.out"",""--no-fork""]",/home/callen/work/mold-bench/wl/lld/cur,24,202.08467869088054,207.19493925571442,208.24630605056882,208.24630605056882,1274.9795,3371.2445,4644.189,2722.904296875,2735.484375
next-20261006,screen-second.json,lld,cr2,{},True,default,32-63,False,reused,32,,,,,topics/s2-assignment-counts/counts.json,False,True,78ed4a2db7d8b0fe21c00dbab63a5db24ef8869a908ccd1641de3a334e07cdf8,7f9e54cee5c55fb729107a7827d80aa84158868a,original_topic_baseline,f8638be95ae14954ec3b1029e6008128d7a27f1b,c1f5323cafa824e51ce869ebe92320ad35f9da8a,CR owner message clean production,5de7d2ef5dc164818fdbdb3d53d1f433c4bf90a9755bdce13b88e694fafcb763,last measured link for case/label,f5383d7244a37597021b8400ee17243e46a3497d27a2b7aff227c3475d0d306d,"[""taskset"",""-c"",""32-63"",""/home/callen/work/mold-next-20261006/bin/cr2"",""@response.txt"",""-o"",""codex-next.out"",""--no-fork""]",/home/callen/work/mold-bench/wl/lld/cur,24,202.66306260600686,209.6832157112658,222.64026617631316,222.64026617631316,1236.0594999999998,3317.4765,4651.5815,2717.6171875,2741.38671875
next-20261006,screen-second.json,lld,baseline,{},True,default,32-63,False,reused,32,,,,,topics/s2-assignment-counts/counts.json,False,True,529467bd57e056195fb71065d51881e0265e4bfabd6d879b2563a2ec9172f184,f8638be95ae14954ec3b1029e6008128d7a27f1b,original_topic_baseline,f8638be95ae14954ec3b1029e6008128d7a27f1b,006bcd0f9f50ce2c1d0660c43cf9b03f51534970,parent frozen baseline,5de7d2ef5dc164818fdbdb3d53d1f433c4bf90a9755bdce13b88e694fafcb763,last measured link for case/label,f5383d7244a37597021b8400ee17243e46a3497d27a2b7aff227c3475d0d306d,"[""taskset"",""-c"",""32-63"",""/home/callen/work/mold-next-20261006/bin/baseline"",""@response.txt"",""-o"",""codex-next.out"",""--no-fork""]",/home/callen/work/mold-bench/wl/lld/cur,24,201.6585818491876,206.72340225428343,207.53832021728158,207.53832021728158,1271.8555000000001,3238.0585,4529.2995,2725.88671875,2751.20703125
next-20261006,screen-second.json,lld,ms2,{},True,default,32-63,False,reused,32,,,,,topics/s2-assignment-counts/counts.json,False,True,9204becb1de90c9d8d5c0871cb350050282b10bc5aa4b9d3b459d18f24cc780e,10fcda6c688f474571b79c63f6c23c16e7d89269,original_topic_baseline,f8638be95ae14954ec3b1029e6008128d7a27f1b,7fbd4618037a012422eb044f2704d78818cc7779,MS2 v1 owner build,5de7d2ef5dc164818fdbdb3d53d1f433c4bf90a9755bdce13b88e694fafcb763,last measured link for case/label,f5383d7244a37597021b8400ee17243e46a3497d27a2b7aff227c3475d0d306d,"[""taskset"",""-c"",""32-63"",""/home/callen/work/mold-next-20261006/bin/ms2"",""@response.txt"",""-o"",""codex-next.out"",""--no-fork""]",/home/callen/work/mold-bench/wl/lld/cur,24,202.40604178979993,215.8213509246707,219.42369733005762,219.42369733005762,1233.9634999999998,3486.3005000000003,4745.1835,2771.185546875,2813.6796875
next-20261006,screen-second.json,lld,h2,{},True,default,32-63,False,reused,32,,,,,topics/s2-assignment-counts/counts.json,False,True,50c2ca9372565b00411f352f1053f1e2227984a9a53b9cd83713edb37d23d370,2790a9882afd3f580249d727c910f382a9900b3f,original_topic_baseline,f8638be95ae14954ec3b1029e6008128d7a27f1b,adf4a6c91068b2a9acc7b8bb036890b3c6bd0856,topics/h2.md,5de7d2ef5dc164818fdbdb3d53d1f433c4bf90a9755bdce13b88e694fafcb763,last measured link for case/label,f5383d7244a37597021b8400ee17243e46a3497d27a2b7aff227c3475d0d306d,"[""taskset"",""-c"",""32-63"",""/home/callen/work/mold-next-20261006/bin/h2"",""@response.txt"",""-o"",""codex-next.out"",""--no-fork""]",/home/callen/work/mold-bench/wl/lld/cur,24,207.143570529297,215.82331275567412,219.0702697262168,219.0702697262168,1289.4585000000002,3325.629,4595.719,2727.29296875,2752.61328125
next-20261006,screen-second.json,clang,p1,{},True,default,32-63,False,reused,32,,,,,topics/s2-assignment-counts/counts.json,False,True,be6e3fab81c17a0fc5234823845a45418ab9f2cb64e7d11acfe43f539fd82cc4,e0f2d3e942fc9985b202f8d2f9327d79acd90e78,original_topic_baseline,f8638be95ae14954ec3b1029e6008128d7a27f1b,d5c11653b174fb1a42dab3b725c2cb08b2b2828e,parent message P1 v2,3fa34d9efa75ab05e4a553e9116f5943bd6a3defa8ba3b3c017b1aef37216c88,last measured link for case/label,f5383d7244a37597021b8400ee17243e46a3497d27a2b7aff227c3475d0d306d,"[""taskset"",""-c"",""32-63"",""/home/callen/work/mold-next-20261006/bin/p1"",""@response.txt"",""-o"",""codex-next.out"",""--no-fork""]",/home/callen/work/mold-bench/wl/clang.d,24,298.59690205194056,318.5948561877012,400.11035092175007,400.11035092175007,2021.9445,4732.114,6713.2935,4697.19921875,4719.9921875
next-20261006,screen-second.json,clang,cr2,{},True,default,32-63,False,reused,32,,,,,topics/s2-assignment-counts/counts.json,False,True,78ed4a2db7d8b0fe21c00dbab63a5db24ef8869a908ccd1641de3a334e07cdf8,7f9e54cee5c55fb729107a7827d80aa84158868a,original_topic_baseline,f8638be95ae14954ec3b1029e6008128d7a27f1b,c1f5323cafa824e51ce869ebe92320ad35f9da8a,CR owner message clean production,3fa34d9efa75ab05e4a553e9116f5943bd6a3defa8ba3b3c017b1aef37216c88,last measured link for case/label,f5383d7244a37597021b8400ee17243e46a3497d27a2b7aff227c3475d0d306d,"[""taskset"",""-c"",""32-63"",""/home/callen/work/mold-next-20261006/bin/cr2"",""@response.txt"",""-o"",""codex-next.out"",""--no-fork""]",/home/callen/work/mold-bench/wl/clang.d,24,303.2650526147336,324.3523919954896,329.1605291888118,329.1605291888118,2051.8945000000003,5069.7825,7094.983,4705.998046875,4747.59375
next-20261006,screen-second.json,clang,baseline,{},True,default,32-63,False,reused,32,,,,,topics/s2-assignment-counts/counts.json,False,True,529467bd57e056195fb71065d51881e0265e4bfabd6d879b2563a2ec9172f184,f8638be95ae14954ec3b1029e6008128d7a27f1b,original_topic_baseline,f8638be95ae14954ec3b1029e6008128d7a27f1b,006bcd0f9f50ce2c1d0660c43cf9b03f51534970,parent frozen baseline,3fa34d9efa75ab05e4a553e9116f5943bd6a3defa8ba3b3c017b1aef37216c88,last measured link for case/label,f5383d7244a37597021b8400ee17243e46a3497d27a2b7aff227c3475d0d306d,"[""taskset"",""-c"",""32-63"",""/home/callen/work/mold-next-20261006/bin/baseline"",""@response.txt"",""-o"",""codex-next.out"",""--no-fork""]",/home/callen/work/mold-bench/wl/clang.d,24,300.6148743443191,314.97279880568385,345.4470420256257,345.4470420256257,2086.456,4628.737,6711.307000000001,4705.615234375,4737.3671875
next-20261006,screen-second.json,clang,ms2,{},True,default,32-63,False,reused,32,,,,,topics/s2-assignment-counts/counts.json,False,True,9204becb1de90c9d8d5c0871cb350050282b10bc5aa4b9d3b459d18f24cc780e,10fcda6c688f474571b79c63f6c23c16e7d89269,original_topic_baseline,f8638be95ae14954ec3b1029e6008128d7a27f1b,7fbd4618037a012422eb044f2704d78818cc7779,MS2 v1 owner build,3fa34d9efa75ab05e4a553e9116f5943bd6a3defa8ba3b3c017b1aef37216c88,last measured link for case/label,f5383d7244a37597021b8400ee17243e46a3497d27a2b7aff227c3475d0d306d,"[""taskset"",""-c"",""32-63"",""/home/callen/work/mold-next-20261006/bin/ms2"",""@response.txt"",""-o"",""codex-next.out"",""--no-fork""]",/home/callen/work/mold-bench/wl/clang.d,24,305.66745181567967,323.4970346093178,331.29600901156664,331.29600901156664,2054.1755,5668.61,7735.050499999999,4758.044921875,4777.8359375
next-20261006,screen-second.json,clang,h2,{},True,default,32-63,False,reused,32,,,,,topics/s2-assignment-counts/counts.json,False,True,50c2ca9372565b00411f352f1053f1e2227984a9a53b9cd83713edb37d23d370,2790a9882afd3f580249d727c910f382a9900b3f,original_topic_baseline,f8638be95ae14954ec3b1029e6008128d7a27f1b,adf4a6c91068b2a9acc7b8bb036890b3c6bd0856,topics/h2.md,3fa34d9efa75ab05e4a553e9116f5943bd6a3defa8ba3b3c017b1aef37216c88,last measured link for case/label,f5383d7244a37597021b8400ee17243e46a3497d27a2b7aff227c3475d0d306d,"[""taskset"",""-c"",""32-63"",""/home/callen/work/mold-next-20261006/bin/h2"",""@response.txt"",""-o"",""codex-next.out"",""--no-fork""]",/home/callen/work/mold-bench/wl/clang.d,24,307.9364341683686,320.75036922469735,335.3805672377348,335.3805672377348,2110.6965,4991.405500000001,7111.1955,4699.2421875,4730.39453125
next-20261006,screen-second.json,clang-s,p1,{},True,default,32-63,False,reused,32,,,,,topics/s2-assignment-counts/counts.json,False,True,be6e3fab81c17a0fc5234823845a45418ab9f2cb64e7d11acfe43f539fd82cc4,e0f2d3e942fc9985b202f8d2f9327d79acd90e78,original_topic_baseline,f8638be95ae14954ec3b1029e6008128d7a27f1b,d5c11653b174fb1a42dab3b725c2cb08b2b2828e,parent message P1 v2,982ccb2f6847c86c8c5fc9e63631c3b3fb4276b3ecf4a808c55100a032a80c28,last measured link for case/label,f5383d7244a37597021b8400ee17243e46a3497d27a2b7aff227c3475d0d306d,"[""taskset"",""-c"",""32-63"",""/home/callen/work/mold-next-20261006/bin/p1"",""@response.txt"",""-o"",""codex-next.out"",""--no-fork"",""--strip-debug""]",/home/callen/work/mold-bench/wl/clang.d,24,56.58342130482197,64.15810529142618,64.45013778284192,64.45013778284192,883.2325000000001,248.88799999999998,1130.0624999999998,1369.525390625,1382.58984375
next-20261006,screen-second.json,clang-s,cr2,{},True,default,32-63,False,reused,32,,,,,topics/s2-assignment-counts/counts.json,False,True,78ed4a2db7d8b0fe21c00dbab63a5db24ef8869a908ccd1641de3a334e07cdf8,7f9e54cee5c55fb729107a7827d80aa84158868a,original_topic_baseline,f8638be95ae14954ec3b1029e6008128d7a27f1b,c1f5323cafa824e51ce869ebe92320ad35f9da8a,CR owner message clean production,982ccb2f6847c86c8c5fc9e63631c3b3fb4276b3ecf4a808c55100a032a80c28,last measured link for case/label,f5383d7244a37597021b8400ee17243e46a3497d27a2b7aff227c3475d0d306d,"[""taskset"",""-c"",""32-63"",""/home/callen/work/mold-next-20261006/bin/cr2"",""@response.txt"",""-o"",""codex-next.out"",""--no-fork"",""--strip-debug""]",/home/callen/work/mold-bench/wl/clang.d,24,57.34683480113745,62.27872287854552,65.76950009912252,65.76950009912252,861.7445,240.92449999999997,1117.953,1372.087890625,1386.30859375
next-20261006,screen-second.json,clang-s,baseline,{},True,default,32-63,False,reused,32,,,,,topics/s2-assignment-counts/counts.json,False,True,529467bd57e056195fb71065d51881e0265e4bfabd6d879b2563a2ec9172f184,f8638be95ae14954ec3b1029e6008128d7a27f1b,original_topic_baseline,f8638be95ae14954ec3b1029e6008128d7a27f1b,006bcd0f9f50ce2c1d0660c43cf9b03f51534970,parent frozen baseline,982ccb2f6847c86c8c5fc9e63631c3b3fb4276b3ecf4a808c55100a032a80c28,last measured link for case/label,f5383d7244a37597021b8400ee17243e46a3497d27a2b7aff227c3475d0d306d,"[""taskset"",""-c"",""32-63"",""/home/callen/work/mold-next-20261006/bin/baseline"",""@response.txt"",""-o"",""codex-next.out"",""--no-fork"",""--strip-debug""]",/home/callen/work/mold-bench/wl/clang.d,24,56.628554593771696,62.53425031900406,67.57720373570919,67.57720373570919,884.9635,232.6105,1126.11,1375.79296875,1386.13671875
next-20261006,screen-second.json,clang-s,ms2,{},True,default,32-63,False,reused,32,,,,,topics/s2-assignment-counts/counts.json,False,True,9204becb1de90c9d8d5c0871cb350050282b10bc5aa4b9d3b459d18f24cc780e,10fcda6c688f474571b79c63f6c23c16e7d89269,original_topic_baseline,f8638be95ae14954ec3b1029e6008128d7a27f1b,7fbd4618037a012422eb044f2704d78818cc7779,MS2 v1 owner build,982ccb2f6847c86c8c5fc9e63631c3b3fb4276b3ecf4a808c55100a032a80c28,last measured link for case/label,f5383d7244a37597021b8400ee17243e46a3497d27a2b7aff227c3475d0d306d,"[""taskset"",""-c"",""32-63"",""/home/callen/work/mold-next-20261006/bin/ms2"",""@response.txt"",""-o"",""codex-next.out"",""--no-fork"",""--strip-debug""]",/home/callen/work/mold-bench/wl/clang.d,24,56.61863973364234,61.77949486300349,64.57913434132934,64.57913434132934,861.9005,255.91649999999998,1124.1464999999998,1369.8515625,1388.08203125
next-20261006,screen-second.json,clang-s,h2,{},True,default,32-63,False,reused,32,,,,,topics/s2-assignment-counts/counts.json,False,True,50c2ca9372565b00411f352f1053f1e2227984a9a53b9cd83713edb37d23d370,2790a9882afd3f580249d727c910f382a9900b3f,original_topic_baseline,f8638be95ae14954ec3b1029e6008128d7a27f1b,adf4a6c91068b2a9acc7b8bb036890b3c6bd0856,topics/h2.md,982ccb2f6847c86c8c5fc9e63631c3b3fb4276b3ecf4a808c55100a032a80c28,last measured link for case/label,f5383d7244a37597021b8400ee17243e46a3497d27a2b7aff227c3475d0d306d,"[""taskset"",""-c"",""32-63"",""/home/callen/work/mold-next-20261006/bin/h2"",""@response.txt"",""-o"",""codex-next.out"",""--no-fork"",""--strip-debug""]",/home/callen/work/mold-bench/wl/clang.d,24,57.5661170296371,65.80906128510833,104.31920690461993,104.31920690461993,876.8620000000001,232.76749999999998,1111.2989999999998,1366.80859375,1389.6171875
next-20261006,screen-second.json,ra,p1,{},True,default,32-63,False,reused,32,,,,,topics/s2-assignment-counts/counts.json,False,True,be6e3fab81c17a0fc5234823845a45418ab9f2cb64e7d11acfe43f539fd82cc4,e0f2d3e942fc9985b202f8d2f9327d79acd90e78,original_topic_baseline,f8638be95ae14954ec3b1029e6008128d7a27f1b,d5c11653b174fb1a42dab3b725c2cb08b2b2828e,parent message P1 v2,c54bb48368d1b75376996429c790ab2e8895d835a4a9c466d93bfa77274d4947,last measured link for case/label,f5383d7244a37597021b8400ee17243e46a3497d27a2b7aff227c3475d0d306d,"[""taskset"",""-c"",""32-63"",""/home/callen/work/mold-next-20261006/bin/p1"",""@response.txt"",""-o"",""codex-next.out"",""--no-fork""]",/home/callen/work/mold-bench/wl/ra.d,24,126.8876614049077,141.42287708818913,145.88575018569827,145.88575018569827,2080.5254999999997,374.983,2456.57,2019.9921875,2033.79296875
next-20261006,screen-second.json,ra,cr2,{},True,default,32-63,False,reused,32,,,,,topics/s2-assignment-counts/counts.json,False,True,78ed4a2db7d8b0fe21c00dbab63a5db24ef8869a908ccd1641de3a334e07cdf8,7f9e54cee5c55fb729107a7827d80aa84158868a,original_topic_baseline,f8638be95ae14954ec3b1029e6008128d7a27f1b,c1f5323cafa824e51ce869ebe92320ad35f9da8a,CR owner message clean production,c54bb48368d1b75376996429c790ab2e8895d835a4a9c466d93bfa77274d4947,last measured link for case/label,f5383d7244a37597021b8400ee17243e46a3497d27a2b7aff227c3475d0d306d,"[""taskset"",""-c"",""32-63"",""/home/callen/work/mold-next-20261006/bin/cr2"",""@response.txt"",""-o"",""codex-next.out"",""--no-fork""]",/home/callen/work/mold-bench/wl/ra.d,24,124.194415519014,141.3286840543151,152.97472616657615,152.97472616657615,2070.084,383.6655,2481.4139999999998,2021.8046875,2041.37890625
next-20261006,screen-second.json,ra,baseline,{},True,default,32-63,False,reused,32,,,,,topics/s2-assignment-counts/counts.json,False,True,529467bd57e056195fb71065d51881e0265e4bfabd6d879b2563a2ec9172f184,f8638be95ae14954ec3b1029e6008128d7a27f1b,original_topic_baseline,f8638be95ae14954ec3b1029e6008128d7a27f1b,006bcd0f9f50ce2c1d0660c43cf9b03f51534970,parent frozen baseline,c54bb48368d1b75376996429c790ab2e8895d835a4a9c466d93bfa77274d4947,last measured link for case/label,f5383d7244a37597021b8400ee17243e46a3497d27a2b7aff227c3475d0d306d,"[""taskset"",""-c"",""32-63"",""/home/callen/work/mold-next-20261006/bin/baseline"",""@response.txt"",""-o"",""codex-next.out"",""--no-fork""]",/home/callen/work/mold-bench/wl/ra.d,24,127.08483100868762,149.00358067825437,156.6451950930059,156.6451950930059,2097.6225,357.3175,2450.1735,2020.017578125,2038.90234375
next-20261006,screen-second.json,ra,ms2,{},True,default,32-63,False,reused,32,,,,,topics/s2-assignment-counts/counts.json,False,True,9204becb1de90c9d8d5c0871cb350050282b10bc5aa4b9d3b459d18f24cc780e,10fcda6c688f474571b79c63f6c23c16e7d89269,original_topic_baseline,f8638be95ae14954ec3b1029e6008128d7a27f1b,7fbd4618037a012422eb044f2704d78818cc7779,MS2 v1 owner build,c54bb48368d1b75376996429c790ab2e8895d835a4a9c466d93bfa77274d4947,last measured link for case/label,f5383d7244a37597021b8400ee17243e46a3497d27a2b7aff227c3475d0d306d,"[""taskset"",""-c"",""32-63"",""/home/callen/work/mold-next-20261006/bin/ms2"",""@response.txt"",""-o"",""codex-next.out"",""--no-fork""]",/home/callen/work/mold-bench/wl/ra.d,24,129.63332841172814,139.91726329550147,146.22899005189538,146.22899005189538,2062.9889999999996,373.875,2428.205,2057.01953125,2071.7421875
next-20261006,screen-second.json,ra,h2,{},True,default,32-63,False,reused,32,,,,,topics/s2-assignment-counts/counts.json,False,True,50c2ca9372565b00411f352f1053f1e2227984a9a53b9cd83713edb37d23d370,2790a9882afd3f580249d727c910f382a9900b3f,original_topic_baseline,f8638be95ae14954ec3b1029e6008128d7a27f1b,adf4a6c91068b2a9acc7b8bb036890b3c6bd0856,topics/h2.md,c54bb48368d1b75376996429c790ab2e8895d835a4a9c466d93bfa77274d4947,last measured link for case/label,f5383d7244a37597021b8400ee17243e46a3497d27a2b7aff227c3475d0d306d,"[""taskset"",""-c"",""32-63"",""/home/callen/work/mold-next-20261006/bin/h2"",""@response.txt"",""-o"",""codex-next.out"",""--no-fork""]",/home/callen/work/mold-bench/wl/ra.d,24,125.86796400137246,135.75661880895495,169.30974321439862,169.30974321439862,2064.5159999999996,379.738,2450.3635000000004,2015.0703125,2039.1796875
next-20261006,screen-second.json,ra-s,p1,{},True,default,32-63,False,reused,32,,,,,topics/s2-assignment-counts/counts.json,False,True,be6e3fab81c17a0fc5234823845a45418ab9f2cb64e7d11acfe43f539fd82cc4,e0f2d3e942fc9985b202f8d2f9327d79acd90e78,original_topic_baseline,f8638be95ae14954ec3b1029e6008128d7a27f1b,d5c11653b174fb1a42dab3b725c2cb08b2b2828e,parent message P1 v2,5b7b53af257f19a253831ab081923075b0f10190728da4aa399eab3b15860b6c,last measured link for case/label,f5383d7244a37597021b8400ee17243e46a3497d27a2b7aff227c3475d0d306d,"[""taskset"",""-c"",""32-63"",""/home/callen/work/mold-next-20261006/bin/p1"",""@response.txt"",""-o"",""codex-next.out"",""--no-fork"",""--strip-debug""]",/home/callen/work/mold-bench/wl/ra.d,24,114.15377794764936,125.39321184158325,129.72912192344666,129.72912192344666,1595.577,315.373,1921.5439999999999,1414.357421875,1433.3046875
next-20261006,screen-second.json,ra-s,cr2,{},True,default,32-63,False,reused,32,,,,,topics/s2-assignment-counts/counts.json,False,True,78ed4a2db7d8b0fe21c00dbab63a5db24ef8869a908ccd1641de3a334e07cdf8,7f9e54cee5c55fb729107a7827d80aa84158868a,original_topic_baseline,f8638be95ae14954ec3b1029e6008128d7a27f1b,c1f5323cafa824e51ce869ebe92320ad35f9da8a,CR owner message clean production,5b7b53af257f19a253831ab081923075b0f10190728da4aa399eab3b15860b6c,last measured link for case/label,f5383d7244a37597021b8400ee17243e46a3497d27a2b7aff227c3475d0d306d,"[""taskset"",""-c"",""32-63"",""/home/callen/work/mold-next-20261006/bin/cr2"",""@response.txt"",""-o"",""codex-next.out"",""--no-fork"",""--strip-debug""]",/home/callen/work/mold-bench/wl/ra.d,24,112.89378092624247,121.18058977648616,125.92255603522062,125.92255603522062,1647.781,295.4,1931.6915,1416.38671875,1440.078125
next-20261006,screen-second.json,ra-s,baseline,{},True,default,32-63,False,reused,32,,,,,topics/s2-assignment-counts/counts.json,False,True,529467bd57e056195fb71065d51881e0265e4bfabd6d879b2563a2ec9172f184,f8638be95ae14954ec3b1029e6008128d7a27f1b,original_topic_baseline,f8638be95ae14954ec3b1029e6008128d7a27f1b,006bcd0f9f50ce2c1d0660c43cf9b03f51534970,parent frozen baseline,5b7b53af257f19a253831ab081923075b0f10190728da4aa399eab3b15860b6c,last measured link for case/label,f5383d7244a37597021b8400ee17243e46a3497d27a2b7aff227c3475d0d306d,"[""taskset"",""-c"",""32-63"",""/home/callen/work/mold-next-20261006/bin/baseline"",""@response.txt"",""-o"",""codex-next.out"",""--no-fork"",""--strip-debug""]",/home/callen/work/mold-bench/wl/ra.d,24,112.51061456277966,128.4723849967122,129.3355249799788,129.3355249799788,1610.8890000000001,320.269,1944.549,1417.529296875,1432.203125
next-20261006,screen-second.json,ra-s,ms2,{},True,default,32-63,False,reused,32,,,,,topics/s2-assignment-counts/counts.json,False,True,9204becb1de90c9d8d5c0871cb350050282b10bc5aa4b9d3b459d18f24cc780e,10fcda6c688f474571b79c63f6c23c16e7d89269,original_topic_baseline,f8638be95ae14954ec3b1029e6008128d7a27f1b,7fbd4618037a012422eb044f2704d78818cc7779,MS2 v1 owner build,5b7b53af257f19a253831ab081923075b0f10190728da4aa399eab3b15860b6c,last measured link for case/label,f5383d7244a37597021b8400ee17243e46a3497d27a2b7aff227c3475d0d306d,"[""taskset"",""-c"",""32-63"",""/home/callen/work/mold-next-20261006/bin/ms2"",""@response.txt"",""-o"",""codex-next.out"",""--no-fork"",""--strip-debug""]",/home/callen/work/mold-bench/wl/ra.d,24,112.7472233492881,126.59077998250723,128.80459986627102,128.80459986627102,1620.6570000000002,333.00249999999994,1962.5275000000001,1422.662109375,1433.96875
next-20261006,screen-second.json,ra-s,h2,{},True,default,32-63,False,reused,32,,,,,topics/s2-assignment-counts/counts.json,False,True,50c2ca9372565b00411f352f1053f1e2227984a9a53b9cd83713edb37d23d370,2790a9882afd3f580249d727c910f382a9900b3f,original_topic_baseline,f8638be95ae14954ec3b1029e6008128d7a27f1b,adf4a6c91068b2a9acc7b8bb036890b3c6bd0856,topics/h2.md,5b7b53af257f19a253831ab081923075b0f10190728da4aa399eab3b15860b6c,last measured link for case/label,f5383d7244a37597021b8400ee17243e46a3497d27a2b7aff227c3475d0d306d,"[""taskset"",""-c"",""32-63"",""/home/callen/work/mold-next-20261006/bin/h2"",""@response.txt"",""-o"",""codex-next.out"",""--no-fork"",""--strip-debug""]",/home/callen/work/mold-bench/wl/ra.d,24,113.88421850278974,120.82122499123216,124.66071080416441,124.66071080416441,1644.8605,310.7075,1951.7455,1417.173828125,1430.3671875
next-20261006,screen-third.json,hello,baseline,{},True,default,32-63,False,reused,1,,,,,topics/s2-assignment-counts/counts.json,False,True,529467bd57e056195fb71065d51881e0265e4bfabd6d879b2563a2ec9172f184,f8638be95ae14954ec3b1029e6008128d7a27f1b,original_topic_baseline,f8638be95ae14954ec3b1029e6008128d7a27f1b,006bcd0f9f50ce2c1d0660c43cf9b03f51534970,parent frozen baseline,7277a7318c05b3cb221c9ddc1995bba0deea7b291589fb6ce0ccf8f3857e3d80,last measured link for case/label,f598392569b058ec31a1653eb45793b1bcd3e872ed87f7b07fa3f8e3e9640cb1,"[""taskset"",""-c"",""32-63"",""/home/callen/work/mold-next-20261006/bin/baseline"",""@response.txt"",""-o"",""codex-next.out"",""--no-fork""]",/home/callen/work/mold-bench/wl/hello/cur,24,4.1010878048837185,4.560059402137995,4.750458057969809,4.750458057969809,2.0584999999999996,1.8584999999999998,3.947,16.46484375,16.5390625
next-20261006,screen-third.json,hello,ms3,{},True,default,32-63,False,reused,1,,,,,topics/s2-assignment-counts/counts.json,False,True,c906164968f14eb8db38c6c713f5d94f4a25d2974074a3555cab52baf5a20871,8db6b72248d04d4feefc0d788fea9f9c0cfbab0f,original_topic_baseline,f8638be95ae14954ec3b1029e6008128d7a27f1b,4b5b5c23c6c78a518a1e0422ee105e655491c48c,MS3 owner build,7277a7318c05b3cb221c9ddc1995bba0deea7b291589fb6ce0ccf8f3857e3d80,last measured link for case/label,f598392569b058ec31a1653eb45793b1bcd3e872ed87f7b07fa3f8e3e9640cb1,"[""taskset"",""-c"",""32-63"",""/home/callen/work/mold-next-20261006/bin/ms3"",""@response.txt"",""-o"",""codex-next.out"",""--no-fork""]",/home/callen/work/mold-bench/wl/hello/cur,24,4.188932245597243,4.646780900657177,4.65344125404954,4.65344125404954,2.0415,1.8979999999999997,4.0235,16.443359375,16.53125
next-20261006,screen-third.json,hello,cr3,{},True,default,32-63,False,reused,1,,,,,topics/s2-assignment-counts/counts.json,False,True,65922b71ffec0cc17fbb22438433176ea3403a1f84cb00203bb13ebb80edc591,f760835736645b1ba7e3d24a1e48b301376ef7a6,original_topic_baseline,f8638be95ae14954ec3b1029e6008128d7a27f1b,b40627654b65718adb11e60418d8e7af9818bb67,CR owner message,7277a7318c05b3cb221c9ddc1995bba0deea7b291589fb6ce0ccf8f3857e3d80,last measured link for case/label,f598392569b058ec31a1653eb45793b1bcd3e872ed87f7b07fa3f8e3e9640cb1,"[""taskset"",""-c"",""32-63"",""/home/callen/work/mold-next-20261006/bin/cr3"",""@response.txt"",""-o"",""codex-next.out"",""--no-fork""]",/home/callen/work/mold-bench/wl/hello/cur,24,4.132555797696114,4.367787390947342,4.473356995731592,4.473356995731592,2.008,1.9775,3.9699999999999998,16.474609375,16.54296875
next-20261006,screen-third.json,rhello,baseline,{},True,default,32-63,False,reused,2,,,,,topics/s2-assignment-counts/counts.json,False,True,529467bd57e056195fb71065d51881e0265e4bfabd6d879b2563a2ec9172f184,f8638be95ae14954ec3b1029e6008128d7a27f1b,original_topic_baseline,f8638be95ae14954ec3b1029e6008128d7a27f1b,006bcd0f9f50ce2c1d0660c43cf9b03f51534970,parent frozen baseline,967631a389972f215d294980db400e57627ca2a4fdc60a7316b5bbeb7cf998b6,last measured link for case/label,f598392569b058ec31a1653eb45793b1bcd3e872ed87f7b07fa3f8e3e9640cb1,"[""taskset"",""-c"",""32-63"",""/home/callen/work/mold-next-20261006/bin/baseline"",""@response.txt"",""-o"",""codex-next.out"",""--no-fork""]",/home/callen/work/mold-bench/wl/rhello/cur,24,12.144568376243114,13.003020081669092,14.153175987303257,14.153175987303257,10.9405,8.155999999999999,18.689,46.392578125,48.89453125
next-20261006,screen-third.json,rhello,ms3,{},True,default,32-63,False,reused,2,,,,,topics/s2-assignment-counts/counts.json,False,True,c906164968f14eb8db38c6c713f5d94f4a25d2974074a3555cab52baf5a20871,8db6b72248d04d4feefc0d788fea9f9c0cfbab0f,original_topic_baseline,f8638be95ae14954ec3b1029e6008128d7a27f1b,4b5b5c23c6c78a518a1e0422ee105e655491c48c,MS3 owner build,967631a389972f215d294980db400e57627ca2a4fdc60a7316b5bbeb7cf998b6,last measured link for case/label,f598392569b058ec31a1653eb45793b1bcd3e872ed87f7b07fa3f8e3e9640cb1,"[""taskset"",""-c"",""32-63"",""/home/callen/work/mold-next-20261006/bin/ms3"",""@response.txt"",""-o"",""codex-next.out"",""--no-fork""]",/home/callen/work/mold-bench/wl/rhello/cur,24,12.01367937028408,13.626186177134514,15.230651013553143,15.230651013553143,10.3385,8.3745,18.612499999999997,52.38671875,53.58984375
next-20261006,screen-third.json,rhello,cr3,{},True,default,32-63,False,reused,2,,,,,topics/s2-assignment-counts/counts.json,False,True,65922b71ffec0cc17fbb22438433176ea3403a1f84cb00203bb13ebb80edc591,f760835736645b1ba7e3d24a1e48b301376ef7a6,original_topic_baseline,f8638be95ae14954ec3b1029e6008128d7a27f1b,b40627654b65718adb11e60418d8e7af9818bb67,CR owner message,967631a389972f215d294980db400e57627ca2a4fdc60a7316b5bbeb7cf998b6,last measured link for case/label,f598392569b058ec31a1653eb45793b1bcd3e872ed87f7b07fa3f8e3e9640cb1,"[""taskset"",""-c"",""32-63"",""/home/callen/work/mold-next-20261006/bin/cr3"",""@response.txt"",""-o"",""codex-next.out"",""--no-fork""]",/home/callen/work/mold-bench/wl/rhello/cur,24,11.942886747419834,13.08740908280015,13.890197034925222,13.890197034925222,11.8295,6.67,18.53,46.361328125,48.453125
next-20261006,screen-third.json,tblgen,baseline,{},True,default,32-63,False,reused,12,,,,,topics/s2-assignment-counts/counts.json,False,True,529467bd57e056195fb71065d51881e0265e4bfabd6d879b2563a2ec9172f184,f8638be95ae14954ec3b1029e6008128d7a27f1b,original_topic_baseline,f8638be95ae14954ec3b1029e6008128d7a27f1b,006bcd0f9f50ce2c1d0660c43cf9b03f51534970,parent frozen baseline,63b068abefeb622662818685a0794d8e5c7e8a5d651213eda3577810ea3369cd,last measured link for case/label,f598392569b058ec31a1653eb45793b1bcd3e872ed87f7b07fa3f8e3e9640cb1,"[""taskset"",""-c"",""32-63"",""/home/callen/work/mold-next-20261006/bin/baseline"",""@response.txt"",""-o"",""codex-next.out"",""--no-fork""]",/home/callen/work/mold-bench/wl/tblgen/cur,24,17.72625301964581,18.68875790387392,18.759917002171278,18.759917002171278,73.15299999999999,41.2915,111.7345,178.822265625,181.5234375
next-20261006,screen-third.json,tblgen,ms3,{},True,default,32-63,False,reused,12,,,,,topics/s2-assignment-counts/counts.json,False,True,c906164968f14eb8db38c6c713f5d94f4a25d2974074a3555cab52baf5a20871,8db6b72248d04d4feefc0d788fea9f9c0cfbab0f,original_topic_baseline,f8638be95ae14954ec3b1029e6008128d7a27f1b,4b5b5c23c6c78a518a1e0422ee105e655491c48c,MS3 owner build,63b068abefeb622662818685a0794d8e5c7e8a5d651213eda3577810ea3369cd,last measured link for case/label,f598392569b058ec31a1653eb45793b1bcd3e872ed87f7b07fa3f8e3e9640cb1,"[""taskset"",""-c"",""32-63"",""/home/callen/work/mold-next-20261006/bin/ms3"",""@response.txt"",""-o"",""codex-next.out"",""--no-fork""]",/home/callen/work/mold-bench/wl/tblgen/cur,24,18.71912437491119,20.004235208034515,20.211600232869387,20.211600232869387,66.6465,55.45399999999999,119.717,239.060546875,248.21875
next-20261006,screen-third.json,tblgen,cr3,{},True,default,32-63,False,reused,12,,,,,topics/s2-assignment-counts/counts.json,False,True,65922b71ffec0cc17fbb22438433176ea3403a1f84cb00203bb13ebb80edc591,f760835736645b1ba7e3d24a1e48b301376ef7a6,original_topic_baseline,f8638be95ae14954ec3b1029e6008128d7a27f1b,b40627654b65718adb11e60418d8e7af9818bb67,CR owner message,63b068abefeb622662818685a0794d8e5c7e8a5d651213eda3577810ea3369cd,last measured link for case/label,f598392569b058ec31a1653eb45793b1bcd3e872ed87f7b07fa3f8e3e9640cb1,"[""taskset"",""-c"",""32-63"",""/home/callen/work/mold-next-20261006/bin/cr3"",""@response.txt"",""-o"",""codex-next.out"",""--no-fork""]",/home/callen/work/mold-bench/wl/tblgen/cur,24,18.516101175919175,19.40875081345439,19.436171744018793,19.436171744018793,71.167,49.872,120.24949999999998,178.650390625,182.25390625
next-20261006,screen-third.json,lld,baseline,{},True,default,32-63,False,reused,32,,,,,topics/s2-assignment-counts/counts.json,False,True,529467bd57e056195fb71065d51881e0265e4bfabd6d879b2563a2ec9172f184,f8638be95ae14954ec3b1029e6008128d7a27f1b,original_topic_baseline,f8638be95ae14954ec3b1029e6008128d7a27f1b,006bcd0f9f50ce2c1d0660c43cf9b03f51534970,parent frozen baseline,5de7d2ef5dc164818fdbdb3d53d1f433c4bf90a9755bdce13b88e694fafcb763,last measured link for case/label,f598392569b058ec31a1653eb45793b1bcd3e872ed87f7b07fa3f8e3e9640cb1,"[""taskset"",""-c"",""32-63"",""/home/callen/work/mold-next-20261006/bin/baseline"",""@response.txt"",""-o"",""codex-next.out"",""--no-fork""]",/home/callen/work/mold-bench/wl/lld/cur,24,201.35350851342082,207.3860070668161,209.30156204849482,209.30156204849482,1255.608,3082.861,4364.7029999999995,2724.92578125,2759.390625
next-20261006,screen-third.json,lld,ms3,{},True,default,32-63,False,reused,32,,,,,topics/s2-assignment-counts/counts.json,False,True,c906164968f14eb8db38c6c713f5d94f4a25d2974074a3555cab52baf5a20871,8db6b72248d04d4feefc0d788fea9f9c0cfbab0f,original_topic_baseline,f8638be95ae14954ec3b1029e6008128d7a27f1b,4b5b5c23c6c78a518a1e0422ee105e655491c48c,MS3 owner build,5de7d2ef5dc164818fdbdb3d53d1f433c4bf90a9755bdce13b88e694fafcb763,last measured link for case/label,f598392569b058ec31a1653eb45793b1bcd3e872ed87f7b07fa3f8e3e9640cb1,"[""taskset"",""-c"",""32-63"",""/home/callen/work/mold-next-20261006/bin/ms3"",""@response.txt"",""-o"",""codex-next.out"",""--no-fork""]",/home/callen/work/mold-bench/wl/lld/cur,24,202.02198205515742,209.6835128031671,210.87513165548444,210.87513165548444,1218.4144999999999,3034.2965,4276.039000000001,3085.060546875,3117.75390625
next-20261006,screen-third.json,lld,cr3,{},True,default,32-63,False,reused,32,,,,,topics/s2-assignment-counts/counts.json,False,True,65922b71ffec0cc17fbb22438433176ea3403a1f84cb00203bb13ebb80edc591,f760835736645b1ba7e3d24a1e48b301376ef7a6,original_topic_baseline,f8638be95ae14954ec3b1029e6008128d7a27f1b,b40627654b65718adb11e60418d8e7af9818bb67,CR owner message,5de7d2ef5dc164818fdbdb3d53d1f433c4bf90a9755bdce13b88e694fafcb763,last measured link for case/label,f598392569b058ec31a1653eb45793b1bcd3e872ed87f7b07fa3f8e3e9640cb1,"[""taskset"",""-c"",""32-63"",""/home/callen/work/mold-next-20261006/bin/cr3"",""@response.txt"",""-o"",""codex-next.out"",""--no-fork""]",/home/callen/work/mold-bench/wl/lld/cur,24,201.4786524232477,209.12880077958107,212.51556044444442,212.51556044444442,1397.2365,3081.8755,4457.472,2726.8203125,2761.16015625
next-20261006,screen-third.json,clang,baseline,{},True,default,32-63,False,reused,32,,,,,topics/s2-assignment-counts/counts.json,False,True,529467bd57e056195fb71065d51881e0265e4bfabd6d879b2563a2ec9172f184,f8638be95ae14954ec3b1029e6008128d7a27f1b,original_topic_baseline,f8638be95ae14954ec3b1029e6008128d7a27f1b,006bcd0f9f50ce2c1d0660c43cf9b03f51534970,parent frozen baseline,3fa34d9efa75ab05e4a553e9116f5943bd6a3defa8ba3b3c017b1aef37216c88,last measured link for case/label,f598392569b058ec31a1653eb45793b1bcd3e872ed87f7b07fa3f8e3e9640cb1,"[""taskset"",""-c"",""32-63"",""/home/callen/work/mold-next-20261006/bin/baseline"",""@response.txt"",""-o"",""codex-next.out"",""--no-fork""]",/home/callen/work/mold-bench/wl/clang.d,24,237.1283455286175,246.15261889994144,248.50751273334026,248.50751273334026,2131.0199999999995,3865.1014999999998,5996.130999999999,4703.265625,4732.19140625
next-20261006,screen-third.json,clang,ms3,{},True,default,32-63,False,reused,32,,,,,topics/s2-assignment-counts/counts.json,False,True,c906164968f14eb8db38c6c713f5d94f4a25d2974074a3555cab52baf5a20871,8db6b72248d04d4feefc0d788fea9f9c0cfbab0f,original_topic_baseline,f8638be95ae14954ec3b1029e6008128d7a27f1b,4b5b5c23c6c78a518a1e0422ee105e655491c48c,MS3 owner build,3fa34d9efa75ab05e4a553e9116f5943bd6a3defa8ba3b3c017b1aef37216c88,last measured link for case/label,f598392569b058ec31a1653eb45793b1bcd3e872ed87f7b07fa3f8e3e9640cb1,"[""taskset"",""-c"",""32-63"",""/home/callen/work/mold-next-20261006/bin/ms3"",""@response.txt"",""-o"",""codex-next.out"",""--no-fork""]",/home/callen/work/mold-bench/wl/clang.d,24,236.16706696338952,244.0897487103939,244.28969202563167,244.28969202563167,2094.0650000000005,3989.3565000000003,6134.014,5051.232421875,5082.109375
next-20261006,screen-third.json,clang,cr3,{},True,default,32-63,False,reused,32,,,,,topics/s2-assignment-counts/counts.json,False,True,65922b71ffec0cc17fbb22438433176ea3403a1f84cb00203bb13ebb80edc591,f760835736645b1ba7e3d24a1e48b301376ef7a6,original_topic_baseline,f8638be95ae14954ec3b1029e6008128d7a27f1b,b40627654b65718adb11e60418d8e7af9818bb67,CR owner message,3fa34d9efa75ab05e4a553e9116f5943bd6a3defa8ba3b3c017b1aef37216c88,last measured link for case/label,f598392569b058ec31a1653eb45793b1bcd3e872ed87f7b07fa3f8e3e9640cb1,"[""taskset"",""-c"",""32-63"",""/home/callen/work/mold-next-20261006/bin/cr3"",""@response.txt"",""-o"",""codex-next.out"",""--no-fork""]",/home/callen/work/mold-bench/wl/clang.d,24,234.28087518550456,244.01933187618852,246.10572773963213,246.10572773963213,2376.2,3586.618,6029.32,4703.705078125,4722.35546875
next-20261006,screen-third.json,clang-s,baseline,{},True,default,32-63,False,reused,32,,,,,topics/s2-assignment-counts/counts.json,False,True,529467bd57e056195fb71065d51881e0265e4bfabd6d879b2563a2ec9172f184,f8638be95ae14954ec3b1029e6008128d7a27f1b,original_topic_baseline,f8638be95ae14954ec3b1029e6008128d7a27f1b,006bcd0f9f50ce2c1d0660c43cf9b03f51534970,parent frozen baseline,982ccb2f6847c86c8c5fc9e63631c3b3fb4276b3ecf4a808c55100a032a80c28,last measured link for case/label,f598392569b058ec31a1653eb45793b1bcd3e872ed87f7b07fa3f8e3e9640cb1,"[""taskset"",""-c"",""32-63"",""/home/callen/work/mold-next-20261006/bin/baseline"",""@response.txt"",""-o"",""codex-next.out"",""--no-fork"",""--strip-debug""]",/home/callen/work/mold-bench/wl/clang.d,24,57.82347545027733,70.94339793547988,71.20707910507917,71.20707910507917,843.882,256.6375,1101.174,1364.2578125,1397.625
next-20261006,screen-third.json,clang-s,ms3,{},True,default,32-63,False,reused,32,,,,,topics/s2-assignment-counts/counts.json,False,True,c906164968f14eb8db38c6c713f5d94f4a25d2974074a3555cab52baf5a20871,8db6b72248d04d4feefc0d788fea9f9c0cfbab0f,original_topic_baseline,f8638be95ae14954ec3b1029e6008128d7a27f1b,4b5b5c23c6c78a518a1e0422ee105e655491c48c,MS3 owner build,982ccb2f6847c86c8c5fc9e63631c3b3fb4276b3ecf4a808c55100a032a80c28,last measured link for case/label,f598392569b058ec31a1653eb45793b1bcd3e872ed87f7b07fa3f8e3e9640cb1,"[""taskset"",""-c"",""32-63"",""/home/callen/work/mold-next-20261006/bin/ms3"",""@response.txt"",""-o"",""codex-next.out"",""--no-fork"",""--strip-debug""]",/home/callen/work/mold-bench/wl/clang.d,24,57.80381499789655,65.8745770342648,69.16489033028483,69.16489033028483,850.4994999999999,265.4465,1118.716,1380.458984375,1403.03125
next-20261006,screen-third.json,clang-s,cr3,{},True,default,32-63,False,reused,32,,,,,topics/s2-assignment-counts/counts.json,False,True,65922b71ffec0cc17fbb22438433176ea3403a1f84cb00203bb13ebb80edc591,f760835736645b1ba7e3d24a1e48b301376ef7a6,original_topic_baseline,f8638be95ae14954ec3b1029e6008128d7a27f1b,b40627654b65718adb11e60418d8e7af9818bb67,CR owner message,982ccb2f6847c86c8c5fc9e63631c3b3fb4276b3ecf4a808c55100a032a80c28,last measured link for case/label,f598392569b058ec31a1653eb45793b1bcd3e872ed87f7b07fa3f8e3e9640cb1,"[""taskset"",""-c"",""32-63"",""/home/callen/work/mold-next-20261006/bin/cr3"",""@response.txt"",""-o"",""codex-next.out"",""--no-fork"",""--strip-debug""]",/home/callen/work/mold-bench/wl/clang.d,24,59.61812846362591,65.51170675083995,72.5624249316752,72.5624249316752,858.4479999999999,242.24849999999998,1095.3715,1366.0546875,1384.8359375
next-20261006,screen-third.json,ra,baseline,{},True,default,32-63,False,reused,32,,,,,topics/s2-assignment-counts/counts.json,False,True,529467bd57e056195fb71065d51881e0265e4bfabd6d879b2563a2ec9172f184,f8638be95ae14954ec3b1029e6008128d7a27f1b,original_topic_baseline,f8638be95ae14954ec3b1029e6008128d7a27f1b,006bcd0f9f50ce2c1d0660c43cf9b03f51534970,parent frozen baseline,c54bb48368d1b75376996429c790ab2e8895d835a4a9c466d93bfa77274d4947,last measured link for case/label,f598392569b058ec31a1653eb45793b1bcd3e872ed87f7b07fa3f8e3e9640cb1,"[""taskset"",""-c"",""32-63"",""/home/callen/work/mold-next-20261006/bin/baseline"",""@response.txt"",""-o"",""codex-next.out"",""--no-fork""]",/home/callen/work/mold-bench/wl/ra.d,24,136.46014709956944,166.99373302981257,167.24448325112462,167.24448325112462,1949.5394999999999,374.66949999999997,2324.218,2016.470703125,2038.69140625
next-20261006,screen-third.json,ra,ms3,{},True,default,32-63,False,reused,32,,,,,topics/s2-assignment-counts/counts.json,False,True,c906164968f14eb8db38c6c713f5d94f4a25d2974074a3555cab52baf5a20871,8db6b72248d04d4feefc0d788fea9f9c0cfbab0f,original_topic_baseline,f8638be95ae14954ec3b1029e6008128d7a27f1b,4b5b5c23c6c78a518a1e0422ee105e655491c48c,MS3 owner build,c54bb48368d1b75376996429c790ab2e8895d835a4a9c466d93bfa77274d4947,last measured link for case/label,f598392569b058ec31a1653eb45793b1bcd3e872ed87f7b07fa3f8e3e9640cb1,"[""taskset"",""-c"",""32-63"",""/home/callen/work/mold-next-20261006/bin/ms3"",""@response.txt"",""-o"",""codex-next.out"",""--no-fork""]",/home/callen/work/mold-bench/wl/ra.d,24,134.79562546126544,156.2809469178319,164.0345728956163,164.0345728956163,1931.339,375.97249999999997,2329.509,2075.560546875,2090.0546875
next-20261006,screen-third.json,ra,cr3,{},True,default,32-63,False,reused,32,,,,,topics/s2-assignment-counts/counts.json,False,True,65922b71ffec0cc17fbb22438433176ea3403a1f84cb00203bb13ebb80edc591,f760835736645b1ba7e3d24a1e48b301376ef7a6,original_topic_baseline,f8638be95ae14954ec3b1029e6008128d7a27f1b,b40627654b65718adb11e60418d8e7af9818bb67,CR owner message,c54bb48368d1b75376996429c790ab2e8895d835a4a9c466d93bfa77274d4947,last measured link for case/label,f598392569b058ec31a1653eb45793b1bcd3e872ed87f7b07fa3f8e3e9640cb1,"[""taskset"",""-c"",""32-63"",""/home/callen/work/mold-next-20261006/bin/cr3"",""@response.txt"",""-o"",""codex-next.out"",""--no-fork""]",/home/callen/work/mold-bench/wl/ra.d,24,136.15422253496945,160.07076809182763,162.5509220175445,162.5509220175445,1951.3125,360.82349999999997,2311.777,2015.89453125,2030.05859375
next-20261006,screen-third.json,ra-s,baseline,{},True,default,32-63,False,reused,32,,,,,topics/s2-assignment-counts/counts.json,False,True,529467bd57e056195fb71065d51881e0265e4bfabd6d879b2563a2ec9172f184,f8638be95ae14954ec3b1029e6008128d7a27f1b,original_topic_baseline,f8638be95ae14954ec3b1029e6008128d7a27f1b,006bcd0f9f50ce2c1d0660c43cf9b03f51534970,parent frozen baseline,5b7b53af257f19a253831ab081923075b0f10190728da4aa399eab3b15860b6c,last measured link for case/label,f598392569b058ec31a1653eb45793b1bcd3e872ed87f7b07fa3f8e3e9640cb1,"[""taskset"",""-c"",""32-63"",""/home/callen/work/mold-next-20261006/bin/baseline"",""@response.txt"",""-o"",""codex-next.out"",""--no-fork"",""--strip-debug""]",/home/callen/work/mold-bench/wl/ra.d,24,111.1844633705914,121.44644977524877,123.0320162139833,123.0320162139833,1650.163,313.29949999999997,1976.878,1418.52734375,1432.29296875
next-20261006,screen-third.json,ra-s,ms3,{},True,default,32-63,False,reused,32,,,,,topics/s2-assignment-counts/counts.json,False,True,c906164968f14eb8db38c6c713f5d94f4a25d2974074a3555cab52baf5a20871,8db6b72248d04d4feefc0d788fea9f9c0cfbab0f,original_topic_baseline,f8638be95ae14954ec3b1029e6008128d7a27f1b,4b5b5c23c6c78a518a1e0422ee105e655491c48c,MS3 owner build,5b7b53af257f19a253831ab081923075b0f10190728da4aa399eab3b15860b6c,last measured link for case/label,f598392569b058ec31a1653eb45793b1bcd3e872ed87f7b07fa3f8e3e9640cb1,"[""taskset"",""-c"",""32-63"",""/home/callen/work/mold-next-20261006/bin/ms3"",""@response.txt"",""-o"",""codex-next.out"",""--no-fork"",""--strip-debug""]",/home/callen/work/mold-bench/wl/ra.d,24,109.64818741194904,118.84173657745123,124.94607036933303,124.94607036933303,1646.9295,323.3115,1994.723,1420.357421875,1439.37109375
next-20261006,screen-third.json,ra-s,cr3,{},True,default,32-63,False,reused,32,,,,,topics/s2-assignment-counts/counts.json,False,True,65922b71ffec0cc17fbb22438433176ea3403a1f84cb00203bb13ebb80edc591,f760835736645b1ba7e3d24a1e48b301376ef7a6,original_topic_baseline,f8638be95ae14954ec3b1029e6008128d7a27f1b,b40627654b65718adb11e60418d8e7af9818bb67,CR owner message,5b7b53af257f19a253831ab081923075b0f10190728da4aa399eab3b15860b6c,last measured link for case/label,f598392569b058ec31a1653eb45793b1bcd3e872ed87f7b07fa3f8e3e9640cb1,"[""taskset"",""-c"",""32-63"",""/home/callen/work/mold-next-20261006/bin/cr3"",""@response.txt"",""-o"",""codex-next.out"",""--no-fork"",""--strip-debug""]",/home/callen/work/mold-bench/wl/ra.d,24,112.5978531781584,119.74741099402308,120.01282395794988,120.01282395794988,1657.3625,306.315,1972.515,1416.337890625,1436.31640625
